1.5,1.5,-71.74964195,-69.78764716,-76.79345364,-65.79152123,-63.51763571,-44.15359967,-67.03852795,-70.46480846
1.5,3,-71.36679959,-68.02703842,-80.2126881,-64.39003412,-74.29981626,-52.20249401,-64.0791471,-70.82576011
1.5,4.5,-68.79153177,-62.46828775,-75.29673653,-64.29056964,-64.07398665,-54.46891637,-67.80380791,-68.24868273
1.5,6,-65.90853809,-62.99194494,-71.83706699,-62.97322881,-63.26675491,-57.68466104,-66.44040138,-71.2243006
1.5,7.5,-68.38679445,-65.90125821,-75.6692036,-65.0286199,-62.27630592,-55.08377082,-65.9235636,-70.0955693
1.5,9,-69.25531081,-65.22598296,-77.54781659,-56.68441621,-65.34711948,-56.11425374,-65.49158774,-71.32659459
1.5,10.5,-67.53985018,-71.45101563,-76.00070903,-53.17069472,-66.35658009,-58.25132151,-63.60341891,-72.69523035
1.5,12,-66.77234408,-70.97065466,-74.39752515,-57.27858624,-70.27331833,-62.20662199,-66.05235908,-68.86177364
1.5,13.5,-69.95488427,-74.80524993,-69.64686952,-51.51684409,-73.53724505,-62.42594922,-68.69973158,-70.15442584
1.5,15,-68.0265789,-67.76586999,-68.60359871,-44.08719658,-75.2325369,-59.73404019,-72.1555626,-70.81791375
1.5,16.5,-62.60933047,-62.35604542,-66.55120532,-56.73837739,-75.19324242,-65.49560134,-72.13855411,-75.09443729
1.5,18,-62.24417595,-60.6964979,-66.3211969,-59.00030323,-75.67797501,-62.88325525,-77.0772333,-73.36436894
1.5,19.5,-61.40584233,-60.04254124,-74.7477792,-65.22448241,-68.06450066,-63.04084508,-71.55382007,-73.78750088
1.5,21,-64.8109994,-62.92458025,-69.34252466,-59.86125323,-66.11489546,-62.26227959,-67.87003967,-75.32423857
1.5,22.5,-61.52001739,-67.01183603,-64.83063479,-60.58114124,-64.93986246,-63.83267829,-63.82662843,-77.81968061
1.5,24,-66.84164708,-63.07618362,-67.57795126,-64.53317589,-70.38797471,-61.77927123,-66.98737459,-76.84587894
1.5,25.5,-58.05833519,-63.43915019,-69.02906646,-64.36411139,-77.36766411,-62.77084909,-68.56608852,-78.18511659
1.5,27,-57.1441987,-63.1109182,-70.9975092,-67.98507411,-70.75661577,-63.94845796,-71.69641531,-78.60915532
3,27,-63.04993114,-64.84398229,-72.84484645,-67.48593861,-74.23615578,-63.63183824,-69.98117597,-77.64233522
3,25.5,-61.79379918,-64.71560233,-69.08781452,-65.17099582,-72.30142432,-61.32803871,-67.63969643,-78.91877134
3,24,-64.51140672,-59.32902778,-67.97206073,-65.06559554,-74.2613146,-61.00616269,-66.04970151,-74.80480326
3,22.5,-65.09834338,-57.86823487,-67.50674457,-68.95923724,-69.30060069,-60.59057931,-66.59247345,-73.10549622
3,21,-64.26519503,-62.05462616,-75.26466317,-63.09952758,-64.76926809,-65.2967284,-64.79854347,-72.02590917
3,19.5,-65.07148432,-61.78402689,-66.56320894,-59.42469598,-67.76742249,-61.01828025,-67.01033889,-74.99881267
3,18,-62.75036085,-62.23145472,-66.89102844,-60.20561059,-68.96682342,-64.04884896,-68.02712995,-69.78039092
3,16.5,-67.00151973,-68.10873649,-65.47776662,-55.056931,-74.71817834,-64.1721101,-73.74524047,-71.38163423
3,15,-67.38056308,-68.87375743,-67.70318113,-55.1090591,-78.01979286,-62.16031125,-71.5201902,-74.16292092
3,13.5,-68.67630261,-74.8763397,-70.68564848,-52.78110885,-75.24135695,-60.98753949,-71.56100116,-69.38133738
3,12,-70.9710748,-72.27518753,-72.33831983,-58.16467112,-71.77517495,-62.35600477,-66.59675769,-71.88210346
3,10.5,-69.01739099,-67.67612568,-78.82552675,-59.38811759,-65.57951798,-58.32566594,-61.50668788,-74.93680112
3,9,-70.53243842,-61.73370838,-73.88685714,-62.6304415,-62.70815953,-55.65945218,-65.80700924,-76.20973539
3,7.5,-71.17775485,-64.6985391,-75.08623574,-64.08761757,-63.19853233,-53.78961934,-63.84814188,-68.13220445
3,6,-72.16251786,-64.77498502,-68.03047523,-61.78691462,-65.22960262,-57.60917926,-63.6986707,-65.94260414
3,4.5,-71.37589401,-65.00308218,-73.82762638,-60.98182121,-75.47539836,-56.18286452,-64.82887967,-66.91235399
3,3,-74.85486493,-64.93753796,-77.0087213,-63.91088655,-65.30611245,-52.57329349,-68.69816399,-75.77796134
3,1.5,-72.18930707,-69.10089727,-81.09699501,-67.02829236,-62.81144113,-52.42561109,-66.02902952,-71.1918012
4.5,1.5,-73.34584513,-74.02410766,-81.57436176,-72.89641232,-62.65971755,-59.08446765,-67.79497139,-75.24364629
4.5,3,-70.49105911,-72.14512386,-76.93785838,-66.35371133,-64.84051943,-58.63572666,-65.08628991,-71.8083477
4.5,4.5,-69.83628693,-73.45973841,-75.93733831,-69.3975055,-70.02151459,-58.55778117,-62.84144369,-76.62289043
4.5,6,-68.28518466,-68.13050595,-72.15986931,-65.65489453,-65.86236084,-56.54260114,-64.92959815,-69.91752585
4.5,7.5,-73.71075142,-65.979177,-69.76035214,-69.40085732,-62.87022597,-55.47139827,-61.64901965,-71.87151827
4.5,9,-66.66118572,-63.74553594,-70.06848836,-64.43697275,-66.4087051,-57.80945696,-62.73592889,-73.65266758
4.5,10.5,-72.74922467,-68.37200069,-75.35219213,-58.82143336,-69.51503376,-58.72947133,-67.66561903,-70.8725828
4.5,12,-71.56703404,-69.13878848,-80.78357452,-62.93073388,-67.96972314,-60.10957933,-69.89854125,-66.36593024
4.5,13.5,-67.38901347,-66.07531241,-74.37351311,-54.05995712,-74.91788333,-61.34501919,-68.15470795,-72.16623636
4.5,15,-68.50162739,-65.94254858,-66.84602443,-52.18107665,-76.73909198,-63.5016302,-68.39287366,-68.67169527
4.5,16.5,-67.66322298,-72.36393986,-63.60089044,-59.30021986,-75.52439265,-66.34166855,-68.60254535,-67.61903912
4.5,18,-62.19143145,-72.64499286,-66.43249954,-62.43148631,-73.29684018,-69.06425743,-68.35188664,-72.43390918
4.5,19.5,-61.78605165,-62.83427254,-70.20579415,-61.68506904,-63.89934302,-65.4851752,-68.21991908,-72.62677567
4.5,21,-67.58144677,-57.85510889,-74.82160505,-62.40738045,-64.06809707,-63.87237285,-65.78573206,-71.85749967
4.5,22.5,-64.73556924,-56.80995249,-67.39317366,-61.5688182,-72.55914798,-62.34804499,-67.12584786,-72.948354
4.5,24,-60.14665653,-59.27273967,-69.88306579,-63.49975741,-78.67988703,-60.88433922,-74.32440318,-74.874645
4.5,25.5,-61.46292224,-57.16982311,-65.48631034,-66.47737456,-68.32452469,-61.16799259,-71.76894098,-76.88319682
4.5,27,-62.69367076,-59.57291859,-68.38027774,-66.68344385,-71.69467337,-64.91611594,-72.83459924,-78.79745995
6,27,-63.63029337,-59.25097047,-71.23547738,-64.5004056,-72.21714174,-69.51258724,-70.36292934,-77.78910693
6,25.5,-66.54498427,-53.74274308,-68.76129429,-63.75869457,-71.94127552,-63.52168324,-67.11007196,-80.79376818
6,24,-63.99550142,-58.58194278,-69.45529743,-62.22943915,-66.3363765,-62.33895524,-69.22596742,-74.86788072
6,22.5,-64.1121439,-58.00098251,-76.91478504,-67.66384358,-70.82435118,-61.99710561,-72.36495987,-71.61893828
6,21,-72.41912491,-62.3786496,-72.78100016,-59.55605091,-66.18318494,-66.91280904,-73.45470866,-72.55090437
6,19.5,-61.84856121,-69.35125317,-69.52652255,-64.73844279,-64.61529072,-66.27263627,-72.05030382,-68.96623138
6,18,-64.72002989,-65.24542013,-66.52652022,-66.17400326,-64.55695473,-66.7275573,-67.12013154,-70.15770827
6,16.5,-66.4881968,-62.33166398,-70.72804791,-63.94788604,-68.07656679,-63.51499212,-66.67336001,-76.01543345
6,15,-67.59293687,-63.58092916,-74.79472838,-65.02418155,-73.49959356,-60.47465755,-65.83832812,-63.45113211
6,13.5,-67.94231876,-66.25101521,-78.02227042,-61.19705098,-71.3455344,-59.15005179,-59.54580039,-66.32512188
6,12,-67.89255409,-65.83895181,-71.90930503,-67.07209551,-71.91078539,-60.73665969,-60.70804863,-70.8192452
6,10.5,-71.19284582,-75.09523909,-67.66808762,-68.48736086,-69.05074807,-59.72691057,-69.03026365,-70.29425948
6,9,-70.15951122,-72.32458718,-69.44413828,-64.32032671,-71.37047254,-57.73867019,-68.99899046,-75.34066688
6,7.5,-72.52379222,-71.21324886,-71.38312386,-69.11652526,-71.58813931,-58.8424975,-59.87711617,-79.90963013
6,6,-72.30012775,-71.95659522,-73.44105441,-65.48223227,-73.04178874,-59.24528851,-59.82082605,-74.00686112
6,4.5,-70.77041981,-70.16266515,-79.73314712,-69.73770871,-68.39848347,-56.82581826,-63.84309107,-70.43796765
6,3,-75.23369366,-64.56081075,-78.10877191,-65.95951043,-63.27463603,-54.58381538,-63.07342326,-70.88198207
6,1.5,-72.88974669,-68.05966791,-75.58600315,-68.91645764,-62.92292927,-58.02234247,-66.85120951,-70.66989068
7.5,1.5,-73.99824827,-68.86603307,-76.95148489,-71.09760975,-63.57464248,-65.07559168,-61.11960706,-63.58588967
7.5,3,-73.08427535,-70.18166243,-77.4353974,-67.68318251,-68.82942792,-57.99293563,-61.38026233,-61.81313756
7.5,4.5,-72.92624953,-73.07925035,-75.31564548,-70.46398702,-69.19680697,-60.94296373,-61.65349318,-61.77975296
7.5,6,-74.32048252,-77.56312148,-79.08836139,-67.28699275,-72.91390211,-60.98706671,-60.89619058,-67.68553111
7.5,7.5,-74.021709,-64.15004941,-71.12540531,-70.8843072,-69.89311287,-59.48135534,-66.46568268,-69.54707054
7.5,9,-73.00844929,-68.00768424,-69.800256,-67.51525762,-70.43293008,-57.36942738,-59.21515264,-67.79090714
7.5,10.5,-70.39181439,-67.7544318,-70.88857458,-66.57207511,-67.77429016,-58.29958583,-61.26625754,-69.55916694
7.5,12,-69.41312671,-71.14888279,-66.74254949,-65.48943933,-67.91677931,-57.22618007,-62.46788978,-66.06814609
7.5,13.5,-70.38804203,-72.81139822,-69.74973431,-66.13159903,-66.03982618,-59.22042872,-61.03968461,-63.19763118
7.5,15,-67.84540208,-59.97885614,-72.08553782,-62.85654472,-73.69228931,-68.32975336,-69.65331724,-67.72802809
7.5,16.5,-71.07508264,-66.03322263,-72.97143172,-64.08890344,-63.74215238,-67.95059684,-67.28631553,-69.21883775
7.5,18,-68.76708357,-62.89958821,-71.48464114,-64.28477482,-66.92901884,-64.08596398,-67.80172444,-72.20994244
7.5,19.5,-65.05829653,-58.6528023,-73.66208046,-64.2037461,-68.65309945,-61.55622867,-65.72379448,-70.21595044
7.5,21,-67.40550251,-59.35115679,-72.34528086,-61.27711098,-71.09052981,-61.78883443,-66.41664055,-68.88093915
7.5,22.5,-64.52498855,-58.73463885,-81.73048127,-65.11921592,-73.81048183,-62.27248183,-63.93927032,-75.555213
7.5,24,-68.73238776,-53.51565105,-65.18560845,-67.9646087,-68.82572604,-65.9515266,-73.70008276,-73.77622384
7.5,25.5,-60.14856219,-51.26614509,-70.58704736,-68.11390397,-68.95946076,-62.16042723,-73.72910172,-73.91459163
7.5,27,-64.14953411,-56.05007926,-63.71155483,-62.11474962,-69.34386838,-68.77747161,-71.5019532,-73.72819929
9,27,-69.51996822,-49.70765507,-64.18047373,-67.84765644,-71.33846396,-74.43961168,-67.89164414,-78.32109518
9,25.5,-70.70159474,-51.98155835,-64.18707453,-68.60613175,-69.55306286,-69.78959949,-68.02830438,-73.92409953
9,24,-67.07582415,-54.5501849,-68.35202573,-72.80466115,-70.84602861,-64.10250021,-65.51523205,-70.07856753
9,22.5,-68.21268574,-58.2750256,-65.61469762,-69.71055039,-66.47093114,-60.22639801,-66.3215734,-71.19275869
9,21,-72.78411509,-56.68406279,-71.28361829,-65.3872866,-66.9417487,-64.98449944,-69.33177786,-70.19621322
9,19.5,-67.80583383,-59.84140646,-71.71617546,-62.42518579,-70.39730022,-66.58466074,-66.65066263,-70.0456273
9,18,-72.15257258,-61.45165784,-74.94998206,-69.36502149,-72.86345327,-71.31376737,-69.27102638,-68.60416885
9,16.5,-73.17341604,-63.54789891,-76.73731497,-61.9192125,-65.33882315,-71.6271548,-66.12805483,-72.36323471
9,15,-70.86813889,-62.57375994,-73.7640977,-70.1389929,-68.96999795,-65.37904543,-64.69526718,-67.95990383
9,13.5,-71.07721178,-64.50524546,-70.18096315,-68.02946449,-63.20327245,-58.5728995,-62.47789887,-68.67407506
9,12,-74.98509824,-69.198741,-68.79743111,-71.20304446,-65.50050929,-60.36540659,-63.79932734,-64.85846162
9,10.5,-75.28044523,-69.38822092,-71.19893308,-68.00135748,-66.93703553,-58.92778765,-58.12485373,-73.82140605
9,9,-70.48684646,-68.8609363,-70.45140796,-64.87424831,-65.28522755,-60.20097781,-56.22403956,-68.35806282
9,7.5,-70.98652331,-67.91659549,-71.13142024,-68.94599704,-65.33071865,-70.46232431,-59.12257193,-67.30600955
9,6,-72.07593639,-65.407936,-70.02430245,-72.98017478,-66.16271935,-56.92142548,-59.26683247,-69.54528301
9,4.5,-73.83592893,-65.03117435,-70.29950716,-71.13715979,-70.17497645,-57.59873709,-56.54288355,-69.97664191
9,3,-76.74013679,-66.29602937,-81.21345753,-67.71790931,-67.97869307,-62.22680895,-51.17352588,-65.38633923
9,1.5,-75.25982078,-67.69277728,-78.12295125,-72.55460166,-66.44581692,-62.5899945,-53.99870134,-60.24349557
10.5,1.5,-70.67531892,-67.49496492,-76.50063096,-76.65179258,-75.44514077,-65.60506462,-46.16168202,-63.56905482
10.5,3,-73.57175769,-69.17158691,-79.59683438,-74.92718534,-66.76677417,-59.62881058,-50.99531841,-64.17899672
10.5,4.5,-73.35333823,-69.67727406,-74.37202587,-72.21638065,-63.80053069,-64.82629498,-53.61631185,-68.24977319
10.5,6,-73.70370335,-65.87473758,-78.12836599,-71.23481202,-62.40385241,-66.46775491,-56.01001424,-70.75023846
10.5,7.5,-76.62055417,-69.2134819,-72.31043872,-72.7464348,-62.01999576,-61.8230716,-57.19206473,-65.59809367
10.5,9,-77.33994743,-71.74417643,-70.0040051,-70.56697617,-62.77592652,-67.28835338,-58.70460412,-62.41770788
10.5,10.5,-73.90798213,-71.15983513,-72.19056895,-70.00356571,-60.79169863,-64.33939689,-62.06417466,-69.79390741
10.5,12,-71.55981826,-67.40892073,-69.9872583,-68.99709195,-61.85287249,-63.3298426,-62.67691998,-71.87536092
10.5,13.5,-70.36382616,-65.82229535,-70.74255436,-68.30119448,-62.98197252,-62.24949411,-61.71240299,-69.50168948
10.5,15,-69.87973655,-67.02547428,-72.46638046,-74.22014864,-74.43846677,-63.64919955,-63.94735955,-67.81335174
10.5,16.5,-70.1193016,-63.01610225,-73.19523563,-66.86004079,-71.15092107,-64.91346346,-68.15508979,-67.43627261
10.5,18,-71.13231542,-63.02839408,-71.50389651,-62.53190876,-66.50270168,-63.8868111,-69.46536574,-68.76705521
10.5,19.5,-76.01141872,-61.86672915,-69.81403795,-70.21241711,-64.91385776,-71.44670071,-66.04528205,-69.81776832
10.5,21,-69.58770935,-57.85307296,-65.15522332,-71.12099196,-65.10155486,-72.37977146,-65.00935607,-67.69177834
10.5,22.5,-74.66343505,-54.72624598,-62.91008931,-71.97885271,-70.05525088,-65.14128718,-59.74691634,-71.75601389
10.5,24,-69.57612496,-59.74480649,-63.77903817,-63.21976293,-67.07134223,-63.25970815,-66.40726271,-72.70122078
10.5,25.5,-70.01712894,-52.38096984,-63.58038549,-71.02728199,-67.19987038,-69.5648235,-64.49565481,-77.01569872
10.5,27,-68.34045064,-43.95691771,-66.32288668,-72.37033788,-72.74866726,-68.90419149,-67.90528846,-75.53069354
12,27,-71.23456669,-51.38633528,-69.23067656,-75.67593797,-73.37974778,-68.09455354,-66.34121955,-72.44576636
12,25.5,-70.75159694,-53.51876112,-68.54532797,-67.8374283,-68.8834427,-68.57053804,-65.82071745,-72.95172951
12,24,-70.39991517,-60.13226819,-71.93272,-69.39062416,-71.62520433,-71.18486529,-65.04757062,-71.99771199
12,22.5,-72.75256387,-60.96716653,-69.49653254,-67.74162819,-66.11998396,-70.33524592,-65.18805919,-73.37365758
12,21,-70.3203999,-61.24069287,-65.99228909,-74.10901854,-66.12538146,-65.57529581,-65.37194593,-75.70296524
12,19.5,-75.70322762,-60.56596713,-71.27925262,-69.29190715,-64.34424104,-61.27842196,-65.486701,-71.68377712
12,18,-76.758473,-63.90123831,-69.1315212,-67.17578718,-63.77564249,-62.04074717,-68.5558187,-71.72456523
12,16.5,-75.54525567,-62.60807968,-68.17738864,-70.18559568,-65.3880231,-65.11080398,-65.31185076,-71.45545673
12,15,-69.39953365,-66.45920491,-70.18789482,-75.60587892,-73.27789432,-63.9373945,-60.32710062,-65.7849376
12,13.5,-73.63491938,-67.94394016,-71.42846048,-70.82552312,-63.34976905,-65.88802881,-60.38329564,-69.79551702
12,12,-74.27482712,-70.33236946,-75.1357593,-68.60225573,-67.11665862,-68.80039173,-64.303291,-67.56912417
12,10.5,-74.52242626,-72.49784381,-72.15466067,-70.49152225,-68.87925347,-73.25118814,-62.22630016,-73.417439
12,9,-73.43481992,-71.96499617,-70.15548165,-69.95198788,-68.48747536,-68.36526458,-59.78707817,-64.20693395
12,7.5,-76.53387492,-72.17772948,-74.07693848,-68.5887968,-63.89736736,-61.25959122,-58.50232033,-64.15017288
12,6,-75.6668362,-70.56450715,-75.54671327,-69.44097907,-60.79089041,-64.63979989,-55.34655224,-61.96487996
12,4.5,-78.18448831,-67.74797715,-70.95864554,-72.11562854,-60.36409979,-68.1619579,-53.07446007,-66.04242089
12,3,-74.08277282,-69.33901549,-70.44445522,-73.70804815,-73.22076139,-63.32116324,-50.39739705,-63.14332604
12,1.5,-75.88318973,-70.45512672,-71.18910166,-77.88017648,-74.54285134,-65.88835293,-42.84804733,-69.75601439
13.5,1.5,-76.89803511,-69.34675522,-80.36128668,-74.75943869,-65.30978114,-63.86219698,-49.3359352,-64.89695707
13.5,3,-74.21763439,-69.8571001,-69.89747188,-74.18733966,-64.55539215,-66.6024349,-49.55272374,-67.59974261
13.5,4.5,-74.11484833,-69.1302998,-74.27615513,-74.09231004,-72.66949542,-66.42829594,-56.47171359,-62.93362899
13.5,6,-72.69141121,-69.89178003,-68.99362428,-73.55730212,-64.67067909,-68.32221213,-58.33389461,-63.15697885
13.5,7.5,-76.02187371,-73.56483985,-68.26885972,-70.76057237,-65.33083615,-65.92746077,-55.4837589,-62.15372655
13.5,9,-74.20428704,-69.64844818,-74.43009526,-69.58699562,-60.0154936,-70.15492413,-59.46626192,-72.07245799
13.5,10.5,-74.71175781,-73.15400011,-77.66782947,-70.51296121,-62.94708424,-72.71474648,-59.85273523,-66.87821464
13.5,12,-74.90566794,-70.91564373,-74.96348857,-66.04352635,-64.86293981,-71.82087152,-67.09020156,-65.17126763
13.5,13.5,-71.95090945,-67.31478937,-70.21857928,-66.06914124,-60.46679237,-67.68916459,-61.32703303,-71.24475368
13.5,15,-70.87313455,-66.80227558,-64.58152101,-72.28830144,-66.9422443,-64.37797319,-62.86796248,-69.06225816
13.5,16.5,-74.482006,-64.12403587,-65.29184991,-62.64210744,-73.70039923,-63.20368665,-66.94910329,-73.08318665
13.5,18,-78.26540146,-62.52989923,-64.08872724,-64.7984096,-66.71911268,-59.93324624,-68.56764845,-76.67194213
13.5,19.5,-73.19150992,-60.66434778,-68.2696675,-68.33476256,-64.6443368,-63.91324153,-65.19985047,-73.888119
13.5,21,-69.97107756,-62.27045032,-72.40359143,-70.03324204,-64.65188067,-62.16761202,-62.55977925,-70.37082084
13.5,22.5,-70.45909787,-63.43870465,-66.29156362,-67.60752875,-71.32658999,-62.92988124,-62.54591373,-68.8136374
13.5,24,-68.9946118,-58.32396851,-68.00956871,-71.11344051,-77.40946346,-71.35611912,-62.0479964,-72.79433275
13.5,25.5,-68.15013713,-58.03915272,-67.66123991,-70.16279689,-73.43568652,-73.173044,-64.12496223,-71.63006419
13.5,27,-68.8418649,-65.1727459,-68.97010705,-72.32063013,-67.28813622,-74.62784552,-68.22412839,-77.67870417
15,27,-65.80135786,-62.56941686,-63.28979656,-75.01616674,-68.40147883,-74.2098422,-69.21610331,-70.82753819
15,25.5,-69.3898397,-56.53505823,-64.25322974,-74.47542834,-71.18330297,-71.26407758,-65.77526711,-76.33951638
15,24,-73.3917448,-62.64046936,-66.20528742,-70.4995446,-75.48737385,-62.04753422,-63.40859906,-78.39420777
15,22.5,-70.34259945,-67.01614434,-67.88705742,-69.22360921,-70.79633004,-61.96661905,-62.02811582,-68.64588042
15,21,-71.71359346,-64.72359915,-66.080325,-72.49852092,-70.33153269,-63.6200935,-64.26703203,-72.27660711
15,19.5,-73.63444002,-66.13403402,-70.05778469,-64.86170161,-66.04586136,-62.48847302,-62.49651965,-68.73049521
15,18,-76.85575333,-61.08105,-65.22319095,-64.14074669,-62.50204483,-63.68267204,-66.5581797,-71.90532853
15,16.5,-75.94986573,-66.80957409,-63.84250857,-63.23824505,-66.31949656,-60.76414236,-67.86115677,-77.59334256
15,15,-77.20237534,-65.2249986,-66.1104694,-73.36051242,-71.30162163,-63.9609202,-65.63616865,-73.03151211
15,13.5,-74.51709656,-69.98475056,-75.97846923,-65.83914464,-63.45230839,-71.38279728,-61.5182265,-66.78891503
15,12,-76.92071933,-72.59539425,-77.61943224,-66.54725812,-65.76350354,-74.7984705,-62.22119578,-67.64834002
15,10.5,-75.77705325,-72.61830132,-72.45920281,-73.25965351,-67.79435941,-68.59910353,-60.3284041,-64.94620751
15,9,-77.00923638,-72.18596969,-72.15668016,-69.34076271,-61.02471803,-70.47472891,-57.96443322,-63.74396625
15,7.5,-74.80838518,-71.88041663,-71.6602891,-76.54752914,-55.48956449,-68.420438,-56.68849982,-72.8686615
15,6,-71.48456887,-67.39027683,-72.18804515,-74.36446801,-66.62639065,-69.94854323,-60.11416409,-58.5699275
15,4.5,-73.51297,-71.36139171,-79.03327839,-76.30965147,-65.66932572,-67.22125831,-58.56824844,-64.9049945
15,3,-77.87270663,-71.54335022,-77.97580237,-74.64933095,-61.45347823,-63.13608522,-56.1093851,-60.93314063
15,1.5,-78.2348783,-71.69409468,-74.94610809,-74.6715109,-62.24431081,-64.13016438,-55.56110392,-70.67114952
16.5,1.5,-81.1616306,-77.74917723,-73.23160481,-74.84059983,-65.13847341,-69.97961193,-60.25105137,-62.81717617
16.5,3,-76.3591265,-71.43692118,-73.82997255,-74.88816175,-63.92966576,-68.25508483,-58.19908688,-59.72794092
16.5,4.5,-74.75990201,-71.19641677,-74.45843961,-75.20470211,-63.22239558,-67.74228212,-60.08244997,-54.23236067
16.5,6,-76.3897076,-71.37939688,-72.47084717,-77.96399454,-59.20775217,-68.15141985,-57.74871483,-57.90245388
16.5,7.5,-77.40059045,-71.77731827,-71.98440265,-71.74829429,-58.3580518,-76.10364799,-66.51722319,-64.84031273
16.5,9,-77.57654427,-76.10557248,-71.11309739,-73.1595306,-61.38908259,-67.85096812,-66.10210442,-63.36022065
16.5,10.5,-75.2597871,-73.29439996,-71.40857609,-74.93966672,-55.28401399,-70.10060839,-59.75134451,-67.32164245
16.5,12,-77.67474824,-73.7638978,-69.94473323,-70.74863701,-55.48614766,-65.74965061,-59.76382743,-61.82549272
16.5,13.5,-80.65081653,-69.38285879,-70.80250782,-67.73395878,-55.86023449,-73.5461537,-58.35701278,-65.13255353
16.5,15,-76.02327186,-68.32916477,-66.31076509,-78.59598576,-65.0421417,-68.23936719,-64.63717002,-66.59405015
16.5,16.5,-76.73361677,-66.52178485,-65.8303449,-68.47347358,-58.46351138,-72.248141,-69.36409962,-69.21967016
16.5,18,-76.74125838,-68.80707994,-68.585718,-67.99619536,-62.76212442,-63.00594781,-69.66910998,-71.50218215
16.5,19.5,-75.17357435,-69.03263409,-63.1861593,-70.82952962,-69.30501331,-65.82628284,-72.76655904,-70.74219782
16.5,21,-71.61806467,-75.60035217,-60.88918331,-74.67515422,-62.41417442,-62.17231429,-68.11076858,-71.10966817
16.5,22.5,-76.99787524,-63.5972155,-65.7771739,-73.35831458,-60.85456518,-64.40473974,-63.70815248,-67.45568691
16.5,24,-75.03937872,-71.85074357,-58.01192741,-74.25892453,-67.02628227,-75.99326729,-62.68183401,-69.40809142
16.5,25.5,-70.28857297,-68.20556762,-62.06209286,-73.94249735,-71.01206917,-66.16660314,-66.78950512,-69.81992511
16.5,27,-70.17844672,-69.1294294,-61.59558831,-79.81818971,-67.082677,-67.87226629,-73.91087126,-72.12433251
18,27,-72.00457871,-67.46961733,-59.4208549,-74.85361466,-66.01014612,-73.70649488,-70.95161967,-70.36523692
18,25.5,-74.92376758,-68.47261235,-59.75194823,-73.49082688,-67.25575146,-73.88302137,-72.46416234,-71.02453148
18,24,-75.0300062,-69.03672623,-58.61233158,-77.37098625,-64.40691696,-66.35152963,-70.86904844,-71.70119022
18,22.5,-76.51199804,-64.37081508,-61.60688197,-74.66146604,-66.16760061,-65.62695222,-69.50837207,-68.86750514
18,21,-72.0307557,-66.32850505,-65.38398279,-76.75389231,-64.06220792,-66.40697674,-74.22322736,-69.81863269
18,19.5,-74.86748722,-69.87782324,-63.50193932,-73.35268167,-62.44253506,-63.85258113,-69.90175953,-70.17110582
18,18,-75.55156227,-71.40599147,-68.02405833,-76.83292359,-64.56658767,-67.28373026,-64.82072621,-70.34283662
18,16.5,-71.51611247,-71.39741116,-68.60151095,-73.16245042,-65.02178694,-74.06061667,-66.01149676,-67.10163107
18,15,-76.98265008,-71.22342678,-67.75490222,-78.20793896,-56.52540117,-74.12504513,-61.88153816,-64.73695921
18,13.5,-80.12310973,-68.1437008,-70.57199005,-73.64983483,-59.11186402,-64.60558821,-57.38868342,-64.72854682
18,12,-78.16334971,-71.69450117,-72.14369735,-75.52568084,-52.73383814,-61.58207154,-61.96702481,-66.664341
18,10.5,-75.99701897,-71.39796772,-73.74025647,-74.40758214,-53.4854338,-63.29112664,-69.38484935,-62.95881998
18,9,-76.13511953,-73.50620934,-71.42134076,-77.50589302,-57.25238042,-67.88245082,-66.2676088,-59.56852489
18,7.5,-76.59781057,-77.84178538,-69.00239949,-75.3932845,-57.43155353,-71.51787661,-59.32534271,-65.22351802
18,6,-74.27421408,-78.70003691,-70.87189818,-75.81082558,-57.03189546,-70.59304458,-60.80377272,-67.11165575
18,4.5,-74.87068105,-78.52032368,-74.08907064,-78.64277429,-57.6672841,-73.93951176,-61.19416588,-61.32953836
18,3,-78.5752786,-73.10107934,-72.87798013,-73.7533532,-64.43916734,-68.15531976,-59.91654701,-56.01595632
18,1.5,-79.93620639,-74.0443362,-73.1542993,-73.5413179,-64.99980409,-73.11982196,-60.31369062,-53.99316649
19.5,1.5,-79.00351951,-75.09352288,-75.2119478,-73.14445283,-62.80079809,-70.69292629,-62.44995607,-55.40369923
19.5,3,-77.43325761,-77.6229902,-73.81351471,-74.04930296,-60.3435851,-69.79154871,-60.4033768,-59.56724001
19.5,4.5,-80.80439514,-74.47544608,-75.12628861,-79.07907028,-60.9084152,-70.90919585,-60.15288422,-62.20359111
19.5,6,-77.08905298,-74.41784888,-73.02844251,-76.33617818,-59.28982453,-70.34737472,-59.4732658,-59.40509819
19.5,7.5,-77.84661862,-69.10647786,-72.13382063,-74.44174261,-56.13430205,-66.23078937,-64.70253373,-62.42753096
19.5,9,-75.40800536,-70.92939947,-72.43623461,-72.59730699,-53.07844873,-71.48812668,-60.97037457,-61.84995234
19.5,10.5,-79.86156597,-72.70595399,-75.26473415,-70.61312012,-53.30871729,-65.06064326,-59.14135234,-61.95170526
19.5,12,-76.89682844,-71.31882537,-72.10188789,-71.04289133,-50.9557991,-69.76301299,-71.01516824,-66.89535
19.5,13.5,-78.94649416,-69.16909664,-69.17740364,-76.62163025,-56.70814656,-65.19475766,-72.78731094,-64.2647728
19.5,15,-74.73336411,-73.58128266,-67.49070274,-80.64547666,-53.7262085,-67.28886948,-67.19600285,-65.08168072
19.5,16.5,-72.5054034,-74.51605854,-66.93620282,-76.02475102,-56.12249698,-72.64020645,-63.92941573,-66.7212069
19.5,18,-74.41440549,-74.2731319,-70.54665027,-72.9836636,-54.72002843,-72.5848207,-62.0447371,-64.85622745
19.5,19.5,-74.18123951,-67.05191288,-65.33031974,-71.84383725,-65.19879082,-70.15690711,-65.35175035,-69.05049098
19.5,21,-75.10620918,-71.25301221,-66.51010431,-74.61139216,-65.88179109,-65.47986898,-66.25162058,-70.0514134
19.5,22.5,-75.03248584,-71.32280003,-62.25636314,-75.388453,-63.32327383,-69.71417863,-62.8521644,-69.76526251
19.5,24,-78.62771577,-68.93441008,-60.39954594,-76.73743928,-61.22072033,-69.92038827,-65.6222969,-69.10528625
19.5,25.5,-74.22981685,-69.65878783,-59.92110565,-75.62740633,-62.96952687,-67.02683393,-73.89111813,-67.25400363
19.5,27,-75.28078103,-68.75431641,-51.35601729,-73.12921776,-67.39959351,-75.02537292,-75.60921711,-68.56422897
21,27,-72.11811369,-69.50244521,-49.32008279,-74.6620002,-66.07624492,-71.38052197,-66.86947102,-69.57131201
21,25.5,-73.98009216,-71.71381168,-60.02591483,-77.37317842,-62.8908641,-73.35319771,-67.20740952,-68.1305441
21,24,-68.94084936,-67.80665197,-60.88939802,-74.58877089,-61.47429118,-70.24430315,-69.00103832,-67.55130136
21,22.5,-73.75161714,-68.71050305,-60.86528693,-71.71654611,-61.42240897,-72.07204368,-63.52766529,-69.4300536
21,21,-75.05259317,-68.00954294,-63.66126308,-73.2330442,-60.89652642,-70.67085991,-62.19417525,-70.08142083
21,19.5,-74.33810236,-67.99459481,-64.76928735,-72.43900284,-62.27738445,-74.47090765,-62.86168544,-65.56667472
21,18,-75.08782925,-72.50370767,-66.19366657,-72.73576731,-56.87256178,-70.82124906,-67.78785307,-67.14441538
21,16.5,-75.9604678,-74.58853626,-69.24584714,-75.78228157,-55.73919769,-74.88552861,-70.61056684,-63.90968446
21,15,-76.91660568,-76.53004172,-69.341019,-81.21119191,-52.27102218,-73.23810508,-72.82535875,-64.04912301
21,13.5,-77.98889422,-75.91209258,-70.07807048,-74.69985434,-42.10029905,-71.56365825,-66.01353836,-64.98119879
21,12,-77.59036898,-74.8170993,-74.12782739,-71.00394356,-46.11311108,-73.56227242,-62.35626351,-60.01257037
21,10.5,-78.29015241,-71.77664783,-76.68876292,-70.64112772,-54.24009881,-65.57261038,-59.56705086,-62.18237686
21,9,-76.15637701,-72.27089475,-75.27130955,-71.20755397,-53.87897047,-72.75103888,-60.59612086,-58.62498185
21,7.5,-76.60308615,-72.66656193,-73.57105922,-71.64722623,-54.86404894,-66.42183811,-64.83667548,-61.75873643
21,6,-76.90829014,-74.73809826,-73.29480301,-72.73732848,-63.13924241,-66.70944808,-64.03971618,-59.35746082
21,4.5,-79.58963491,-74.33887339,-74.19097709,-78.79493869,-62.57482966,-69.85885149,-60.33903621,-58.83499942
21,3,-80.36235987,-73.73394051,-75.79371193,-75.76070869,-62.63455255,-67.23733702,-60.13043486,-50.61909319
21,1.5,-74.90142371,-75.46162274,-74.29278153,-73.24340743,-63.11872572,-68.63487984,-61.49665123,-50.1315456
