x,y,wifi_rssi1,wifi_rssi2,wifi_rssi3,wifi_rssi4,wifi_rssi5,wifi_rssi6,wifi_rssi7,wifi_rssi8,ble_rssi1,ble_rssi2,ble_rssi3,ble_rssi4,ble_rssi5,ble_rssi6,ble_rssi7,ble_rssi8
1.5,1.5,-75.07241429,-72.79798363,-76.98242737,-65.9581455,-66.34650183,-45.80509269,-67.28182351,-69.83693563,-69.01804707,-72.18330355,-80.71721013,-66.55865602,-63.49161072,-45.56610448,-64.91788086,-67.87047908
1.5,3.0,-72.28548895,-69.25178675,-79.69700674,-63.9296239,-71.46814489,-57.10291018,-70.45310382,-76.27394085,-73.3060208,-68.19965291,-79.90506906,-66.32374167,-71.10380918,-51.12666157,-68.0344745,-68.87885584
1.5,4.5,-70.38621684,-65.78770183,-77.14094616,-61.64487239,-69.30610335,-51.77548716,-66.00990562,-70.16397051,-73.34057905,-63.74526118,-78.63081467,-63.58015444,-65.67297121,-57.69646926,-68.72398458,-67.0640449
1.5,6.0,-75.0803151,-66.59379162,-73.30419975,-63.1285133,-67.11599798,-50.8298999,-66.567496,-78.84889523,-68.20980679,-63.5735554,-70.44162177,-59.96516193,-67.51006752,-59.48425394,-66.03903404,-68.67741398
1.5,7.5,-97.16393618,-65.30288293,-74.8507756,-66.36489648,-65.99252955,-56.91850638,-63.27716097,-65.43669109,-68.2439738,-64.88270529,-74.35162931,-60.99688724,-64.45142902,-56.95352337,-62.75078066,-67.06192021
1.5,9.0,-71.66737992,-68.27342239,-80.74835653,-60.16477126,-66.74283524,-59.25965141,-61.44888729,-68.1284919,-72.58970935,-66.86901456,-76.60382918,-62.40457224,-69.62441986,-59.23767967,-66.35791997,-69.89633617
1.5,10.5,-69.19781554,-69.56754754,-77.22405102,-55.94385168,-66.44264786,-57.83816639,-59.61019837,-75.28878126,-68.50424666,-74.20049019,-79.57302155,-61.66050194,-68.14556801,-60.13049568,-66.2900354,-69.72864376
1.5,12.0,-65.78672228,-73.85185664,-79.8187308,-54.37948033,-68.6313703,-63.16122841,-61.0741426,-67.04505511,-70.60103848,-71.87016979,-76.38736147,-54.40099979,-72.46592706,-60.42044523,-63.96685033,-66.58342528
1.5,13.5,-67.26685204,-72.32528563,-69.73126882,-53.13003867,-73.184184,-67.23318359,-66.39508403,-70.76229568,-73.85721408,-71.21872269,-70.05036671,-56.9199485,-72.0044329,-64.35621811,-66.2434446,-67.74204132
1.5,15.0,-65.7358127,-71.59855987,-68.30932031,-46.62138962,-77.03893532,-65.82996126,-65.60390521,-66.03102063,-69.77665706,-71.74360542,-65.47886949,-50.57498542,-75.07209074,-61.90541704,-68.46150369,-68.37906869
1.5,16.5,-62.31691583,-68.41908094,-70.9397432,-52.17965636,-76.888766,-65.44886697,-70.77113787,-71.33703029,-70.52673805,-68.35097389,-72.02895451,-53.69802815,-75.36827799,-67.17039613,-67.55894081,-72.20370074
1.5,18.0,-62.19008851,-64.84147991,-69.72212325,-59.40002759,-70.43866666,-67.0629686,-73.03385339,-74.57213303,-61.51832306,-62.80245686,-66.89964254,-64.70992502,-70.17303889,-65.20588306,-74.61278791,-68.17724576
1.5,19.5,-68.57413255,-62.63954885,-75.6776033,-60.49280713,-66.72358237,-66.84217651,-68.14992243,-73.44890765,-63.87336563,-64.19534803,-73.77481357,-61.09650444,-70.30892974,-62.84940861,-64.95968121,-71.24187549
1.5,21.0,-68.65775737,-67.92028706,-66.81723074,-61.08681538,-65.9773177,-71.2936402,-66.76766478,-81.56987796,-63.60095928,-63.60057546,-68.66564764,-62.52708239,-67.63766924,-61.96568345,-65.8718685,-75.26198253
1.5,22.5,-68.80172532,-63.48464369,-67.88709828,-58.56360707,-65.52926768,-70.52780496,-62.44411588,-70.89395171,-72.26684392,-62.08992344,-65.85968465,-64.57163407,-65.36303334,-62.72161703,-63.77347167,-73.66089261
1.5,24.0,-67.23823381,-62.18372001,-68.97235148,-60.49352102,-65.5305563,-68.58885884,-75.97819914,-75.55764239,-60.04937584,-60.03867099,-68.28937218,-70.58923226,-66.73988744,-60.63054499,-65.7904092,-74.77903671
1.5,25.5,-54.63035677,-60.61282489,-69.82520045,-61.75515578,-75.07072554,-64.27354048,-65.39460956,-78.76822329,-59.4325721,-60.97460627,-69.68381313,-64.86547434,-75.78881505,-63.22724046,-64.70025405,-76.57529036
1.5,27.0,-58.26513626,-66.10239849,-70.39710168,-65.71258013,-73.11355822,-69.85772085,-65.03117613,-81.25117557,-60.0516419,-70.68550606,-73.18554384,-67.95267414,-71.6525624,-63.27592702,-69.22657912,-72.83344216
3.0,27.0,-65.51612344,-63.58936616,-71.69445933,-62.10616481,-73.25351022,-65.92579696,-67.95279088,-77.49088854,-65.9334841,-66.18583438,-73.91815864,-68.30008375,-73.28376085,-66.00589147,-71.81721022,-71.65741524
3.0,25.5,-65.10822804,-63.40416755,-68.80305647,-59.57321541,-69.3002236,-66.01887135,-65.7693721,-77.46767789,-61.9824449,-64.62525397,-71.28772083,-64.81468427,-71.3413994,-64.88045867,-73.27324373,-72.28057535
3.0,24.0,-65.59472795,-58.81598242,-66.2048038,-62.56170447,-66.34210623,-67.03788478,-62.04755127,-73.72673293,-63.40117099,-60.82501566,-67.95237934,-64.615887,-72.59995538,-63.35235956,-64.40831347,-70.54017362
3.0,22.5,-68.5985458,-61.58634533,-68.58996546,-68.93372883,-65.49311637,-65.55023297,-64.23267387,-76.15096649,-66.92370088,-59.16009327,-66.46704292,-62.49690107,-65.03233554,-66.07194513,-66.56334659,-73.12109563
3.0,21.0,-67.6565145,-65.5398659,-98.62371765,-62.43848568,-64.50888705,-71.52838101,-60.6964567,-69.37198705,-64.96560351,-62.77487317,-74.97913161,-60.50843895,-65.89726191,-66.82043529,-63.66313146,-69.7153326
3.0,19.5,-69.13049496,-65.95544045,-69.87256295,-56.31282113,-65.53742721,-63.73326189,-65.30179278,-76.14819111,-67.30164744,-66.39422668,-66.01068043,-60.51363817,-69.46038792,-64.65877754,-66.36673661,-79.02106438
3.0,18.0,-66.3644763,-61.29246753,-67.33093206,-58.78062798,-74.08306509,-77.32869149,-66.42543234,-69.54430979,-60.65208999,-61.36402233,-68.96877023,-59.70776593,-73.71377253,-63.8819403,-71.12334465,-65.56814571
3.0,16.5,-67.29313782,-66.82441267,-68.16765887,-58.99264302,-100.0,-66.03759247,-71.13173047,-67.16644688,-74.79730865,-68.778849,-64.71074862,-55.68104043,-70.68003492,-62.59292356,-72.55736902,-67.19572706
3.0,15.0,-66.7056722,-72.56451368,-66.07594414,-53.2229408,-81.46707177,-62.05077667,-70.65421459,-66.95215629,-65.5526652,-69.65584957,-65.97968366,-49.14291705,-76.45326882,-63.36049523,-71.01643321,-68.52937043
3.0,13.5,-66.89411648,-75.65803679,-71.50770896,-55.24006954,-77.9943149,-58.73964096,-71.55392631,-64.48430683,-67.07284544,-73.50447589,-69.96965649,-57.13034002,-73.77188456,-61.72843904,-69.45047074,-66.3632359
3.0,12.0,-68.94165637,-71.38811604,-71.42241424,-56.58400186,-69.69724761,-62.8185283,-64.93411266,-65.53300757,-68.18511063,-68.18455602,-71.51104632,-56.90919597,-70.31622149,-59.66314474,-63.99939943,-67.68236469
3.0,10.5,-66.21290652,-68.22750079,-75.74304856,-57.95328544,-67.65838972,-55.22832716,-60.43660439,-97.86676236,-69.77315796,-67.81720684,-75.9538865,-57.37052742,-70.71636292,-61.99853436,-63.05329471,-73.93726931
3.0,9.0,-67.54154435,-62.85732056,-74.93502108,-61.40818923,-65.72438163,-58.28740552,-61.72660425,-74.94894944,-73.78066599,-62.85195666,-74.87491289,-58.30088256,-65.48619356,-57.94468714,-65.56310247,-74.45925028
3.0,7.5,-74.49594736,-63.3237486,-78.94748041,-66.8835625,-65.75854547,-62.35209023,-61.46492906,-74.69084801,-74.26716308,-62.97310892,-70.24553105,-61.03768706,-65.01110677,-56.08533525,-65.75430811,-63.46478393
3.0,6.0,-74.12163228,-65.83095971,-66.44552194,-65.6912472,-66.15220185,-56.61824409,-63.38265743,-65.36059414,-73.84079117,-65.46516301,-68.0300365,-56.90807037,-65.92680884,-53.82651701,-64.91712352,-62.91193973
3.0,4.5,-68.12572564,-69.17387776,-76.26930327,-58.77951084,-79.12841519,-53.58428497,-62.59166741,-69.10300756,-75.27855477,-69.56099665,-76.43262148,-67.45656131,-75.59814353,-58.12431373,-59.51283893,-63.94854421
3.0,3.0,-77.90155061,-70.74677684,-80.70966274,-69.14493618,-69.07621008,-48.88073609,-65.50130873,-68.66151441,-69.24319243,-67.49052299,-77.34607789,-64.52702027,-66.82920382,-49.47927239,-63.19034994,-72.5323369
3.0,1.5,-72.80970774,-76.49558518,-77.61261277,-74.120603,-65.40695585,-48.65336758,-68.58147122,-72.86947443,-71.05497251,-70.60601918,-81.71637276,-73.27564101,-67.95708174,-52.66499298,-68.25992397,-67.4538423
4.5,1.5,-72.2229585,-72.48125723,-76.49149882,-69.58212562,-64.70442,-53.31611351,-71.4242743,-68.35505313,-78.69916703,-73.12462179,-76.19758389,-71.40993377,-64.55046653,-56.90558134,-64.25219571,-77.08029847
4.5,3.0,-70.54008342,-74.47770988,-76.55487555,-67.2162688,-65.7672489,-52.27903924,-60.08374563,-67.06513532,-71.23024699,-72.58833586,-80.66883098,-67.12854094,-65.23294956,-59.21042579,-65.74161051,-71.18117844
4.5,4.5,-74.70073355,-79.20931824,-74.80221706,-66.26046267,-72.48854591,-53.00452313,-68.24371485,-72.60293163,-74.21665808,-75.7861235,-75.94165751,-65.13178628,-72.43789029,-55.05083889,-60.6539955,-75.08712929
4.5,6.0,-100.0,-74.5095845,-73.42459787,-65.81840116,-66.39045135,-60.34509745,-62.32049556,-69.70856103,-71.67238876,-71.17965467,-73.4719593,-72.3622139,-66.21801596,-57.16327272,-63.90027246,-63.92935571
4.5,7.5,-72.81248389,-65.58539186,-71.55437288,-66.47281197,-65.54391568,-57.05504613,-59.62166616,-69.58205544,-68.26650406,-67.55808659,-70.85418648,-66.45980576,-64.93365763,-57.32594533,-60.8914222,-70.72953565
4.5,9.0,-70.62258015,-65.61395797,-74.7559628,-64.97251524,-65.70102304,-58.881478,-63.34861923,-72.95455043,-68.49844523,-63.71681962,-71.36132209,-63.16829349,-66.24574349,-56.12194794,-62.32492784,-70.26523036
4.5,10.5,-73.0965353,-72.97348492,-74.66438903,-59.88319276,-66.73410203,-58.29737206,-66.11036897,-72.49215465,-72.1543232,-70.23681111,-70.86459348,-57.45979873,-68.90750453,-59.02636137,-66.50978926,-70.63072945
4.5,12.0,-72.30404183,-73.80610945,-84.80057603,-60.31231876,-66.3682508,-65.58342431,-68.31663626,-67.12753248,-73.11357751,-72.99502396,-77.88996951,-62.68431755,-70.68120381,-60.78049123,-70.83743312,-64.68201499
4.5,13.5,-66.12405136,-68.79918419,-74.18597618,-52.57762544,-68.33499146,-62.38071799,-64.33486533,-73.21590284,-71.01977347,-69.3379945,-77.42836637,-58.45934928,-70.442221,-61.74111831,-70.1984943,-71.91326128
4.5,15.0,-71.31640013,-66.12135262,-67.96341903,-49.17979531,-72.25761704,-58.85775703,-61.38408141,-67.26496117,-71.13322543,-72.15765497,-67.0427184,-56.05291458,-79.71406715,-63.40383028,-66.9627356,-64.70723701
4.5,16.5,-66.58481315,-69.4451554,-84.48185834,-59.17010195,-71.98656845,-60.38299006,-61.66144911,-71.38420046,-67.57154907,-67.41076147,-64.24719611,-55.92611072,-75.66936978,-65.53054975,-68.77565653,-65.74369552
4.5,18.0,-61.74981755,-70.22413541,-66.86344623,-65.9658989,-68.31851616,-64.47676482,-65.90891865,-76.11154284,-63.79149885,-70.58377394,-68.93470178,-60.67811949,-76.24306339,-73.8500081,-68.66444009,-68.24467917
4.5,19.5,-64.42785883,-65.418315,-73.85832049,-74.9812309,-65.61957424,-58.97988414,-62.3668292,-67.15195969,-68.33384945,-61.61010867,-68.25809584,-64.84027915,-70.91638146,-65.97300202,-66.4134341,-68.29157951
4.5,21.0,-65.21939322,-60.47842393,-76.08704289,-61.01470278,-70.80258906,-60.34919509,-59.65064217,-69.5676803,-67.95878498,-56.75100258,-72.15745785,-66.53055824,-63.63767671,-65.77176384,-63.40531657,-68.55695764
4.5,22.5,-65.47637079,-61.51835337,-67.00082417,-66.74699762,-66.13293427,-64.21070452,-62.36292451,-72.39421116,-69.27731197,-58.5351867,-69.8221721,-65.60770481,-68.30101999,-61.69159271,-65.22487118,-70.13357718
4.5,24.0,-64.16562173,-61.61635593,-72.06934069,-63.52183456,-68.89801718,-64.19330622,-80.49697272,-76.85714469,-64.10564772,-57.94733239,-69.61781347,-61.42129369,-75.58897943,-64.95859814,-76.54766671,-73.82858301
4.5,25.5,-62.73284791,-57.66771962,-75.09756441,-62.57238778,-69.55339723,-65.68356923,-100.0,-75.5924051,-69.45383913,-57.36632534,-69.44743284,-67.59410228,-65.42173159,-63.75531875,-72.02370559,-73.82336152
4.5,27.0,-65.82118194,-60.66353568,-71.92990998,-65.32904722,-67.90751457,-67.5083348,-71.26212346,-81.82704388,-65.20434683,-58.09367883,-71.19853036,-65.89643519,-65.34057613,-64.62536634,-70.14281194,-73.98621875
6.0,27.0,-65.31450798,-65.00921639,-72.27002349,-66.00651553,-71.8331451,-65.92196682,-65.98080103,-69.20674822,-62.15229773,-58.43825428,-69.86994374,-64.78464958,-70.59607356,-69.47388816,-66.79977057,-73.5428408
6.0,25.5,-67.41130936,-59.4933848,-70.22698199,-65.96292872,-77.83937898,-62.09687276,-61.87192423,-75.89223384,-67.5985481,-56.9121586,-70.6259747,-70.36504173,-72.70323281,-66.46824281,-64.19112279,-71.43354028
6.0,24.0,-61.58856516,-59.06953397,-98.21083294,-62.46184366,-66.88905631,-59.52627372,-66.86669963,-74.11321366,-66.23585001,-56.9262688,-71.31830883,-67.38083602,-68.55348064,-60.412723,-65.98924437,-73.6707403
6.0,22.5,-65.66745296,-57.70552801,-97.41487815,-65.95786892,-67.34943412,-60.16703723,-66.06146961,-73.58089414,-63.51781986,-56.63098082,-78.73299611,-64.06120946,-64.93368527,-63.48350907,-66.22998781,-67.20158307
6.0,21.0,-67.93986533,-65.6724205,-71.21697144,-71.61568641,-76.25710936,-65.05128955,-65.52827016,-70.18488562,-73.19180847,-61.58382433,-70.84823543,-62.82395587,-66.59760191,-69.88096335,-73.82379322,-76.05889009
6.0,19.5,-64.96166691,-73.69834973,-69.12760964,-62.52006026,-70.70230103,-61.94417588,-67.25914853,-65.95969351,-63.95239027,-66.46726167,-68.18741877,-64.12111174,-68.01683382,-65.9242367,-68.76726979,-65.42556645
6.0,18.0,-65.72136575,-65.54560377,-68.69126688,-58.74730817,-94.135022,-64.89116538,-64.63033889,-66.22415024,-64.88341379,-66.50883895,-66.5195979,-57.95280321,-73.33386709,-68.48442144,-70.74986303,-67.05181093
6.0,16.5,-67.12167338,-61.45801518,-97.65092739,-70.81992762,-75.67120539,-90.49831259,-61.35249247,-98.53748585,-67.55234818,-66.97734153,-69.89970333,-59.14878569,-68.16320169,-63.11835222,-65.47746501,-73.67188923
6.0,15.0,-69.20317703,-65.66610542,-87.33668622,-58.65876355,-79.52865418,-60.56906955,-63.38837091,-65.43824116,-67.3715624,-65.47362515,-76.46514576,-60.63360608,-71.12242,-61.27127421,-70.43459081,-62.24821487
6.0,13.5,-71.63772316,-74.10215091,-77.46772089,-58.70284658,-72.37707855,-56.69433899,-58.49185126,-65.91260083,-69.29191566,-66.5148358,-82.13639131,-58.80487596,-75.38283094,-58.97177222,-61.28995919,-63.66371157
6.0,12.0,-70.36564339,-73.54307527,-73.54618259,-64.0805911,-70.0390691,-56.63183189,-57.86469901,-76.84259003,-74.53195814,-64.44749907,-70.27833639,-62.12161754,-71.15490397,-60.28739529,-61.6034257,-70.69711536
6.0,10.5,-71.63123988,-71.57418469,-65.71697107,-68.74927419,-73.07170968,-62.08681633,-66.99267887,-70.88986657,-73.52099245,-68.33741908,-67.68565771,-65.42665226,-72.26963661,-63.06963407,-68.08270561,-64.50286009
6.0,9.0,-76.60084796,-70.72350805,-69.02419087,-64.62518094,-73.77312645,-63.30729627,-74.67164917,-66.19140028,-74.43631872,-72.55171032,-70.25340055,-62.06262085,-73.73008094,-59.22366624,-68.20814944,-70.93998577
6.0,7.5,-71.21082831,-97.86224559,-70.96813886,-60.73845828,-68.63461459,-64.48680184,-58.6626548,-79.22060317,-73.28787243,-72.53601699,-73.62878293,-65.85863777,-69.72159514,-57.81841122,-59.36868493,-79.45661628
6.0,6.0,-73.90936634,-78.48954801,-71.62979007,-62.21543653,-72.65113711,-57.86449245,-59.67015083,-74.51145445,-72.44973211,-73.94266559,-72.01588585,-69.44844988,-74.15889619,-63.75465524,-61.14482932,-71.88396996
6.0,4.5,-73.63149101,-71.37618136,-74.96351101,-82.20943896,-68.41273473,-56.91657466,-65.55745099,-68.24466319,-68.09383243,-69.14822885,-77.90234826,-73.60904797,-65.9743979,-60.31559333,-63.50703039,-66.62151759
6.0,3.0,-72.51785616,-64.13310209,-73.38330021,-62.05724967,-65.79959952,-56.23225289,-59.06740344,-70.37946749,-70.11724284,-67.19062677,-80.85015201,-67.53283296,-64.0635369,-54.76911123,-63.14861141,-68.83058397
6.0,1.5,-76.99635331,-73.58658843,-73.66776167,-66.27912923,-63.3626476,-57.05855105,-60.7844041,-73.7087081,-76.80396771,-68.11201516,-73.44526961,-64.06325914,-63.20694184,-57.13886306,-62.91414027,-74.64061221
7.5,1.5,-73.72192842,-78.66993701,-77.76202343,-65.82464349,-65.3119147,-63.71150453,-58.46589941,-65.96684864,-77.64892613,-68.90675867,-75.81014928,-67.07748398,-64.64031588,-63.12796087,-60.11436628,-62.74093001
7.5,3.0,-97.35784614,-75.17124018,-75.95631683,-68.68712853,-69.3598893,-55.64447271,-56.66705605,-62.74083043,-75.05174482,-66.6474726,-77.4779042,-66.88426686,-67.8072629,-62.71046145,-56.6697639,-62.66759342
7.5,4.5,-76.46599628,-76.21618025,-72.38846566,-71.4734944,-68.3366644,-65.74444364,-59.00922194,-65.39345104,-78.25804763,-73.66009096,-75.18770745,-72.54678636,-73.30456774,-63.81367708,-60.68471281,-64.24736846
7.5,6.0,-72.1366802,-67.76966619,-87.57310468,-65.08598685,-79.61709864,-56.97648706,-62.02829271,-72.86519466,-71.9562754,-76.88169027,-79.67737278,-70.56773022,-71.86432713,-61.42976081,-57.02879352,-73.38586602
7.5,7.5,-76.36845891,-70.78410766,-66.45984498,-67.40187417,-74.06479497,-57.51136391,-69.30695741,-67.37839325,-74.80239263,-65.920175,-69.45391968,-68.19532574,-69.293734,-59.20018451,-63.72226937,-68.53321478
7.5,9.0,-77.29332845,-69.54613687,-76.53852324,-60.70575526,-72.26198655,-63.2851484,-60.61027577,-66.61234051,-77.73229154,-73.71962308,-72.97150993,-69.79455292,-68.28708142,-64.11222976,-58.14754372,-71.67058393
7.5,10.5,-72.74654602,-68.43320934,-69.86312234,-64.33522382,-77.28802702,-59.26041332,-61.66943783,-65.688657,-72.64789018,-64.92174115,-72.41778876,-66.12563364,-69.82438503,-58.38004398,-59.38603038,-65.24778079
7.5,12.0,-67.4066069,-67.1795672,-68.8237865,-69.96857514,-72.94167795,-57.06998343,-60.17036647,-69.82276089,-67.61369926,-72.98810491,-67.05179665,-63.09684241,-67.29435475,-58.19928241,-60.42035499,-63.72800136
7.5,13.5,-71.79202146,-73.34546909,-72.55109748,-65.40308822,-72.00390955,-60.56926304,-60.16634825,-72.43400749,-78.709347,-72.68068002,-70.30271201,-64.44752305,-65.87102992,-58.72109467,-58.92970674,-61.15925189
7.5,15.0,-68.83412055,-64.65496705,-69.98867048,-70.42541708,-72.31418719,-59.10102362,-61.42193161,-79.73763003,-69.55845799,-59.79612388,-75.01148194,-65.84835424,-74.69285765,-67.22487363,-67.90706869,-67.53735698
7.5,16.5,-66.35722275,-64.44470922,-69.45912533,-66.24419397,-69.39933719,-83.24712634,-69.60432222,-66.28270548,-71.54621595,-65.80017005,-78.51420079,-65.49770246,-67.7632091,-66.08098366,-69.45822789,-71.63346637
7.5,18.0,-65.22317256,-61.50214779,-68.17350229,-63.93013779,-78.20967352,-66.00786097,-74.98355538,-65.71513858,-70.58360561,-63.69399996,-71.71108072,-67.48918246,-72.94757565,-62.34331953,-67.33168515,-66.77445127
7.5,19.5,-65.77646555,-65.96877902,-68.30942075,-62.27522472,-66.6619902,-64.21926119,-61.15785527,-68.98591294,-68.88440773,-59.15141038,-67.55335702,-66.25904702,-68.85275179,-62.50305848,-63.4750173,-73.89447127
7.5,21.0,-66.04515887,-75.43224217,-71.52807708,-62.44272701,-74.38896618,-61.99515959,-71.82463614,-70.40596798,-69.63492574,-60.45198634,-71.50424998,-61.9890243,-62.62771461,-62.03981112,-63.09651862,-64.23942618
7.5,22.5,-65.95659336,-56.21589318,-80.20927729,-62.63490673,-72.54746076,-60.9577949,-61.38983583,-67.52340093,-74.18984358,-61.59251279,-79.28678154,-66.78891931,-74.27784832,-62.64259133,-62.07886532,-69.14162424
7.5,24.0,-66.72608264,-55.34967698,-75.31340997,-65.74725386,-69.9725481,-65.63219202,-67.23435576,-80.0574923,-69.5765584,-54.78387421,-66.31473302,-65.54899938,-69.7209594,-63.8332671,-70.74916159,-67.47568942
7.5,25.5,-71.09364762,-54.95457584,-70.6002131,-66.6262946,-66.41283239,-62.53883423,-66.30046459,-70.61726125,-68.18228672,-52.81089732,-64.45277355,-70.13388322,-69.19750346,-66.37883207,-70.90965132,-72.88252954
7.5,27.0,-70.65263537,-56.42997231,-77.77795292,-61.48691346,-70.94696538,-66.68844219,-97.42092082,-75.02891663,-66.26195974,-55.72922282,-65.24245056,-67.25149739,-69.08517409,-69.4059034,-69.03593349,-73.5500727
9.0,27.0,-62.29913834,-49.07744781,-71.74822212,-64.83091261,-65.51256989,-70.61076566,-64.64823897,-74.01580696,-70.59899734,-50.37498447,-65.65896153,-63.69977539,-72.27056128,-75.75658623,-66.7384475,-76.69767049
9.0,25.5,-65.69895164,-55.18977211,-72.38297156,-66.16046631,-65.44938315,-68.31536398,-64.64334603,-70.21726717,-71.24515664,-51.54775047,-63.24959743,-66.55932682,-66.54059934,-70.44674224,-64.71554396,-73.39758794
9.0,24.0,-66.23221049,-58.80940427,-72.59024742,-73.58322006,-68.55168734,-64.77210453,-62.75739901,-79.35023688,-68.14835284,-53.87961246,-65.58604257,-77.09665258,-72.61465555,-65.3938168,-63.72281139,-69.45636163
9.0,22.5,-74.52024096,-58.16122178,-76.03999633,-75.53739177,-69.13529494,-60.34508357,-64.58400303,-87.08902482,-70.09585707,-59.94335311,-64.54038571,-69.43494053,-61.83142333,-60.50983275,-65.11883452,-69.817844
9.0,21.0,-73.67678998,-58.89241724,-75.41734407,-65.54160956,-83.60421899,-68.22630405,-62.21212479,-74.19766205,-73.57381336,-61.10322594,-67.03132053,-65.94917844,-66.20276457,-61.54012528,-68.05705881,-67.64313284
9.0,19.5,-66.79033496,-61.82501307,-74.56674215,-61.59973024,-96.01661903,-60.57934386,-62.26395848,-65.50741974,-64.91016685,-62.38839674,-69.15076154,-66.54217507,-73.90585909,-65.74571525,-66.92848846,-71.11961091
9.0,18.0,-69.10013953,-60.23818436,-78.30635144,-73.43788011,-62.60901837,-67.32786094,-67.35744728,-81.08470608,-70.48760144,-62.32547756,-71.98156787,-69.33750168,-75.73426743,-65.98453031,-69.26516941,-69.74066721
9.0,16.5,-69.6673796,-68.38524114,-75.72577231,-62.01597778,-68.10262231,-69.21515378,-58.97531539,-66.38621489,-74.22516623,-66.35435652,-79.45367666,-62.72355539,-73.87421474,-67.46884588,-67.11944287,-72.32298285
9.0,15.0,-73.10809195,-65.78873129,-72.98084831,-69.33644281,-77.87442484,-61.26603504,-58.24807133,-71.4452426,-69.7305077,-64.41673817,-73.59445587,-70.09410963,-71.2244147,-64.01747402,-61.91078933,-67.58830412
9.0,13.5,-71.76996361,-68.18120668,-72.61547685,-68.22921685,-68.37095002,-58.88928374,-61.99340048,-67.90630309,-70.81052505,-66.7623265,-70.48729229,-67.58270681,-67.14740822,-61.35567536,-63.08705103,-68.69671367
9.0,12.0,-81.64374335,-78.85644941,-83.46438253,-66.96842361,-65.88722194,-58.58549618,-59.94834571,-67.49067785,-77.56235972,-66.6765445,-72.61241081,-63.0085273,-63.95479514,-61.5917856,-65.08575568,-64.7161905
9.0,10.5,-70.38647644,-73.51797504,-98.27964706,-71.42204091,-70.05645529,-55.73563066,-58.40051997,-79.88858477,-73.14079881,-64.98006351,-71.09917229,-65.64424623,-66.730525,-60.0449249,-58.77428577,-70.43994918
9.0,9.0,-77.86944221,-70.57782914,-71.78126036,-65.57642755,-68.14710939,-56.78564659,-59.37933716,-62.38243403,-72.31487224,-69.60988792,-73.89998451,-70.16717918,-65.77512959,-56.74440768,-56.06298751,-70.67983356
9.0,7.5,-73.05775458,-73.97808533,-70.70947797,-65.8312121,-72.79816319,-76.12604395,-60.35694612,-73.02078071,-69.82972737,-65.61961238,-70.23366553,-70.53260879,-65.26004365,-69.94498089,-59.47398978,-68.53636534
9.0,6.0,-70.99793593,-94.28905411,-69.56843855,-69.9615688,-71.19479483,-56.84437449,-62.08218261,-68.23916529,-72.69521844,-68.18414418,-71.14970378,-74.22719256,-66.27867476,-56.94870613,-56.28576334,-67.33764763
9.0,4.5,-72.2733609,-69.60762836,-72.45930012,-66.57378559,-69.33943567,-58.25223011,-51.48357343,-64.22332255,-72.75256679,-65.66032795,-71.44187155,-67.07168123,-67.68175641,-57.65510578,-55.2338041,-73.12791394
9.0,3.0,-76.12880795,-71.37267148,-80.7279306,-73.1147279,-69.01016083,-59.80018788,-53.20400474,-65.09296792,-84.23052946,-65.00204661,-80.57878285,-64.81500434,-72.01747897,-60.93223025,-52.21157357,-70.03148218
9.0,1.5,-76.66896608,-75.20092974,-80.28819307,-65.7303481,-66.08364607,-70.10167351,-51.71294998,-60.81950345,-74.02967355,-66.92390643,-80.25625057,-71.44644512,-67.5410081,-64.15520263,-55.49787917,-60.64228042
10.5,1.5,-76.63327427,-72.1788838,-77.97076052,-78.24216443,-78.73399101,-65.20702398,-43.76798237,-65.75520677,-71.89344476,-69.1590563,-78.13286659,-72.28134869,-73.61284046,-64.86659932,-44.5685549,-62.59836452
10.5,3.0,-72.40004258,-75.40912145,-76.12744013,-97.63657657,-69.30197268,-62.60728053,-50.26402042,-62.35795358,-73.2067904,-66.14268312,-78.12051133,-77.74236624,-68.82834023,-61.35813715,-50.02174393,-66.03115008
10.5,4.5,-76.8158855,-71.28992715,-75.65513326,-93.79828033,-72.64481128,-59.16078547,-51.79884097,-62.66099474,-74.90689148,-66.00415481,-75.45628095,-72.00623396,-65.0703081,-63.39653825,-52.50016537,-69.15412238
10.5,6.0,-74.66356712,-69.32749931,-74.89802561,-70.79390375,-62.23836376,-59.16433776,-57.13061746,-62.39711499,-74.21077219,-65.42827373,-78.63719837,-73.52163502,-61.19703308,-63.62308525,-54.44260695,-69.00364852
10.5,7.5,-76.76719412,-73.80403358,-67.21037841,-65.89535733,-65.26774179,-58.66541193,-55.07201604,-69.63797887,-78.95179686,-67.49305591,-70.35607621,-67.72895007,-63.35451528,-61.16003465,-57.02810646,-62.19560526
10.5,9.0,-77.54790935,-74.23292662,-68.9763629,-67.1366082,-65.77706144,-60.6546714,-57.9893883,-60.84750325,-79.42780343,-67.83994869,-71.1812359,-70.81001616,-62.03688504,-63.40022764,-57.34170638,-63.64631171
10.5,10.5,-77.94435727,-72.31792572,-68.82284659,-65.57093859,-64.01494817,-59.82830709,-57.08166934,-71.06468946,-73.44579594,-70.97380145,-70.69996146,-68.13312009,-67.00095318,-72.8123685,-62.6513646,-66.96062743
10.5,12.0,-76.38596748,-69.9585419,-73.36682806,-69.98043425,-68.62429287,-66.37093651,-60.08953693,-70.61312241,-70.83004014,-68.20181243,-67.78317013,-62.75784975,-67.84601576,-66.41180433,-58.90116204,-77.38732821
10.5,13.5,-72.08941301,-68.27359175,-73.88204024,-74.70327535,-65.33160186,-64.15088944,-58.95126738,-63.70620752,-75.29184581,-69.28074059,-72.91968685,-71.51562976,-72.02059844,-63.6001844,-60.10237428,-67.59408937
10.5,15.0,-69.23269029,-67.00879361,-73.68163238,-73.42373649,-72.61396274,-58.67145603,-58.67464177,-68.64095679,-72.08343019,-66.42223871,-75.9503482,-73.66553761,-73.89387494,-66.94358069,-62.09760339,-71.05737421
10.5,16.5,-70.15321353,-71.90292551,-73.4469693,-62.36235321,-60.469455,-65.69958846,-67.16985876,-62.02063728,-73.70631743,-64.49904881,-71.05645509,-69.0640948,-69.03111959,-63.97591998,-69.26414249,-65.30132651
10.5,18.0,-67.34807375,-69.59176461,-75.37039178,-64.45560685,-63.37264646,-58.23820057,-64.98369533,-67.34854577,-71.65239762,-64.65156773,-70.10474641,-71.28236041,-64.05091555,-62.57802506,-71.51735871,-70.42442405
10.5,19.5,-74.64601236,-66.20276291,-67.7994824,-64.53093797,-68.47885269,-65.93967757,-61.97584317,-62.11500847,-81.17948873,-61.71697368,-72.84366866,-69.18852429,-69.66922302,-70.13988399,-65.82974947,-71.93443055
10.5,21.0,-70.42482911,-61.41595515,-71.10868094,-65.47769462,-65.80041458,-68.56680383,-67.01584277,-64.37431174,-69.28375373,-63.13948906,-62.78137775,-72.9529584,-63.22847631,-67.02422807,-63.61305417,-67.53943364
10.5,22.5,-75.80702503,-57.50151781,-73.08477316,-65.73353378,-69.83873929,-61.20832753,-63.13440737,-65.98976608,-70.03726833,-60.55859371,-64.48558402,-65.81949686,-68.33811459,-66.04582001,-64.84632686,-77.04032107
10.5,24.0,-74.77738355,-60.10746167,-66.41501986,-64.40202121,-69.49396298,-59.3685565,-62.09747555,-69.07735388,-68.47942321,-57.7640874,-64.42855886,-67.44152139,-62.92714433,-62.79308833,-65.58850941,-73.56674455
10.5,25.5,-67.97901143,-51.53823607,-68.7189493,-77.31445034,-62.42892378,-63.13413872,-60.74241606,-74.13926592,-68.08921002,-54.90328725,-65.95368647,-71.97942387,-67.1370663,-66.99322402,-66.10999389,-79.2487155
10.5,27.0,-69.80866923,-44.91696591,-67.86678557,-76.25045738,-66.74231475,-67.0766081,-63.71760778,-98.4172753,-67.15125594,-45.26748803,-66.59941947,-74.09703309,-73.48296668,-72.86308624,-64.68124074,-77.61320323
12.0,27.0,-70.34238684,-55.08646677,-68.40762729,-74.94536892,-69.70568262,-81.75871382,-65.51279437,-65.11054091,-68.08177102,-56.8715646,-68.23001375,-77.4433358,-73.91474757,-70.78813839,-65.79507854,-71.39202194
12.0,25.5,-66.60815312,-60.43868552,-68.55652394,-65.91126357,-69.78338216,-81.64994378,-65.75644728,-70.50052922,-68.33179805,-55.22199075,-65.82387357,-69.53362041,-70.93004225,-66.70957376,-66.0296617,-72.99782731
12.0,24.0,-74.84223777,-62.74198572,-71.81252361,-62.60685097,-65.11530428,-73.99276029,-62.75463895,-77.09077471,-70.93030597,-61.40325776,-72.02799038,-71.23902825,-63.34216941,-78.38436455,-63.33974304,-75.30987633
12.0,22.5,-69.21000348,-63.5533997,-70.28311731,-67.23150727,-72.60122965,-67.02914457,-61.51658802,-67.52499825,-71.57965102,-62.46186018,-66.01570224,-65.55656544,-63.95559476,-70.78033611,-63.74056925,-75.11394389
12.0,21.0,-78.83103575,-67.97814906,-70.60264212,-65.20302463,-73.43383359,-60.28184283,-62.09046835,-73.94295902,-71.09300877,-63.07770574,-61.92060782,-67.91728556,-71.8659645,-67.85249825,-63.65239957,-71.52493074
12.0,19.5,-76.72901559,-68.31715612,-71.0818707,-67.37541788,-62.23025886,-60.51720319,-66.49438331,-67.55061351,-75.66930805,-61.28769724,-68.89781579,-64.75462969,-65.24218196,-60.68401608,-66.75602786,-71.447322
12.0,18.0,-72.45597011,-66.20884172,-76.96939299,-65.97685874,-68.08691272,-59.40598306,-68.83609553,-66.96715687,-77.59073547,-62.52264411,-73.58151485,-69.02248561,-65.95456187,-60.74370598,-68.49558054,-70.04348994
12.0,16.5,-74.48860899,-64.55211853,-68.94189349,-66.08279332,-65.73927902,-61.71872259,-65.84490717,-67.91098079,-71.21790162,-70.22432337,-68.06360292,-74.40588196,-65.41089704,-64.022372,-64.09556326,-65.40567572
12.0,15.0,-67.38372116,-68.75812091,-69.32276156,-69.63240054,-76.97203128,-61.66685731,-61.70866252,-67.12739947,-72.60395892,-67.29437067,-69.76750948,-81.717285,-73.46062764,-60.78136811,-62.78632847,-65.50686349
12.0,13.5,-75.50281187,-70.81524136,-71.46232465,-67.13569164,-66.04565694,-67.21378834,-62.3363488,-73.93674819,-72.07064223,-67.36515214,-72.72277225,-66.79911398,-63.27691994,-63.79832888,-59.8355003,-72.61671654
12.0,12.0,-78.40440981,-69.06341799,-79.01198432,-67.08395814,-69.13868014,-66.52654677,-59.20363486,-66.13651733,-71.51919169,-68.81043916,-71.09099542,-63.73826788,-68.46406415,-67.83793814,-61.99074902,-67.07088684
12.0,10.5,-78.99429204,-72.48700214,-68.21534006,-66.00892965,-66.74467557,-75.82408598,-56.92838873,-76.04265405,-73.61747313,-68.72260782,-72.91705947,-67.49389945,-67.32715904,-74.2647505,-62.65818046,-68.28865361
12.0,9.0,-79.67904421,-75.34204763,-69.14484776,-68.223295,-69.03780378,-66.40681992,-56.49481163,-66.19364817,-74.93659069,-73.86050874,-70.66713456,-68.90551577,-73.09113601,-67.34527691,-57.35387212,-64.28467738
12.0,7.5,-76.347287,-74.30564859,-71.93997356,-68.15494259,-66.84535657,-58.65895336,-56.11128837,-60.24411534,-77.13365025,-67.32224527,-78.02022576,-71.18778206,-66.07958738,-58.30215996,-57.7174328,-63.34427025
12.0,6.0,-75.2950931,-71.86303311,-74.91813832,-68.52782876,-62.19200336,-60.67005148,-55.26601415,-60.54008182,-74.12775509,-67.18130595,-78.88161389,-75.14251594,-63.10526198,-63.91448648,-54.63837557,-64.32999493
12.0,4.5,-78.79490362,-71.50705113,-75.80866246,-70.42411545,-63.43811568,-57.69921586,-54.132154,-61.70730909,-75.54463635,-66.88516884,-69.87413466,-78.57749606,-62.14920133,-64.57534704,-51.90344175,-68.40502366
12.0,3.0,-73.77193435,-67.73522484,-72.5074985,-78.41463492,-67.55213283,-65.51628779,-46.66740933,-71.34498886,-73.08787281,-67.61366008,-69.79676642,-73.90679326,-73.03197717,-61.97765086,-48.81838335,-61.56746131
12.0,1.5,-71.84799751,-76.04002761,-75.21089448,-73.66316572,-78.68882308,-60.44944521,-40.78612546,-58.74425175,-73.05622674,-69.59980817,-73.89248697,-73.71856817,-77.29991524,-67.64962803,-43.09062482,-62.48149403
13.5,1.5,-74.777508,-72.06931979,-83.04844468,-76.94458867,-67.27332717,-64.0647369,-46.7750236,-60.42775103,-78.72048875,-68.99777276,-78.87178209,-70.03178052,-66.86310645,-66.65254664,-47.64339224,-68.41708327
13.5,3.0,-76.37147338,-97.76686993,-100.0,-74.29268688,-65.62387867,-61.21829649,-50.06884076,-61.36035741,-77.13258503,-67.67263883,-72.46621864,-74.88956778,-69.08088963,-65.97646136,-50.76245087,-67.74479989
13.5,4.5,-98.14201883,-78.9287018,-74.64862689,-73.58423138,-72.07954338,-61.02071456,-50.32249105,-74.83069312,-77.36553351,-70.76606851,-72.57591776,-71.18841975,-67.88173745,-66.26064168,-52.12503501,-63.96988721
13.5,6.0,-74.20758386,-75.54828581,-70.49378528,-68.97047227,-65.41097051,-63.16535712,-60.44848264,-58.81928743,-76.04892334,-71.56302939,-69.79599769,-73.07106025,-63.24115317,-64.01087102,-57.98558336,-61.11142421
13.5,7.5,-74.02699924,-76.35661272,-67.18163392,-71.88168429,-65.66994651,-65.89828111,-56.32180197,-58.93144904,-72.58491283,-72.48917821,-70.06694803,-75.72210782,-64.34176554,-62.09799165,-57.20293224,-59.20766128
13.5,9.0,-73.02260602,-74.96256465,-74.62325394,-68.72065171,-63.88636271,-65.69850902,-57.04561022,-73.18308991,-72.77347333,-69.84792903,-74.68976195,-66.51079333,-58.89755461,-63.02081109,-55.61944893,-75.37665055
13.5,10.5,-73.42388363,-73.00639728,-75.43983324,-76.06173605,-62.08644395,-67.51885558,-57.17189869,-60.1923365,-72.50548368,-68.08774708,-72.27956824,-67.10013507,-64.11869826,-72.30793096,-58.46314157,-68.01608021
13.5,12.0,-78.58858267,-69.51656449,-70.9251936,-66.90325889,-65.6574882,-76.69530839,-62.38553252,-60.78026939,-74.85403746,-73.96987365,-78.15658336,-65.53145329,-69.01317409,-71.64581834,-63.08216599,-65.81006054
13.5,13.5,-74.54410023,-67.14153303,-66.83571364,-62.14327688,-65.39607719,-70.28634887,-65.49214088,-65.71902824,-71.48264517,-69.42358138,-73.20824903,-66.47749057,-64.76684256,-64.23861124,-63.20797228,-69.40908153
13.5,15.0,-72.64296277,-66.13191861,-67.87231178,-74.43537852,-77.41130182,-62.42945059,-64.76193752,-66.05791543,-70.51074481,-69.13441822,-65.86192874,-76.99142258,-73.12556804,-61.03746827,-61.87211837,-72.5432476
13.5,16.5,-76.91750036,-61.94907588,-68.17455795,-62.32963402,-65.20505007,-59.03470495,-64.17301879,-64.37364846,-77.26997083,-65.57485701,-66.38775349,-68.79149123,-66.76083597,-61.10974922,-67.19566047,-73.5018942
13.5,18.0,-91.19506142,-62.39157516,-66.22504822,-62.22837197,-65.29169503,-62.52841607,-66.10478892,-73.85514096,-73.78634049,-62.78954415,-65.95940609,-66.73341004,-67.03829624,-60.49411838,-69.91362077,-74.71510258
13.5,19.5,-68.50482011,-62.92710386,-71.96037644,-66.03867555,-65.54558624,-58.54066648,-60.97302355,-72.43784195,-70.11892652,-62.10886854,-72.45078359,-64.26520972,-61.63009311,-61.7025414,-64.7584613,-71.51886222
13.5,21.0,-70.51332094,-67.88627899,-71.76818018,-95.77722453,-62.30911491,-61.9712783,-65.20406192,-73.76188618,-69.94621336,-65.69771252,-66.89773775,-68.48606726,-63.6817645,-63.6920565,-62.27316297,-70.53582179
13.5,22.5,-68.27712563,-65.61643375,-66.96673287,-64.93108919,-74.91811679,-60.5459222,-65.62600798,-64.9401817,-76.48057731,-62.47755324,-65.64437336,-72.40175176,-65.91142656,-62.95964622,-62.06240367,-68.13029132
13.5,24.0,-68.24724813,-66.0907412,-67.13175027,-67.13514257,-70.58949624,-66.72297911,-64.47812945,-62.98546414,-68.59006697,-65.25878679,-64.3476317,-71.35462818,-70.54913813,-67.49163762,-64.55202263,-69.91249086
13.5,25.5,-75.13751438,-53.43197902,-62.35623707,-70.12582433,-72.13791221,-65.84092851,-63.26959361,-62.58661869,-71.63736954,-61.54084738,-70.23524823,-71.88282502,-68.99514065,-76.61350245,-68.17401188,-70.83045197
13.5,27.0,-78.52211425,-60.67130861,-73.96697656,-71.4139279,-64.5263343,-74.00535028,-65.84365653,-97.59389538,-68.88795385,-56.16805726,-70.0905105,-71.23395242,-63.26306892,-77.89569487,-69.70040021,-75.96862293
15.0,27.0,-65.18685121,-61.81108303,-71.11234483,-72.58746508,-62.31687531,-73.01659946,-67.51035626,-69.4168343,-66.56964073,-64.77631055,-66.90901948,-71.18237725,-64.55012622,-71.35886436,-67.82117996,-72.41309395
15.0,25.5,-69.92022109,-58.75040666,-68.79927248,-70.47783637,-68.70448634,-64.41867144,-65.66860291,-72.29955433,-68.08611501,-59.75488788,-63.27366249,-70.05482328,-62.85418025,-71.77728791,-65.01129262,-77.98985224
15.0,24.0,-74.26505861,-60.31859289,-70.04472232,-65.57049601,-81.24344182,-64.2444854,-62.42957073,-79.99009221,-72.68214943,-62.46638147,-65.8860022,-70.58943202,-73.8457398,-65.16514606,-61.03881403,-77.39553485
15.0,22.5,-68.3603464,-71.59138273,-68.13247167,-65.74377383,-67.48437347,-60.81419518,-61.06576468,-60.53934246,-73.2644896,-66.70709938,-67.81733975,-68.90654036,-70.30403151,-62.3692666,-62.22451994,-70.34191943
15.0,21.0,-74.5343563,-74.99461756,-66.27446799,-68.14201744,-71.08714985,-60.84156749,-62.73830124,-64.26767909,-74.99756248,-62.40638466,-68.0467523,-68.26836247,-66.32072398,-63.95968652,-65.30701401,-66.213958
15.0,19.5,-79.89931009,-67.49488715,-77.7346073,-67.80756921,-67.53589721,-63.20572129,-65.97715819,-61.88463475,-76.15094688,-70.16388003,-65.90899058,-66.8151334,-68.01101568,-61.12783793,-63.35386759,-63.10680719
15.0,18.0,-75.82834172,-59.5400162,-67.35336644,-62.12766179,-60.54272952,-59.80673378,-68.4765894,-68.32448143,-80.9643213,-64.47032211,-69.9681031,-69.09750905,-63.4442686,-61.42661149,-68.14856422,-73.52950275
15.0,16.5,-77.54560174,-69.49021156,-69.17413851,-61.92973223,-75.70028731,-61.42927444,-65.88796541,-83.51582824,-80.94600563,-68.39051628,-63.283705,-64.98395885,-63.47668736,-61.7222753,-69.67027107,-74.7048731
15.0,15.0,-78.04919677,-65.4914737,-66.71631882,-71.28224383,-68.63198883,-61.65563591,-62.7832941,-65.97462328,-77.79435126,-67.5664315,-68.75561385,-79.59508832,-67.41706433,-60.55309742,-62.87430258,-73.91725332
15.0,13.5,-77.54628519,-67.61293529,-77.45417618,-65.44606477,-64.99832927,-73.04856218,-59.55464699,-68.39400326,-76.60967596,-69.55206502,-76.00422957,-68.27048356,-61.17354366,-70.33586225,-60.97368664,-68.17625655
15.0,12.0,-80.7253848,-77.54863198,-75.5870252,-69.73395944,-60.48366886,-66.93138834,-59.47148009,-67.38629861,-79.89390945,-70.6162783,-73.85289646,-69.95497598,-66.7790785,-71.40112402,-61.86692498,-67.22342681
15.0,10.5,-77.80190541,-77.57639954,-73.78961334,-70.161555,-65.5696766,-70.10276831,-58.00167502,-59.73368578,-77.91302894,-72.57693181,-73.54291888,-67.52606141,-64.46639624,-65.48135276,-58.84757791,-65.93949807
15.0,9.0,-73.91692986,-76.04772327,-71.47693864,-68.21385291,-60.69575339,-64.79454179,-59.08573225,-56.83092895,-79.19289343,-72.31424412,-71.25026981,-66.49725232,-61.12354639,-69.90162014,-57.00748578,-64.44443533
15.0,7.5,-77.5645483,-70.70084589,-67.29077755,-75.21348502,-62.98716822,-69.37992967,-59.40618716,-76.1277415,-72.42057955,-68.93915803,-70.08032724,-68.08629989,-58.38045921,-67.66598647,-55.40541597,-71.91314866
15.0,6.0,-71.41222884,-70.57916277,-68.49099235,-78.81170471,-65.39846845,-60.70453349,-57.85710958,-62.27649004,-74.60214783,-70.27812369,-69.18486688,-75.59478061,-64.59719731,-66.91541341,-58.90772428,-62.12749996
15.0,4.5,-80.33925744,-77.92164322,-76.14608653,-79.23726748,-65.22063387,-60.52948991,-54.16855022,-58.66521115,-75.93958747,-68.72067934,-77.45602393,-71.58528061,-74.25856356,-66.49510796,-56.90498554,-61.66927196
15.0,3.0,-77.37140711,-73.8884499,-79.37480348,-75.93376345,-58.11703065,-59.75516587,-54.93842591,-60.75012728,-71.33607045,-74.70003977,-72.98816523,-73.18503316,-62.74587765,-63.47406746,-54.66986368,-63.11112873
15.0,1.5,-76.79228142,-75.48835668,-78.4047752,-78.76082803,-64.08121358,-56.8169295,-56.51622605,-63.93250063,-76.2841892,-70.88838166,-73.36367859,-73.55575048,-62.27159842,-64.7010653,-56.28809822,-57.85213097
16.5,1.5,-98.48608941,-75.34420375,-79.08044893,-77.14643659,-62.42479647,-69.80201376,-56.46177618,-69.36397376,-82.28612149,-73.79592174,-70.51457616,-70.83591416,-62.79715458,-70.7159691,-58.00157169,-61.27287877
16.5,3.0,-82.84365778,-73.02690094,-75.20691254,-78.07652518,-61.71316722,-67.64396167,-59.50733699,-65.40137528,-78.00216472,-73.14528338,-68.5237743,-75.41077941,-66.01058798,-71.21192745,-57.52120137,-60.50822354
16.5,4.5,-78.58729786,-98.34846118,-69.43172257,-77.35442137,-58.65514412,-63.34816072,-58.71850002,-58.68614953,-74.37363944,-76.83477654,-77.02245981,-72.99340061,-65.3621186,-65.68076398,-57.12807711,-55.78859238
16.5,6.0,-77.06801475,-72.27926954,-73.73730123,-79.17627313,-57.15890929,-68.53484043,-59.86673787,-66.08829338,-78.23693408,-71.32723945,-71.51999146,-79.09035603,-56.82685137,-65.85554411,-57.80313827,-59.88833717
16.5,7.5,-81.93504751,-70.62848645,-97.89271606,-73.83377932,-59.04536904,-74.73661569,-66.55924883,-57.68872606,-77.99102177,-75.62655501,-74.44590824,-70.99453309,-57.54498966,-76.70174389,-63.14806481,-64.31984386
16.5,9.0,-77.27283104,-77.46416642,-90.22707144,-75.72089423,-61.63451634,-66.04088775,-62.87045923,-59.75623302,-76.39838499,-80.95817169,-73.34050805,-65.44295122,-56.3989923,-67.82378137,-67.07682449,-61.17034152
16.5,10.5,-76.24917669,-72.30371141,-71.5843327,-74.90878331,-59.55063857,-64.07101767,-61.43314726,-60.6211981,-75.64914136,-79.20519156,-73.54201233,-67.29620152,-56.58772711,-65.91355042,-59.82342828,-64.35465606
16.5,12.0,-83.90994893,-65.76821175,-75.95040078,-70.31163544,-57.59479536,-65.99677164,-59.09380211,-58.94348574,-76.01767089,-76.84067357,-67.60442918,-70.50283149,-59.81728693,-64.73295555,-59.40814317,-70.56129907
16.5,13.5,-77.32872293,-67.21562015,-78.21483413,-67.59969409,-56.30321826,-75.14005013,-56.82194446,-64.58345571,-76.64985871,-67.97707561,-71.8085349,-74.06613586,-59.16741062,-69.31429865,-59.08123412,-64.96483377
16.5,15.0,-76.45208316,-68.57198035,-67.88120269,-78.39453665,-72.99827594,-77.86492387,-62.06373925,-60.72709714,-79.09880269,-68.82061664,-69.12242274,-80.22660746,-64.3519747,-72.05716452,-64.0582386,-63.7785345
16.5,16.5,-92.75144229,-68.09768843,-65.20817994,-66.17478933,-58.79079134,-64.65324272,-72.51347439,-65.65353444,-78.94203418,-71.88348606,-65.5833264,-75.36845134,-65.54898841,-69.68352037,-75.15553114,-69.46155785
16.5,18.0,-69.57905021,-67.64802109,-66.22540177,-65.92750386,-95.65544288,-60.46098821,-75.1447153,-64.86933309,-76.4345386,-65.28717971,-68.67870959,-72.2609094,-60.92465231,-61.02253915,-73.78520742,-66.14036655
16.5,19.5,-79.7488352,-67.3369703,-70.63354139,-68.44689419,-72.06512065,-64.68096222,-69.48198142,-76.67869585,-75.85032559,-64.42328372,-63.87886981,-73.85034446,-69.99659342,-63.66358022,-73.26767322,-72.37505747
16.5,21.0,-73.29735025,-73.09409524,-65.7291767,-75.1308799,-62.70499569,-59.38838718,-63.99009922,-73.21463767,-75.33545495,-70.04130045,-60.58524265,-70.87147618,-59.27519992,-63.3691959,-68.32484773,-72.11423536
16.5,22.5,-76.66039007,-65.07844957,-62.53073886,-72.97034936,-60.46338465,-65.58675998,-64.81970182,-65.78255859,-72.22244489,-64.84134422,-68.1738277,-71.47810099,-60.05629095,-68.07222239,-62.16474112,-69.11776399
16.5,24.0,-75.81289496,-65.27601593,-60.10368804,-72.04650437,-65.31917206,-74.84761629,-58.29936918,-68.37316894,-74.1734728,-73.76739999,-59.73906853,-76.17930795,-63.66196438,-76.30530722,-60.83478989,-71.1768144
16.5,25.5,-73.55680201,-67.00998208,-60.60400716,-74.41512137,-67.47227034,-67.48541911,-66.0096994,-70.74691402,-72.30993523,-71.53016169,-61.0703988,-76.28122061,-65.98420185,-68.62458777,-68.98162552,-75.64628558
16.5,27.0,-73.57171673,-66.16398354,-59.99910606,-89.05776471,-65.06564239,-70.27507586,-71.14945921,-65.44548559,-72.87946012,-62.2444625,-61.8422223,-69.55383588,-61.43536434,-67.58421182,-71.27028248,-70.32031572
18.0,27.0,-70.96525492,-65.45346089,-65.72598994,-100.0,-60.81451155,-74.16819285,-72.51441579,-65.78447204,-73.0937643,-66.18812371,-59.50752605,-70.23121214,-59.63439265,-73.85239862,-70.10155756,-74.01950767
18.0,25.5,-83.65074887,-84.93811997,-60.92004867,-84.35455745,-77.31333131,-83.38954591,-79.41577769,-66.84215351,-74.20385502,-67.93164004,-62.92806148,-72.20094239,-60.9340971,-79.30451869,-75.34259318,-67.94161075
18.0,24.0,-75.32657038,-65.66664296,-60.33407118,-77.57868738,-61.74200478,-69.28647817,-68.38543958,-62.36019373,-74.79686152,-66.68699204,-60.58433371,-75.29279488,-60.0370885,-64.80779106,-69.21827148,-68.52401275
18.0,22.5,-72.81303341,-65.76841672,-62.48998557,-76.4969964,-66.12000076,-62.64229763,-68.33290168,-60.94169397,-74.78629899,-65.61599221,-62.34476912,-68.30148509,-62.08598889,-65.08805095,-68.42124673,-66.6081232
18.0,21.0,-76.47839381,-66.73524262,-64.59790064,-72.97347478,-60.57749277,-68.91433735,-74.4153526,-67.10331579,-73.92549216,-67.40743468,-69.24605137,-67.25083724,-60.6117116,-66.07962283,-70.29515148,-70.78287033
18.0,19.5,-73.50272548,-70.96861245,-62.73924956,-72.89258504,-62.38716783,-63.32144969,-63.16807671,-63.8377536,-72.27543971,-70.8397939,-62.49493877,-72.2858448,-57.51124867,-65.04968569,-66.09453831,-68.52462591
18.0,18.0,-75.28199445,-72.35900614,-73.13871209,-74.31832256,-63.63562408,-67.0547333,-61.0983888,-68.79357237,-77.05787032,-68.74692939,-69.42013613,-70.46910398,-56.87193099,-69.89584236,-63.31165401,-68.97313469
18.0,16.5,-72.22946602,-73.76376712,-66.8748048,-71.03780149,-58.26955541,-78.31446396,-83.16030844,-67.82342209,-70.11892689,-71.31693609,-69.0249571,-75.26844538,-56.98151644,-72.56566666,-62.96931355,-68.80670848
18.0,15.0,-79.33570407,-73.87647164,-71.09050107,-76.03353506,-58.6623541,-65.63866935,-61.32532142,-69.15808724,-77.68793675,-71.2569062,-69.9796415,-77.16754662,-63.99872892,-67.21451075,-63.0643869,-65.86786188
18.0,13.5,-81.04684196,-70.77722183,-69.67145093,-72.27708514,-61.09611676,-65.96273956,-57.12780512,-61.57512681,-77.36086448,-72.80478057,-71.77809253,-73.89943507,-57.37568508,-65.65417501,-57.4348734,-67.59337548
18.0,12.0,-82.48938288,-67.140152,-80.44465147,-74.61532781,-57.39901784,-67.37575827,-63.03250648,-58.87757026,-79.15284505,-70.01441149,-67.0946239,-70.74247211,-54.58377363,-60.76853812,-63.12549132,-62.30048028
18.0,10.5,-78.8864875,-72.12854018,-80.6904311,-75.31017844,-56.48568008,-67.47946805,-73.37412626,-62.33462403,-75.05169328,-75.81323698,-73.19140074,-66.015814,-55.75571638,-61.23110724,-71.67822476,-60.59492382
18.0,9.0,-76.20079819,-73.52102976,-71.66135162,-78.36610561,-57.41059989,-65.95620276,-65.36651097,-56.96679904,-74.92443821,-75.78090927,-71.77899898,-69.61974389,-55.92199281,-64.95531072,-63.16689174,-63.02466101
18.0,7.5,-75.52380627,-75.68130222,-70.75443658,-73.60164672,-59.196216,-69.80644025,-58.51260055,-62.01763923,-75.22115355,-78.87492532,-65.2196612,-68.68021711,-59.41141033,-71.60999372,-59.3880082,-66.63543139
18.0,6.0,-77.30088219,-82.15386648,-72.23902925,-76.49222853,-57.80865502,-69.39589278,-59.58978955,-66.27021929,-71.06841251,-75.91208627,-70.32853547,-78.4898706,-55.93944572,-71.28818867,-60.94812372,-68.80238785
18.0,4.5,-74.54206795,-79.84567921,-70.34859482,-74.31943091,-62.59879808,-71.17002317,-59.21123783,-56.41128638,-75.55190162,-77.46704886,-74.24357797,-72.56490413,-64.55698388,-65.74344068,-59.91052711,-55.47979693
18.0,3.0,-77.36376958,-70.0187789,-78.1118532,-76.26288821,-66.4866027,-67.20854542,-55.87182007,-59.20189339,-80.31586216,-76.18305973,-71.33197686,-70.19059193,-63.5338792,-71.3546904,-62.42439392,-56.18437765
18.0,1.5,-77.49381355,-71.94338405,-76.04010859,-79.39965557,-60.79679666,-66.41062368,-58.94905977,-61.78595466,-81.8210539,-81.61570222,-72.94440828,-75.43416492,-62.1140674,-68.77724655,-60.79383749,-55.19071656
19.5,1.5,-80.51330465,-77.1098944,-78.02643459,-73.72390243,-62.82595902,-66.6127153,-61.48813218,-52.34879625,-77.44565369,-75.84928917,-71.64734972,-76.92177685,-64.6610075,-70.80639937,-64.15954228,-55.08920205
19.5,3.0,-98.14201883,-74.68961968,-73.3709154,-71.92174691,-67.1077148,-72.3783736,-61.30521703,-54.27673172,-80.3593362,-75.22164284,-75.27992722,-73.07411038,-61.98977584,-72.40688732,-62.88605691,-55.26460932
19.5,4.5,-80.46997467,-69.28282813,-76.39704318,-81.48603862,-60.16154908,-69.67868314,-58.73733456,-59.94845333,-79.47971279,-71.95333152,-73.83560035,-76.76776799,-59.73627653,-64.0593727,-58.43122966,-58.40152015
19.5,6.0,-76.48153665,-75.35646455,-71.51647034,-76.67007267,-60.1657088,-74.15905962,-59.83015194,-65.62373312,-78.3147224,-74.87826566,-72.99076764,-68.01427269,-60.93733854,-67.42856053,-59.99965681,-63.34960514
19.5,7.5,-75.42011513,-72.27610914,-72.9643043,-75.9049315,-56.16522516,-66.19207594,-64.8162068,-58.80713169,-76.00602941,-72.04582555,-74.17701327,-73.50740818,-55.74962933,-64.24425052,-61.51764681,-60.32005061
19.5,9.0,-82.9588976,-83.31938292,-78.04421096,-77.40368988,-57.72321328,-66.14818515,-66.01341697,-65.56263262,-72.29366749,-72.4673112,-76.33753387,-66.89484404,-54.61978552,-67.90005625,-61.75568853,-64.04225889
19.5,10.5,-81.088869,-96.47830762,-92.80478008,-71.22835231,-55.81987846,-70.03554105,-60.31819681,-65.42324725,-77.4444908,-74.5346024,-70.58882335,-67.13714541,-51.72317486,-65.72507372,-61.22661804,-63.8232421
19.5,12.0,-81.66580465,-69.6834892,-69.86027709,-67.89344723,-49.4569556,-67.08885113,-71.67825773,-65.72001911,-74.42623621,-71.0262006,-73.391418,-66.94708836,-50.37095495,-65.68628256,-66.00245643,-71.66332092
19.5,13.5,-76.09106508,-68.45896957,-69.43471382,-71.49100511,-58.25324593,-66.40344872,-68.39435175,-63.5616712,-78.56440495,-70.69619202,-70.25154648,-75.346977,-51.24059164,-72.09044938,-73.40880557,-64.67726618
19.5,15.0,-81.12849234,-69.50353694,-70.06327903,-76.42583166,-57.53222513,-77.58386525,-63.22711054,-62.29095177,-73.59673549,-72.56041065,-66.96598254,-74.39355967,-56.86923417,-70.45922884,-65.00254774,-66.34561827
19.5,16.5,-74.36066463,-78.07777945,-83.42581206,-74.88011873,-58.33393101,-66.72411681,-60.53748358,-67.42601225,-75.96437348,-78.13073989,-67.28909413,-73.92920165,-55.00959386,-68.30870818,-62.27332089,-65.17663142
19.5,18.0,-70.6579369,-72.4650346,-100.0,-67.18854073,-58.92621145,-72.59563748,-59.62290093,-61.71068269,-71.03730882,-74.41771254,-63.91209226,-70.10881541,-60.76527901,-68.36654033,-62.08453171,-69.20856889
19.5,19.5,-77.61901549,-62.34133106,-65.66632777,-68.31358712,-62.09927952,-68.34955409,-60.44807035,-60.28368805,-72.27776391,-67.58877584,-65.96673404,-70.26553091,-57.27812368,-74.28888995,-62.68752625,-68.01274082
19.5,21.0,-71.80785384,-65.52651757,-65.39894773,-71.76864972,-60.00447662,-65.07093044,-62.70197027,-63.44644266,-74.8924948,-68.31377972,-61.37756947,-66.97879672,-57.9430155,-64.97451473,-64.58814033,-68.70148849
19.5,22.5,-72.64514436,-73.49201951,-64.07064634,-76.15035429,-62.14556385,-67.09803095,-61.44740737,-68.28737486,-77.65548146,-71.33358601,-72.35922583,-66.95212425,-58.9772394,-70.22336134,-62.35975052,-69.12064351
19.5,24.0,-70.68639232,-72.98670018,-71.198515,-74.91999426,-61.85276606,-65.84465425,-62.4206083,-65.51847424,-73.89492559,-67.28711944,-61.38569997,-73.04515054,-59.17101721,-67.25005605,-66.37839861,-70.12561282
19.5,25.5,-76.82777853,-69.75291786,-59.68515701,-74.47296533,-60.07266552,-67.49671616,-70.03188203,-62.06651105,-72.27147491,-67.54669825,-58.06654154,-80.10822774,-58.90713103,-66.43341623,-75.10838453,-70.38404886
19.5,27.0,-70.6211109,-66.88023467,-52.72087617,-70.48478745,-61.87195112,-79.22268778,-74.5381468,-68.01825926,-72.99484894,-64.38210989,-52.26151524,-72.85129234,-62.3051107,-74.79498718,-75.65510752,-70.24535212
21.0,27.0,-65.80245951,-68.46807585,-49.20183713,-71.10959602,-60.71417417,-69.45625696,-65.38467688,-71.03986238,-70.24341397,-67.14258909,-50.01035871,-72.08178662,-62.1865059,-71.44683092,-69.43953661,-67.22531024
21.0,25.5,-69.45361221,-67.13536182,-60.07590565,-74.04465532,-57.14137308,-68.0370868,-64.44370141,-68.49475575,-71.74699338,-71.76148389,-56.23090419,-77.9811051,-60.47634135,-75.10754755,-66.88246113,-70.13369805
21.0,24.0,-67.33504387,-67.84753804,-63.81954664,-73.66091022,-57.01170333,-71.86138061,-62.98886527,-67.99782575,-71.51867854,-70.71652161,-57.63857038,-67.14886773,-60.22486642,-68.54042609,-66.61266745,-69.36782413
21.0,22.5,-70.1140244,-65.53562872,-58.7245616,-70.18059553,-57.14700246,-69.15875342,-62.21649311,-65.56123856,-71.16699437,-74.74457743,-60.31258716,-63.14981414,-56.69007954,-74.95482569,-62.57437919,-70.74914134
21.0,21.0,-70.88435754,-68.19538742,-60.40212364,-73.43397358,-60.62445674,-68.80438857,-59.30700231,-69.3285917,-76.3982254,-68.56289413,-61.71444534,-65.01016226,-54.1936726,-68.9856103,-61.69479361,-67.50124628
21.0,19.5,-73.30879831,-71.05919747,-60.02502918,-73.09937314,-61.62533296,-71.36001474,-60.41257478,-67.33595313,-74.55015598,-66.50394555,-63.47459624,-68.25241688,-55.08466636,-77.58326283,-63.13744317,-65.99942343
21.0,18.0,-73.82423341,-75.36662397,-65.59436957,-66.92381515,-51.854586,-72.33939032,-61.17712196,-67.08158516,-77.85047918,-74.66106551,-66.99873134,-73.32253066,-51.72071535,-70.81081828,-65.36546699,-65.21692563
21.0,16.5,-75.59951236,-71.16304924,-67.60082983,-73.8624211,-57.95579942,-78.45384313,-61.98972926,-65.95153069,-76.02916516,-72.30154601,-64.22807739,-68.68487836,-50.56797684,-74.08185631,-70.52799557,-66.69362091
21.0,15.0,-77.56059295,-76.03279106,-67.56412212,-100.0,-50.53058113,-69.24898855,-70.67607599,-61.07486853,-70.99201447,-74.2297794,-67.02342797,-79.78349709,-49.1328371,-72.14771918,-67.7278174,-63.99143085
21.0,13.5,-78.83570667,-81.55403109,-67.46589091,-74.00671261,-43.58626215,-63.77738023,-65.7696458,-66.55780634,-78.91715063,-76.41853684,-70.95962687,-77.45816217,-44.26096568,-65.76125241,-68.75055677,-66.18986191
21.0,12.0,-76.50854445,-73.19925761,-71.42703274,-67.96583901,-50.78422621,-63.07801371,-61.35745323,-55.82613919,-76.68202924,-69.86846408,-68.4512185,-67.44616698,-49.87921737,-65.16335918,-61.47759845,-62.72045027
21.0,10.5,-79.48398251,-77.15992835,-79.14921413,-74.07438632,-67.10291018,-65.96894752,-88.65653268,-58.16396598,-82.18536683,-73.41323832,-71.25537235,-65.81077315,-51.8842289,-62.75955759,-61.04212938,-62.40272237
21.0,9.0,-71.03162973,-72.28922977,-76.74969143,-72.59497952,-54.7930992,-74.62802374,-60.41312792,-56.34681319,-80.41719612,-74.66483345,-74.26938098,-69.60140089,-54.91435612,-75.44968025,-61.35289205,-58.94556793
21.0,7.5,-76.9489547,-73.34085235,-74.6225828,-72.85039145,-56.06814108,-67.51664434,-59.48933934,-55.15651747,-75.48784137,-77.52883442,-79.14480331,-71.02617841,-55.90196551,-64.06072014,-64.43531386,-62.12680308
21.0,6.0,-79.61215253,-76.82473564,-74.20673806,-77.55930811,-60.57000367,-64.47992488,-62.00438463,-54.05240229,-75.71529063,-73.24131499,-76.98795712,-75.33818451,-56.77851065,-62.17519468,-63.02594803,-57.14473704
21.0,4.5,-77.25404894,-72.17396099,-73.88359031,-78.65816045,-61.25317333,-63.39107865,-58.84014838,-56.56484953,-76.13885749,-70.99269394,-75.00531066,-78.53894048,-57.13371142,-64.34210662,-64.43343533,-58.95784448
21.0,3.0,-80.94819902,-71.27492874,-74.94383207,-78.80855644,-61.57050965,-63.34473153,-59.68711583,-49.01005035,-79.36926403,-69.1459677,-73.95340054,-72.43364514,-64.68280997,-63.93813263,-66.33067252,-54.35348965
21.0,1.5,-83.12482868,-79.03406934,-75.55988807,-68.1919682,-58.32262176,-69.00592444,-58.12176231,-51.42175511,-78.07319212,-73.39604484,-72.74561368,-75.48482492,-58.5644112,-65.70053595,-59.47179223,-50.25185684
