x,y,wifi_rssi1,wifi_rssi2,wifi_rssi3,wifi_rssi4,wifi_rssi5,wifi_rssi6,wifi_rssi7,wifi_rssi8,sle_rssi1,sle_rssi2,sle_rssi3,sle_rssi4,sle_rssi5,sle_rssi6,sle_rssi7,sle_rssi8,ble_rssi1,ble_rssi2,ble_rssi3,ble_rssi4,ble_rssi5,ble_rssi6,ble_rssi7,ble_rssi8
2,2,-68.33188231,-64.5309217,-97.32854249,-64.80665583,-65.52325707,-50.96993718,-68.08454057,-62.52938062,-72.66009677,-63.74668318,-65.44369263,-61.96361901,-66.30452518,-48.44197772,-65.38643293,-65.78091799,-72.85738622,-62.9206963,-67.04962875,-62.33957954,-64.73649513,-52.06607388,-64.37661745,-67.94077976
2,3,-73.60544653,-63.57819345,-68.52039466,-64.96887909,-66.44364517,-48.16872334,-67.54627414,-65.0571044,-71.28732837,-63.29870689,-65.74814609,-60.49230094,-65.22742911,-48.61330219,-64.72094772,-65.60309491,-74.91470975,-60.82391346,-66.24502095,-62.16896388,-64.29759181,-48.73962461,-67.04399024,-67.59836825
2,4,-63.08642788,-62.38627755,-67.24887608,-66.28910855,-65.40798028,-51.81931632,-67.62158798,-64.96977193,-70.40475388,-63.77858202,-65.6493231,-60.55814238,-62.36025222,-53.25752664,-63.98589261,-66.40960776,-73.76145733,-63.0202078,-69.86193514,-59.94004681,-64.42144281,-53.22839157,-68.81809606,-68.80802239
2,5,-61.82785828,-63.33951652,-68.8636012,-55.25301683,-62.49155188,-54.96475975,-62.05142948,-65.49922125,-63.34766653,-65.98319761,-66.26974817,-58.83321403,-61.77506724,-55.26053261,-62.36621142,-66.58124046,-66.2387173,-62.97267,-68.72818546,-63.275271,-63.60899908,-55.12911708,-63.56104029,-67.50409483
2,6,-62.75307873,-62.42230603,-70.28503973,-60.47441923,-65.81288137,-57.5132351,-61.71309195,-66.33003211,-63.64104999,-69.50766595,-68.09066542,-53.36121977,-62.20726884,-54.68007786,-63.93403411,-67.25438456,-66.17148078,-67.70624053,-69.38188593,-53.92959805,-63.43507607,-55.32091168,-63.74509087,-67.45173705
2,7,-67.97981104,-59.7952318,-71.78613715,-58.34286424,-64.51936318,-58.4456117,-82.46213638,-66.0624615,-68.8899595,-61.13055743,-67.93105619,-62.24774242,-63.74701542,-55.64377358,-63.59793975,-66.65917594,-74.70913402,-61.52299312,-67.17607184,-58.83305922,-65.46875122,-56.01602532,-63.48337569,-68.19659956
2,8,-60.24255604,-58.52387031,-71.08804309,-52.95336027,-65.57656223,-55.2943655,-100.0,-65.31222937,-60.99503907,-59.41968698,-66.30261967,-49.98576701,-65.18571606,-55.16136879,-60.80342123,-67.89820272,-62.64733682,-60.12776227,-67.94808559,-50.6811501,-62.80520934,-55.33753332,-63.81581775,-68.36573818
2,9,-71.60450292,-61.88078684,-71.89633865,-54.3666158,-69.34684221,-58.23006547,-63.59145131,-65.43879956,-69.68718895,-61.45021032,-65.15586539,-53.53634547,-68.75086545,-56.70451293,-59.2914771,-70.78758848,-66.6837484,-61.78721,-66.73461019,-63.17634925,-66.70684516,-57.96136316,-60.46963342,-71.34945425
2,10,-85.38347223,-59.19814415,-70.7676308,-53.24760382,-66.54735358,-56.56142982,-61.15211301,-68.64980623,-60.17448598,-59.46714086,-65.84596616,-54.33095307,-69.9266629,-56.22535054,-63.31078898,-70.98999263,-60.94493761,-58.14607368,-66.06301066,-54.06542997,-67.4897663,-56.49489287,-64.45834912,-73.6991426
2,11,-82.90154452,-58.87672146,-65.73150367,-52.36325871,-66.9868296,-58.11521519,-62.57384812,-97.40913871,-62.45516896,-58.49260061,-62.66286761,-53.57968245,-71.39250776,-58.54293547,-63.0300244,-73.41983306,-64.04112739,-59.07087261,-63.26067462,-54.52422035,-67.61359935,-58.89440935,-62.87183104,-72.08817139
2,12,-70.46015571,-59.91219378,-67.35814553,-57.26714969,-69.63432373,-60.40382269,-60.80098869,-85.3998941,-64.58600166,-62.70340928,-62.42535381,-59.55251887,-71.94573785,-61.60375002,-60.64208998,-73.89109813,-59.51584807,-64.22758165,-65.74978935,-60.43601054,-69.10420886,-61.53499574,-60.48275432,-71.69456261
2,14,-57.80842222,-60.13092213,-65.86742734,-64.46884927,-65.81972942,-60.75373223,-58.70957103,-70.06227294,-57.52451016,-61.16383003,-60.54107737,-63.85925759,-68.57791702,-60.65873548,-60.16555677,-74.17381388,-60.43593586,-61.69432425,-62.61540237,-63.0028123,-70.4062267,-59.96241588,-60.13762853,-73.5139954
3,2,-67.21483924,-66.32272578,-69.41352373,-61.60074416,-63.74972172,-51.41123231,-59.63808015,-67.32933135,-71.20904241,-64.46499006,-68.00738164,-62.99839927,-62.75051189,-51.59019592,-63.40901665,-69.32868441,-74.17716273,-64.13952399,-65.45159299,-63.20610822,-62.98343012,-51.18220108,-60.19659592,-73.77496254
3,6,-61.66077222,-60.8276218,-69.41942613,-57.5315015,-64.38863709,-58.43306332,-61.42300266,-67.38454902,-63.48670839,-65.60936023,-67.91237973,-59.77410319,-61.05175167,-55.35871342,-59.96022133,-69.63088813,-66.21901199,-63.95773099,-68.67817492,-65.90678211,-60.61484321,-55.79644475,-62.02505605,-70.75706056
3,10,-65.63241287,-77.87746461,-66.22962818,-56.7742671,-85.14909478,-56.62588925,-60.47351792,-65.10922905,-70.24974937,-59.43972318,-64.47662618,-57.57390563,-68.89389268,-56.75240039,-59.50135042,-69.46340856,-66.58899283,-57.86628325,-66.90055032,-57.41768972,-67.40945122,-56.17790211,-61.16621699,-67.85885167
3,12,-62.25923797,-58.43962703,-67.95971331,-58.02217265,-65.50523463,-61.19827851,-60.61544236,-67.40079334,-60.383686,-56.78091984,-58.94323157,-57.33391973,-70.92497151,-61.4569792,-61.58007453,-72.08203349,-62.62252172,-57.33146814,-59.99194647,-58.06347863,-73.48704811,-60.49074433,-61.47916288,-74.08844618
3,14,-60.0654303,-57.89907051,-66.78295133,-61.61984435,-69.41698378,-60.34396999,-58.42360165,-69.90923651,-68.40017295,-57.36899486,-59.81920687,-62.09510596,-70.09380214,-59.4589751,-59.79183297,-75.6536657,-65.45487339,-60.49126083,-63.57104192,-63.34547518,-68.59437246,-59.44158345,-61.34247812,-75.3323509
4,1,-65.46677282,-67.32189745,-73.33165822,-74.90426303,-64.7225478,-52.04602568,-57.43261126,-65.579011,-71.0557193,-65.99950296,-69.55132674,-65.04829505,-62.34131258,-56.96368015,-61.58323925,-65.57465405,-74.95816927,-65.39642552,-66.40193023,-65.16200281,-61.69249224,-55.98273744,-61.14790325,-66.02832614
4,2,-66.78020527,-66.85387439,-68.69235396,-100.0,-62.35671821,-56.07597932,-59.4264934,-96.10309284,-71.64999783,-64.54885471,-68.89731628,-71.39916678,-60.68154658,-56.87659923,-59.47442559,-67.89455726,-70.26786431,-65.4268877,-66.81682263,-74.32465144,-60.24305134,-56.02915706,-62.6736045,-70.26655506
4,3,-67.10051035,-65.49815249,-70.74185651,-71.29392402,-63.12519635,-53.59709636,-55.16181689,-76.70594744,-70.22079246,-63.02814177,-68.4709267,-60.42188567,-60.03799093,-54.70746705,-58.23180293,-69.51664625,-68.62339557,-61.78493438,-69.81813905,-61.12655649,-60.0939179,-54.70755564,-61.37876143,-73.1413272
4,4,-68.43676294,-67.37640854,-71.21007156,-61.19913741,-65.29965049,-55.20761483,-58.39559381,-70.15169694,-70.74915194,-67.02674923,-68.55366937,-62.35931092,-60.3176142,-54.53741335,-60.20389839,-73.31080803,-69.91100894,-63.70809023,-66.73827718,-62.69300949,-61.47667266,-56.10912227,-59.72737174,-74.94001014
4,6,-61.11639997,-62.10938358,-70.00178096,-62.73426079,-64.67481252,-90.50950248,-62.74766961,-69.46276757,-64.78019674,-63.46560024,-67.13509896,-64.58494917,-61.49618475,-58.77130452,-59.04203091,-71.6792852,-65.91903702,-63.80492773,-72.32051352,-63.32515984,-61.71832998,-57.92424564,-58.88502925,-71.37943526
4,7,-63.43094702,-59.96530462,-67.30972542,-58.68184587,-63.40867201,-58.38703582,-58.94150532,-65.60054712,-65.74841464,-60.75709168,-65.1157036,-66.57509281,-64.63855794,-57.72160772,-57.51094579,-69.90608847,-67.49704827,-62.14718246,-66.62632034,-66.10232661,-66.64400974,-57.23995453,-56.88816604,-69.8236377
4,8,-66.2335387,-59.62571881,-66.47676151,-58.32177879,-67.13175583,-61.23586168,-63.64614043,-64.6255767,-69.667829,-61.58185445,-65.629064,-55.92094329,-65.43938726,-58.06944959,-60.61495378,-67.9488033,-71.32803981,-61.78774008,-69.49311404,-57.1367943,-62.28966913,-58.1742276,-59.06065299,-70.33699911
4,10,-70.9168849,-57.39403167,-65.31914866,-57.83195941,-66.2319623,-57.23664512,-59.30761846,-64.38925136,-74.25096871,-60.78302106,-60.42109422,-63.46102929,-70.09166621,-57.51625714,-57.99181757,-68.43425731,-70.32029223,-59.5720427,-62.33925455,-61.66660472,-65.20366939,-56.64988897,-57.69976016,-67.00757158
4,12,-62.54767044,-54.24773947,-65.87395802,-60.80813148,-66.19530384,-62.59934084,-62.34654904,-66.08913028,-61.31850862,-57.02897003,-58.44680935,-58.22479689,-68.69769463,-60.40165622,-63.028177,-71.51274412,-63.20044046,-57.45631264,-60.76444232,-60.49302432,-70.87683456,-60.09204883,-64.77319255,-69.37244489
4,13,-63.31720278,-54.70125078,-69.41222308,-59.64635738,-66.36132515,-60.21668916,-58.87507475,-68.28974047,-66.17437819,-57.33528789,-58.87563131,-63.223047,-71.61478567,-58.27765097,-60.23606477,-73.75313483,-68.49242213,-57.44819799,-59.02294798,-64.27689949,-73.51595293,-59.13973668,-60.78145359,-70.1563597
4,14,-59.85958507,-57.36186905,-65.38500869,-60.4415797,-67.04386835,-60.10414718,-58.29933212,-71.41661806,-65.40715298,-55.06282932,-59.18932894,-62.00326239,-71.25990145,-58.9956547,-59.95956155,-75.01964551,-66.77753482,-53.37222443,-60.232603,-61.38254603,-67.6043671,-59.78749736,-61.4290729,-70.65195402
5,2,-66.51243137,-65.03283682,-73.67255357,-65.63449822,-67.78473814,-62.01556963,-56.01828073,-61.74058317,-69.77015842,-64.01084213,-71.01759957,-64.63744394,-63.67585979,-58.70576227,-52.79458075,-61.65327844,-71.22763201,-61.75970723,-71.07212339,-66.34294492,-62.74257592,-58.43551983,-54.56645785,-62.95969651
5,12,-60.46509266,-54.89349834,-70.58919387,-59.85276646,-66.52445606,-60.50210503,-61.18649494,-65.86835716,-64.66900667,-56.85928485,-60.80828827,-63.59216329,-67.54069744,-59.15736422,-62.71777826,-68.42722918,-65.51976467,-56.12042561,-61.34396425,-65.38473794,-72.06984304,-60.31394708,-65.65387868,-68.54684019
5,14,-70.23390151,-50.51856837,-65.89391601,-65.52980807,-65.38588713,-58.86735695,-58.69821337,-68.16544709,-66.47749769,-55.09547978,-62.79320641,-66.22607778,-68.71497297,-58.41727504,-60.00235343,-73.11712256,-63.29062762,-50.98522519,-60.49960563,-69.95846567,-66.39659526,-58.18733265,-60.78564841,-73.05712743
6,2,-68.31185762,-69.88396537,-73.32881197,-63.14074754,-70.74484255,-57.02933782,-49.24688931,-66.15879184,-71.87546321,-64.83110442,-73.05619461,-67.43396157,-67.31405244,-57.34914533,-51.0610555,-64.37242308,-68.8308489,-64.36689292,-71.92703776,-71.25431514,-65.2708566,-58.17358192,-51.46150051,-65.57252776
6,3,-66.68508321,-67.21947812,-70.4998518,-65.22117927,-70.65834473,-57.80403279,-50.68873898,-62.47306641,-71.85008999,-66.71262439,-72.99585312,-67.32579112,-68.71848808,-58.43312016,-49.61394946,-63.08342605,-75.10834499,-62.30664782,-71.35094584,-65.15169558,-71.51905936,-59.70543761,-50.38109769,-64.32050016
6,4,-71.20852761,-66.46638212,-71.35677197,-66.51272954,-69.91328311,-56.97214494,-52.98330061,-64.45499243,-72.57959355,-68.35232582,-70.67241567,-71.19116386,-68.37328086,-59.06179433,-54.58521133,-62.85257814,-70.46948685,-64.08448633,-68.78172234,-76.39773172,-65.5422456,-58.85822469,-57.83871603,-62.88586278
6,5,-68.38642225,-61.95285925,-65.78515644,-64.09077366,-66.49522,-55.84857264,-56.42388858,-62.49332112,-70.85201585,-66.22633396,-68.9433007,-62.8325976,-67.8348599,-57.52456885,-56.69178821,-62.89942638,-70.3803075,-62.14236187,-67.28680414,-65.17560167,-64.33617537,-57.00092249,-55.96458237,-64.57540242
6,6,-67.03634064,-64.21809566,-66.10003119,-65.82899109,-70.88469035,-60.01483722,-60.91596699,-65.2289149,-67.68159016,-63.41367267,-63.97062025,-62.04452012,-63.78192198,-59.99341667,-58.96404635,-65.04954271,-72.36170569,-61.00254531,-62.03152091,-63.52653795,-63.56917061,-60.18011413,-60.13561203,-64.27183579
6,8,-67.19662662,-57.1376549,-66.8592009,-58.54958777,-62.45743649,-59.80831415,-58.86999702,-66.9810014,-67.64936211,-60.45313006,-61.76905312,-65.40669797,-63.35794486,-57.78330834,-55.12171938,-73.3385547,-70.17682892,-60.03715702,-64.28547724,-67.38768117,-60.94784409,-61.30675974,-57.88035629,-71.26669217
6,10,-62.34101087,-88.53770346,-68.25923448,-65.61268562,-68.12444925,-63.92105869,-57.40417163,-64.07787002,-65.23740109,-60.55608359,-63.12640709,-64.0754493,-71.04918978,-61.11103553,-56.48951831,-68.54945915,-69.15949724,-62.65996931,-59.04724985,-61.63273984,-65.77691822,-61.39329699,-58.42168143,-64.70421942
6,12,-67.01391042,-55.75790322,-75.12962966,-59.99814566,-66.49102298,-60.98954293,-60.09870199,-63.74224432,-69.37945919,-56.61109757,-63.49352976,-62.47364396,-68.93466731,-58.56513985,-62.07651267,-68.27810701,-66.45589015,-56.12550892,-65.56451341,-63.1930504,-67.55793589,-58.28655249,-62.18493338,-65.72812975
6,14,-69.76950041,-54.63987608,-70.39064691,-61.28980484,-79.63241493,-58.35009175,-59.27567096,-67.64714357,-65.46349851,-54.90444108,-62.89232011,-63.47643265,-65.75190665,-58.63484933,-61.16539454,-71.45901567,-71.09659216,-51.64779896,-62.20417419,-62.14324254,-64.49107644,-60.47550738,-61.97481835,-67.41699514
7,8,-65.0168172,-60.19342129,-75.53459194,-63.55907494,-60.3909949,-58.54073484,-58.24607747,-65.22447551,-68.20810924,-63.91125695,-64.71354409,-65.81556631,-60.92727745,-58.87778828,-55.73969009,-68.18743206,-69.68755844,-58.97472878,-63.64759146,-64.5284415,-60.91050424,-59.65296702,-58.0058888,-65.44811425
7,10,-69.14776743,-56.26377638,-66.17811542,-63.22711908,-63.87888006,-65.55939019,-58.37476992,-67.82628404,-68.04774485,-59.6326527,-63.15748433,-65.44817476,-67.60736962,-60.94706744,-56.49865112,-72.45943623,-68.24363157,-63.05453539,-63.62008268,-63.44528276,-66.84543358,-63.21259652,-59.16340703,-68.25581505
7,12,-66.37959885,-54.53628954,-67.9904689,-63.25001726,-68.26792961,-60.23971378,-62.58887407,-62.6165689,-66.90130635,-54.53794858,-66.66837152,-66.68575167,-71.18345014,-58.31056094,-62.85705964,-66.09939201,-65.82620781,-54.97865358,-64.08153543,-66.91759104,-64.22981087,-57.70091387,-64.81207076,-66.16870165
8,1,-68.24779518,-66.29132229,-73.28443633,-68.80530563,-75.93909138,-59.96812355,-40.06006086,-63.05616018,-73.63071502,-64.8265688,-72.71668718,-70.20303204,-64.43125917,-61.20680555,-38.85333401,-60.92034237,-76.12862226,-62.76432208,-73.45435004,-70.56482399,-62.24214074,-60.14100011,-39.63019175,-62.59214534
8,2,-71.11061943,-67.77890724,-97.93557647,-69.61220384,-97.45387765,-58.7860449,-46.96244019,-60.34196399,-71.88355112,-65.51706566,-71.2790843,-71.36521509,-64.59712054,-59.9479494,-46.11270099,-60.84432603,-75.87647114,-63.85984631,-72.35561925,-72.16015589,-61.9642361,-60.62767411,-46.67021588,-62.27973185
8,4,-68.6555813,-64.08777399,-68.00366832,-66.62820999,-68.03914924,-60.25418614,-51.36866554,-62.98275392,-72.81339557,-68.67594124,-66.4783069,-66.94093044,-64.92844691,-61.53737192,-51.88012782,-64.68364365,-71.53013632,-65.28954316,-64.25336693,-71.03854139,-61.94991969,-63.63058417,-51.72226994,-63.48234035
8,5,-70.38179526,-61.97284435,-66.06225727,-66.07647177,-67.87096172,-58.5696304,-53.45726323,-65.53330642,-74.84068718,-64.80342603,-65.55764481,-64.35373331,-67.67509581,-61.22937646,-52.17660167,-67.30762026,-73.98320623,-62.70884636,-64.8613608,-65.68103929,-64.65884366,-60.11238508,-53.10728093,-65.3282019
8,6,-71.5027248,-67.16459784,-71.53175909,-65.37485552,-67.27702085,-56.82577043,-56.60291227,-65.02884973,-71.49790415,-65.32960388,-64.67162105,-66.66265369,-67.37847989,-59.08319468,-55.44399143,-66.30543059,-72.13927416,-62.93167795,-64.4214171,-66.79988914,-62.83284897,-61.0928925,-55.18957167,-65.10585452
8,7,-71.5891555,-62.39267955,-72.67134776,-65.71587152,-68.78073495,-56.8678257,-57.68206111,-63.24541879,-67.75798186,-64.71438848,-64.6451217,-66.685075,-65.79914628,-59.98318847,-55.85855469,-64.55697852,-71.30816778,-61.54100226,-65.46621825,-66.27653578,-61.96286506,-62.17192195,-57.12578811,-64.35492726
8,8,-65.54217928,-60.5284875,-68.85516488,-66.38476315,-65.98260682,-63.45035559,-56.40598384,-62.67215984,-69.63459476,-61.92605684,-65.20208768,-65.6543361,-66.55909315,-61.73697616,-54.89857201,-64.54690872,-72.89709887,-60.50524786,-64.46926293,-70.54737289,-66.32224685,-61.02010355,-54.8262032,-62.81481688
8,10,-73.7815764,-57.30716483,-65.20079111,-65.70204607,-66.86498544,-62.86931615,-89.61980871,-65.33910121,-68.2824283,-64.04250353,-64.77410315,-65.12449587,-70.28623793,-61.5538571,-58.769743,-70.49534788,-68.64358006,-60.55853503,-60.96841759,-63.50042015,-72.03952361,-61.09607491,-57.98484104,-67.94222997
8,11,-71.08590543,-56.2887156,-69.74153346,-66.83283528,-64.13630176,-61.31094228,-81.7515243,-65.66991924,-69.41852788,-63.07127232,-63.81933638,-65.83707552,-67.37406471,-60.10095217,-59.18083475,-68.51248705,-67.98705368,-66.07846704,-61.82186812,-65.13957458,-73.49494558,-60.55181894,-59.97106503,-66.41584125
8,12,-76.68373971,-53.49664494,-74.19362696,-66.00277366,-62.6662425,-59.99837128,-60.81794396,-64.88469404,-73.93584506,-53.35841117,-65.28805061,-66.74751342,-67.02432353,-58.67456329,-63.34611409,-65.67647423,-73.16166127,-54.38298195,-62.87407657,-68.12384973,-68.66088678,-59.83202302,-63.68708664,-64.1899105
8,14,-73.48532304,-46.38779851,-67.20499575,-65.24923124,-65.16959804,-59.75030499,-60.3148526,-62.88680805,-64.89209559,-49.09125159,-63.68868615,-66.27823571,-67.66809572,-60.79748317,-59.96586851,-66.11027544,-64.13747055,-48.39813628,-62.38877662,-67.37236777,-72.97729814,-59.95745427,-60.05352094,-64.64463188
8,15,-94.5799525,-43.0276346,-67.74309608,-64.82792064,-62.01337502,-62.58226397,-60.18541652,-65.91654713,-65.99277079,-45.45387987,-64.3279937,-65.1726433,-64.35433513,-63.28155315,-59.72567925,-68.03683894,-69.90189881,-46.31549863,-65.71418288,-63.77351932,-61.79943641,-62.50231333,-59.92103423,-66.44211905
9,6,-70.23303217,-65.83693986,-70.34598418,-65.52833436,-63.8656635,-58.16452108,-55.59328523,-64.00875866,-71.14811561,-68.46008985,-65.95397814,-70.82440742,-68.91383524,-61.53022332,-55.41346564,-66.33478261,-75.01109855,-68.87781316,-64.34619592,-70.09783752,-65.83257454,-62.36604034,-54.24141053,-66.0585469
9,12,-65.76507156,-52.72181185,-61.15108722,-64.32569633,-63.85836525,-58.88480767,-61.3150102,-83.18679682,-66.78633727,-60.42774198,-64.03802661,-65.07847153,-67.13669442,-59.65348247,-63.35443883,-65.79763289,-65.22475126,-60.42960012,-63.20447037,-63.65177197,-65.67602715,-59.54960631,-63.75876127,-63.90298108
10,1,-74.73422141,-64.1515922,-70.0966812,-71.27683366,-62.52581223,-60.2892479,-48.93153186,-64.71749684,-73.4758353,-68.60965206,-72.03970988,-72.26150711,-60.30979531,-60.65650945,-48.42433706,-66.19680141,-77.16561397,-67.09730611,-72.85937367,-71.74122871,-59.71751193,-60.41080721,-47.7083336,-66.15587379
10,2,-96.47820213,-64.5432533,-66.72238761,-72.69642299,-64.4795641,-57.19783042,-49.41437651,-72.32732693,-72.1352677,-70.24375181,-69.72191687,-69.48950116,-61.692221,-59.39196739,-48.69760351,-62.63917432,-76.1213996,-70.82058283,-68.52012447,-70.69879648,-60.26215353,-59.43066883,-47.12057931,-62.75923374
10,3,-85.98309331,-67.29809415,-66.92557426,-66.23855979,-61.60629704,-56.99404127,-51.48978641,-65.59786361,-73.23636042,-72.07442245,-66.62991588,-69.22728991,-62.55251567,-59.50912855,-48.76764285,-61.3682072,-72.4467578,-69.4517062,-64.68071217,-69.39054513,-59.54965715,-59.77464198,-49.0645087,-59.57749076
10,4,-69.54169065,-62.71282578,-65.35201862,-65.80248677,-58.38091923,-57.95849077,-51.42457287,-67.27626132,-73.56889761,-70.08711615,-65.50224364,-67.87217636,-61.41499539,-62.11310856,-52.84144851,-65.55425413,-76.44601181,-67.63687683,-61.71844515,-68.03507578,-60.96519576,-62.64559032,-53.46967754,-62.2977018
10,6,-70.61422761,-61.15602943,-69.11419489,-64.3412795,-59.83685158,-58.93679512,-57.68027202,-61.93908285,-72.7691884,-65.1871816,-66.07227576,-68.25548545,-62.18670708,-64.98277955,-56.20043615,-62.02711662,-73.09295247,-66.63268926,-65.6643606,-68.77205342,-59.29420896,-64.06344337,-54.87191894,-60.77494715
10,7,-72.2916723,-64.63818824,-64.09473483,-67.65819439,-59.7549482,-64.11058845,-60.95993068,-64.2963299,-71.08945114,-66.11200498,-67.93250193,-64.25827038,-61.52884659,-67.21593894,-57.58564211,-67.30657259,-71.24407257,-70.10759458,-63.49768708,-65.91541367,-61.16580715,-66.30198524,-58.4652669,-67.51775613
10,8,-76.50709008,-59.52466426,-61.02964088,-64.13589822,-65.47645856,-67.89157282,-55.99830781,-65.36780011,-73.12761248,-59.31735509,-64.14730884,-62.94088862,-66.94722008,-65.5042142,-55.09320747,-67.03090386,-74.05704704,-61.14923418,-66.87686944,-63.04813916,-63.04045835,-64.21439797,-55.64664845,-62.41515285
10,9,-78.38384597,-66.78376499,-61.74116249,-66.02518663,-62.02358653,-61.34431491,-58.08163998,-62.14808611,-73.72834979,-68.28478516,-63.26273894,-61.9956813,-62.03512765,-62.99466941,-57.88874716,-63.71621893,-71.58922893,-71.95805141,-62.32895096,-64.96348838,-61.97621057,-61.26125584,-57.405345,-61.22253084
10,10,-71.08678172,-60.6128723,-65.40214303,-64.41157052,-64.7063949,-59.90253717,-55.66199183,-62.1309099,-72.93358286,-59.62017701,-64.20292609,-62.32658495,-66.79127018,-61.50073789,-56.6259628,-63.88958196,-74.00166594,-61.90099466,-61.4769217,-66.10992002,-61.13227419,-62.18486611,-56.6061964,-61.32921959
10,12,-65.50826714,-61.41862434,-60.88053677,-62.7053572,-67.11205963,-61.55528666,-62.35439039,-64.88975026,-66.78300733,-64.48044086,-63.07068692,-64.65849411,-64.14955953,-62.70796685,-62.76353674,-67.2090291,-67.72630112,-58.53814758,-64.14092669,-65.21093982,-65.60353178,-61.59136001,-62.68778291,-65.30612492
10,14,-67.29074291,-54.80144193,-65.99248709,-64.50676236,-60.35824911,-68.20251382,-61.316747,-61.19888913,-68.35532562,-56.16679432,-63.44488659,-67.83111348,-63.9103779,-66.79546398,-60.81328668,-64.36814456,-66.15702617,-61.60836768,-65.93674419,-66.63630105,-61.88968687,-66.5844173,-60.96419731,-63.65695164
11,2,-72.3989643,-64.35193692,-68.42788893,-97.0965373,-60.27729363,-61.00300228,-49.77296771,-65.63370574,-70.87048521,-69.80339634,-68.93229565,-73.10875075,-60.01406472,-62.76562484,-49.7629449,-64.76796186,-73.15159069,-66.27422658,-65.5412821,-71.37114605,-56.68382854,-64.96628511,-49.8936171,-61.5592157
11,6,-71.79552415,-60.68591221,-69.61488433,-68.48370416,-60.51740878,-62.08893859,-58.75039374,-63.72996924,-71.28930662,-67.17509831,-66.70385676,-69.35213929,-58.90526686,-67.59269854,-57.10182721,-65.2179532,-70.26189671,-63.86939007,-65.10672092,-71.70065132,-57.66591442,-68.22777089,-55.60406882,-64.52727846
11,12,-70.4356662,-61.10546049,-91.43701505,-66.55273069,-68.3695514,-63.17978704,-63.6850518,-63.01340647,-75.76048819,-59.13082283,-62.20207263,-68.39637639,-65.66596252,-64.6377261,-62.94422717,-67.28215034,-71.8649285,-59.70684168,-62.02929409,-68.08408577,-64.97522965,-68.47397686,-62.88119312,-66.62569295
12,2,-78.46696086,-66.50314027,-74.30539083,-68.07184766,-55.87807224,-58.49111553,-58.09768867,-55.26331581,-72.37857858,-70.72932749,-69.06312627,-72.6617384,-57.21619923,-66.62918502,-55.33759904,-62.40800361,-72.80761474,-68.70568981,-68.28976214,-75.32056939,-54.58207993,-67.28086891,-53.7479377,-64.45766135
12,4,-70.23731871,-67.28254204,-69.62987042,-69.80983172,-54.65395084,-62.78947053,-59.86861871,-60.04623055,-73.93285252,-70.39818166,-66.65767186,-73.34273069,-52.95574427,-67.37148316,-55.09942914,-60.0250192,-73.74475152,-73.02447561,-63.69009971,-75.11532781,-52.28851701,-69.39615742,-55.02316001,-58.5032489
12,5,-68.66494929,-62.56930213,-72.05169872,-72.51501009,-51.89138851,-59.03418941,-55.92753168,-64.72697361,-74.91077135,-67.44318778,-66.31859726,-72.06553152,-53.35701274,-67.93216023,-58.64180851,-64.56171781,-74.56455577,-66.96758111,-66.60585144,-80.11335231,-51.97006888,-66.62601169,-56.83739969,-63.80882018
12,6,-67.40930281,-60.1650382,-68.117145,-74.20522314,-56.95708373,-57.92580687,-60.54164114,-60.79816327,-71.21136382,-64.60271676,-67.87564518,-73.82972116,-52.27526148,-65.96634188,-58.75378316,-61.75936431,-67.84764709,-64.78363958,-65.66464409,-77.4339993,-55.25384507,-62.75704703,-57.19731057,-59.6370672
12,7,-69.39816071,-66.72778283,-65.62932672,-75.71872231,-54.28184367,-59.85734992,-60.78517681,-64.84145672,-74.4978934,-68.82577678,-64.53920016,-69.27782131,-55.30385805,-64.62658729,-56.53121701,-63.88442993,-75.6735194,-67.60003884,-64.81073048,-67.26922434,-51.9915094,-64.63829631,-56.9917399,-62.84777961
12,8,-68.06567985,-64.62251081,-66.79965198,-67.21699674,-53.31148752,-59.82862426,-67.96608787,-60.39012906,-69.75935817,-65.8338333,-61.1497573,-66.27818949,-54.1023826,-63.82973529,-57.72841544,-62.79059592,-70.25352572,-64.54848622,-61.24223271,-72.68924123,-51.22945161,-63.22246416,-59.14593359,-60.40299413
12,10,-71.6922801,-70.17608994,-58.8768656,-65.75653621,-58.66638781,-61.83202293,-58.43350662,-60.44346942,-72.89872306,-74.48260234,-59.80566059,-65.91202874,-58.84576702,-65.81886156,-57.08138259,-61.9113112,-69.42676812,-71.61683956,-59.08407651,-68.28413584,-60.58335484,-63.23420606,-59.01971788,-61.04239794
12,11,-72.00124314,-59.42942653,-60.67827684,-66.17594111,-58.97312847,-63.9908936,-64.64725156,-62.06526296,-73.25232472,-61.75962956,-62.30004103,-67.48127275,-62.1892615,-66.67276885,-61.3132892,-63.2551632,-72.18268735,-63.69379577,-59.86170801,-68.71953335,-68.31990598,-64.71811532,-60.13510834,-63.33051732
12,12,-70.86648655,-65.48896346,-60.45929474,-65.25991414,-59.92958033,-66.58228946,-63.07108918,-64.82414466,-74.83412268,-62.99943031,-58.18699999,-69.126651,-61.05682724,-67.13214509,-61.36573738,-67.70322681,-72.65954443,-65.24721931,-59.66374577,-71.04190113,-60.30293071,-66.32046898,-64.03582419,-65.79165805
12,13,-74.04586553,-60.40744521,-54.61636096,-65.05185929,-62.99884053,-68.471508,-60.23903023,-62.46385887,-71.92217302,-59.75919195,-52.43194313,-70.10132598,-62.56605206,-68.96547386,-59.11741302,-66.24318622,-75.55564806,-65.74450912,-55.12374789,-76.70509133,-65.85203473,-71.21040141,-57.95471403,-67.81552377
12,14,-69.75585261,-64.39740883,-63.74851537,-65.55212644,-62.16067068,-68.67314632,-58.84218723,-62.10478039,-70.63543358,-63.82071286,-55.25647113,-71.19456994,-61.20924948,-69.32783016,-58.66594591,-65.17368405,-72.67671463,-61.96112759,-57.18073467,-72.12481746,-62.38726582,-69.8323711,-59.69179343,-66.28028562
12,15,-67.23200398,-63.05760964,-61.64216313,-65.29832065,-58.68138286,-100.0,-59.09705444,-69.33372274,-68.14040535,-64.06722618,-52.21121765,-70.23767179,-59.98241416,-66.97140209,-59.66154626,-64.37858678,-70.3110449,-59.28603702,-54.83748012,-66.61513713,-58.89793086,-68.04873586,-60.27679239,-62.7066184
13,2,-79.72982375,-65.37363977,-72.54436847,-69.59209073,-57.83046656,-58.40453363,-58.88347881,-53.20911973,-72.12845892,-69.58067158,-68.43408823,-71.43934597,-56.1852154,-63.86855926,-58.43372099,-54.86844418,-71.71280675,-67.59350426,-67.64663501,-71.81382257,-55.97701641,-63.43185222,-56.17329278,-54.15666781
13,4,-74.38709651,-71.32455012,-80.784123,-67.10230816,-59.62507964,-58.19347356,-60.2210673,-56.20943997,-71.68174509,-72.76341463,-68.10334035,-70.42478264,-54.07539169,-65.36449104,-57.7940511,-58.76463084,-71.56101818,-69.7498301,-68.42375673,-71.29498459,-54.75744104,-64.79155385,-55.75988144,-57.84468968
13,12,-93.30001969,-69.16146423,-60.39042196,-62.70745973,-53.12280228,-68.81021509,-58.65636913,-62.23644735,-67.26318791,-66.19666088,-55.33167947,-69.86197106,-59.42273047,-68.31232317,-59.614818,-66.07860711,-72.15862849,-69.98856611,-56.0159823,-71.1272194,-61.87904596,-68.64199726,-59.57995637,-66.08223473
14,2,-78.90590097,-63.4427761,-70.24817295,-97.42092082,-58.07636064,-58.28508282,-58.67263075,-50.13470065,-71.82812237,-69.84179993,-68.99301362,-73.7317842,-59.54629462,-64.35659217,-58.11568525,-57.97094707,-73.75785596,-66.86296648,-64.54129477,-72.79550963,-58.85268433,-65.75944903,-56.88457462,-55.81835828
14,4,-73.87098873,-71.22023517,-74.62843069,-67.77611925,-60.2784252,-58.65339702,-59.83765504,-56.67179384,-73.22413763,-71.99624727,-66.26596228,-70.55326562,-53.39291468,-65.76935937,-58.52044908,-60.37214097,-71.33203479,-69.25730422,-63.61304211,-73.87362009,-54.7714621,-67.05380264,-58.13801176,-57.41128482
14,5,-76.39799065,-66.05877001,-69.5078938,-66.67368231,-52.42748876,-57.19263502,-57.53879313,-58.52972411,-72.48841178,-70.57769592,-67.03299362,-69.80826257,-52.75521627,-66.31195998,-57.20807639,-62.71226698,-72.48780623,-75.58045818,-62.14717216,-70.76898719,-51.64474683,-65.69479517,-57.22401998,-58.509033
14,6,-74.84901511,-63.34492297,-68.2525067,-66.37450388,-54.94942986,-58.79252239,-60.98303261,-64.82384395,-74.58701077,-69.29059696,-67.11083849,-67.05943928,-54.59939237,-66.80264932,-60.02219852,-63.28137029,-77.57330789,-68.88700297,-63.72970933,-69.6780575,-52.10097739,-65.24475831,-58.06010996,-60.86190046
14,7,-74.31419064,-61.88395957,-66.50201369,-63.83575167,-48.31678494,-59.69551136,-69.90143274,-61.88296037,-73.84383701,-67.16189732,-67.59476845,-65.71231684,-46.11186998,-68.81252199,-60.34161617,-61.34112269,-70.90774709,-65.57071091,-64.264399,-64.07012424,-45.33257443,-67.00284072,-63.4940434,-59.66033466
14,8,-70.00249736,-64.40451663,-65.33676831,-62.88012885,-55.53124026,-60.56415425,-59.19868398,-61.42801709,-72.11071786,-67.48359901,-65.84563821,-65.74171022,-57.34309132,-67.42387891,-57.26620138,-60.4737413,-77.62716626,-68.83358782,-63.98386431,-67.03705693,-54.91224063,-65.42064302,-57.00498297,-59.53330267
14,9,-69.82796644,-75.24549048,-65.6742981,-62.63947626,-55.01743111,-64.10499298,-60.12223834,-62.34692674,-72.17063787,-73.94080212,-62.7808096,-67.00042185,-55.48991366,-68.39317154,-58.09653889,-62.48047979,-73.44177095,-74.18803856,-60.51475867,-67.72058587,-58.33966826,-67.60875346,-58.64445686,-62.68001894
14,10,-66.70821455,-60.44292143,-62.6422572,-61.14698372,-52.67414898,-65.23026445,-67.9380148,-61.6580326,-69.9800612,-63.10629819,-65.13587328,-67.03298988,-55.85822972,-70.7161707,-61.34244487,-62.73105754,-68.7299805,-63.96590417,-60.53110754,-68.10620214,-58.77668961,-67.90855802,-62.30982517,-62.58526542
14,11,-67.5671683,-65.74868044,-58.64936706,-61.78255125,-49.58271003,-67.60751628,-62.24910258,-60.50812391,-69.34765942,-67.30571759,-65.74317767,-68.33428408,-50.45092323,-70.67842262,-59.4940598,-62.12980933,-68.72084618,-66.58610379,-63.25742413,-66.36483857,-51.45247733,-67.73257831,-59.51097062,-61.63669988
14,12,-66.45018327,-65.31029596,-62.91899538,-61.65042081,-53.26764237,-66.9361119,-59.21530974,-62.23523876,-68.21276755,-65.3061226,-61.54339978,-67.70556752,-56.56982072,-67.56494892,-57.29319383,-64.68574481,-68.40903758,-64.06077394,-58.8829477,-68.44830162,-59.3938812,-65.9961664,-56.75585065,-64.62816119
14,13,-66.66642518,-68.21771087,-53.34159077,-61.71072796,-55.95709684,-66.36696221,-58.84275765,-64.37678526,-66.1946982,-67.75767746,-52.19287583,-69.41066105,-59.51458345,-67.13374588,-57.33244205,-68.28406218,-68.92615314,-67.17051099,-51.34125504,-70.50820134,-58.73816525,-67.96093336,-55.94838022,-68.61000223
