x,y,ble_rssi1,ble_rssi2,ble_rssi3,ble_rssi4,ble_rssi5,ble_rssi6,ble_rssi7,ble_rssi8,sle_rssi1,sle_rssi2,sle_rssi3,sle_rssi4,sle_rssi5,sle_rssi6,sle_rssi7,sle_rssi8
2,2,-72.85738622,-62.9206963,-67.04962875,-62.33957954,-64.73649513,-52.06607388,-64.37661745,-67.94077976,-72.66009677,-63.74668318,-65.44369263,-61.96361901,-66.30452518,-48.44197772,-65.38643293,-65.78091799
2,3,-74.91470975,-60.82391346,-66.24502095,-62.16896388,-64.29759181,-48.73962461,-67.04399024,-67.59836825,-71.28732837,-63.29870689,-65.74814609,-60.49230094,-65.22742911,-48.61330219,-64.72094772,-65.60309491
2,4,-73.76145733,-63.0202078,-69.86193514,-59.94004681,-64.42144281,-53.22839157,-68.81809606,-68.80802239,-70.40475388,-63.77858202,-65.6493231,-60.55814238,-62.36025222,-53.25752664,-63.98589261,-66.40960776
2,5,-66.2387173,-62.97267,-68.72818546,-63.275271,-63.60899908,-55.12911708,-63.56104029,-67.50409483,-63.34766653,-65.98319761,-66.26974817,-58.83321403,-61.77506724,-55.26053261,-62.36621142,-66.58124046
2,6,-66.17148078,-67.70624053,-69.38188593,-53.92959805,-63.43507607,-55.32091168,-63.74509087,-67.45173705,-63.64104999,-69.50766595,-68.09066542,-53.36121977,-62.20726884,-54.68007786,-63.93403411,-67.25438456
2,7,-74.70913402,-61.52299312,-67.17607184,-58.83305922,-65.46875122,-56.01602532,-63.48337569,-68.19659956,-68.8899595,-61.13055743,-67.93105619,-62.24774242,-63.74701542,-55.64377358,-63.59793975,-66.65917594
2,8,-62.64733682,-60.12776227,-67.94808559,-50.6811501,-62.80520934,-55.33753332,-63.81581775,-68.36573818,-60.99503907,-59.41968698,-66.30261967,-49.98576701,-65.18571606,-55.16136879,-60.80342123,-67.89820272
2,9,-66.6837484,-61.78721,-66.73461019,-63.17634925,-66.70684516,-57.96136316,-60.46963342,-71.34945425,-69.68718895,-61.45021032,-65.15586539,-53.53634547,-68.75086545,-56.70451293,-59.2914771,-70.78758848
2,10,-60.94493761,-58.14607368,-66.06301066,-54.06542997,-67.4897663,-56.49489287,-64.45834912,-73.6991426,-60.17448598,-59.46714086,-65.84596616,-54.33095307,-69.9266629,-56.22535054,-63.31078898,-70.98999263
2,11,-64.04112739,-59.07087261,-63.26067462,-54.52422035,-67.61359935,-58.89440935,-62.87183104,-72.08817139,-62.45516896,-58.49260061,-62.66286761,-53.57968245,-71.39250776,-58.54293547,-63.0300244,-73.41983306
2,12,-59.51584807,-64.22758165,-65.74978935,-60.43601054,-69.10420886,-61.53499574,-60.48275432,-71.69456261,-64.58600166,-62.70340928,-62.42535381,-59.55251887,-71.94573785,-61.60375002,-60.64208998,-73.89109813
2,14,-60.43593586,-61.69432425,-62.61540237,-63.0028123,-70.4062267,-59.96241588,-60.13762853,-73.5139954,-57.52451016,-61.16383003,-60.54107737,-63.85925759,-68.57791702,-60.65873548,-60.16555677,-74.17381388
3,2,-74.17716273,-64.13952399,-65.45159299,-63.20610822,-62.98343012,-51.18220108,-60.19659592,-73.77496254,-71.20904241,-64.46499006,-68.00738164,-62.99839927,-62.75051189,-51.59019592,-63.40901665,-69.32868441
3,6,-66.21901199,-63.95773099,-68.67817492,-65.90678211,-60.61484321,-55.79644475,-62.02505605,-70.75706056,-63.48670839,-65.60936023,-67.91237973,-59.77410319,-61.05175167,-55.35871342,-59.96022133,-69.63088813
3,10,-66.58899283,-57.86628325,-66.90055032,-57.41768972,-67.40945122,-56.17790211,-61.16621699,-67.85885167,-70.24974937,-59.43972318,-64.47662618,-57.57390563,-68.89389268,-56.75240039,-59.50135042,-69.46340856
3,12,-62.62252172,-57.33146814,-59.99194647,-58.06347863,-73.48704811,-60.49074433,-61.47916288,-74.08844618,-60.383686,-56.78091984,-58.94323157,-57.33391973,-70.92497151,-61.4569792,-61.58007453,-72.08203349
3,14,-65.45487339,-60.49126083,-63.57104192,-63.34547518,-68.59437246,-59.44158345,-61.34247812,-75.3323509,-68.40017295,-57.36899486,-59.81920687,-62.09510596,-70.09380214,-59.4589751,-59.79183297,-75.6536657
4,1,-74.95816927,-65.39642552,-66.40193023,-65.16200281,-61.69249224,-55.98273744,-61.14790325,-66.02832614,-71.0557193,-65.99950296,-69.55132674,-65.04829505,-62.34131258,-56.96368015,-61.58323925,-65.57465405
4,2,-70.26786431,-65.4268877,-66.81682263,-74.32465144,-60.24305134,-56.02915706,-62.6736045,-70.26655506,-71.64999783,-64.54885471,-68.89731628,-71.39916678,-60.68154658,-56.87659923,-59.47442559,-67.89455726
4,3,-68.62339557,-61.78493438,-69.81813905,-61.12655649,-60.0939179,-54.70755564,-61.37876143,-73.1413272,-70.22079246,-63.02814177,-68.4709267,-60.42188567,-60.03799093,-54.70746705,-58.23180293,-69.51664625
4,4,-69.91100894,-63.70809023,-66.73827718,-62.69300949,-61.47667266,-56.10912227,-59.72737174,-74.94001014,-70.74915194,-67.02674923,-68.55366937,-62.35931092,-60.3176142,-54.53741335,-60.20389839,-73.31080803
4,6,-65.91903702,-63.80492773,-72.32051352,-63.32515984,-61.71832998,-57.92424564,-58.88502925,-71.37943526,-64.78019674,-63.46560024,-67.13509896,-64.58494917,-61.49618475,-58.77130452,-59.04203091,-71.6792852
4,7,-67.49704827,-62.14718246,-66.62632034,-66.10232661,-66.64400974,-57.23995453,-56.88816604,-69.8236377,-65.74841464,-60.75709168,-65.1157036,-66.57509281,-64.63855794,-57.72160772,-57.51094579,-69.90608847
4,8,-71.32803981,-61.78774008,-69.49311404,-57.1367943,-62.28966913,-58.1742276,-59.06065299,-70.33699911,-69.667829,-61.58185445,-65.629064,-55.92094329,-65.43938726,-58.06944959,-60.61495378,-67.9488033
4,10,-70.32029223,-59.5720427,-62.33925455,-61.66660472,-65.20366939,-56.64988897,-57.69976016,-67.00757158,-74.25096871,-60.78302106,-60.42109422,-63.46102929,-70.09166621,-57.51625714,-57.99181757,-68.43425731
4,12,-63.20044046,-57.45631264,-60.76444232,-60.49302432,-70.87683456,-60.09204883,-64.77319255,-69.37244489,-61.31850862,-57.02897003,-58.44680935,-58.22479689,-68.69769463,-60.40165622,-63.028177,-71.51274412
4,13,-68.49242213,-57.44819799,-59.02294798,-64.27689949,-73.51595293,-59.13973668,-60.78145359,-70.1563597,-66.17437819,-57.33528789,-58.87563131,-63.223047,-71.61478567,-58.27765097,-60.23606477,-73.75313483
4,14,-66.77753482,-53.37222443,-60.232603,-61.38254603,-67.6043671,-59.78749736,-61.4290729,-70.65195402,-65.40715298,-55.06282932,-59.18932894,-62.00326239,-71.25990145,-58.9956547,-59.95956155,-75.01964551
5,2,-71.22763201,-61.75970723,-71.07212339,-66.34294492,-62.74257592,-58.43551983,-54.56645785,-62.95969651,-69.77015842,-64.01084213,-71.01759957,-64.63744394,-63.67585979,-58.70576227,-52.79458075,-61.65327844
5,12,-65.51976467,-56.12042561,-61.34396425,-65.38473794,-72.06984304,-60.31394708,-65.65387868,-68.54684019,-64.66900667,-56.85928485,-60.80828827,-63.59216329,-67.54069744,-59.15736422,-62.71777826,-68.42722918
5,14,-63.29062762,-50.98522519,-60.49960563,-69.95846567,-66.39659526,-58.18733265,-60.78564841,-73.05712743,-66.47749769,-55.09547978,-62.79320641,-66.22607778,-68.71497297,-58.41727504,-60.00235343,-73.11712256
6,2,-68.8308489,-64.36689292,-71.92703776,-71.25431514,-65.2708566,-58.17358192,-51.46150051,-65.57252776,-71.87546321,-64.83110442,-73.05619461,-67.43396157,-67.31405244,-57.34914533,-51.0610555,-64.37242308
6,3,-75.10834499,-62.30664782,-71.35094584,-65.15169558,-71.51905936,-59.70543761,-50.38109769,-64.32050016,-71.85008999,-66.71262439,-72.99585312,-67.32579112,-68.71848808,-58.43312016,-49.61394946,-63.08342605
6,4,-70.46948685,-64.08448633,-68.78172234,-76.39773172,-65.5422456,-58.85822469,-57.83871603,-62.88586278,-72.57959355,-68.35232582,-70.67241567,-71.19116386,-68.37328086,-59.06179433,-54.58521133,-62.85257814
6,5,-70.3803075,-62.14236187,-67.28680414,-65.17560167,-64.33617537,-57.00092249,-55.96458237,-64.57540242,-70.85201585,-66.22633396,-68.9433007,-62.8325976,-67.8348599,-57.52456885,-56.69178821,-62.89942638
6,6,-72.36170569,-61.00254531,-62.03152091,-63.52653795,-63.56917061,-60.18011413,-60.13561203,-64.27183579,-67.68159016,-63.41367267,-63.97062025,-62.04452012,-63.78192198,-59.99341667,-58.96404635,-65.04954271
6,8,-70.17682892,-60.03715702,-64.28547724,-67.38768117,-60.94784409,-61.30675974,-57.88035629,-71.26669217,-67.64936211,-60.45313006,-61.76905312,-65.40669797,-63.35794486,-57.78330834,-55.12171938,-73.3385547
6,10,-69.15949724,-62.65996931,-59.04724985,-61.63273984,-65.77691822,-61.39329699,-58.42168143,-64.70421942,-65.23740109,-60.55608359,-63.12640709,-64.0754493,-71.04918978,-61.11103553,-56.48951831,-68.54945915
6,12,-66.45589015,-56.12550892,-65.56451341,-63.1930504,-67.55793589,-58.28655249,-62.18493338,-65.72812975,-69.37945919,-56.61109757,-63.49352976,-62.47364396,-68.93466731,-58.56513985,-62.07651267,-68.27810701
6,14,-71.09659216,-51.64779896,-62.20417419,-62.14324254,-64.49107644,-60.47550738,-61.97481835,-67.41699514,-65.46349851,-54.90444108,-62.89232011,-63.47643265,-65.75190665,-58.63484933,-61.16539454,-71.45901567
7,8,-69.68755844,-58.97472878,-63.64759146,-64.5284415,-60.91050424,-59.65296702,-58.0058888,-65.44811425,-68.20810924,-63.91125695,-64.71354409,-65.81556631,-60.92727745,-58.87778828,-55.73969009,-68.18743206
7,10,-68.24363157,-63.05453539,-63.62008268,-63.44528276,-66.84543358,-63.21259652,-59.16340703,-68.25581505,-68.04774485,-59.6326527,-63.15748433,-65.44817476,-67.60736962,-60.94706744,-56.49865112,-72.45943623
7,12,-65.82620781,-54.97865358,-64.08153543,-66.91759104,-64.22981087,-57.70091387,-64.81207076,-66.16870165,-66.90130635,-54.53794858,-66.66837152,-66.68575167,-71.18345014,-58.31056094,-62.85705964,-66.09939201
8,1,-76.12862226,-62.76432208,-73.45435004,-70.56482399,-62.24214074,-60.14100011,-39.63019175,-62.59214534,-73.63071502,-64.8265688,-72.71668718,-70.20303204,-64.43125917,-61.20680555,-38.85333401,-60.92034237
8,2,-75.87647114,-63.85984631,-72.35561925,-72.16015589,-61.9642361,-60.62767411,-46.67021588,-62.27973185,-71.88355112,-65.51706566,-71.2790843,-71.36521509,-64.59712054,-59.9479494,-46.11270099,-60.84432603
8,4,-71.53013632,-65.28954316,-64.25336693,-71.03854139,-61.94991969,-63.63058417,-51.72226994,-63.48234035,-72.81339557,-68.67594124,-66.4783069,-66.94093044,-64.92844691,-61.53737192,-51.88012782,-64.68364365
8,5,-73.98320623,-62.70884636,-64.8613608,-65.68103929,-64.65884366,-60.11238508,-53.10728093,-65.3282019,-74.84068718,-64.80342603,-65.55764481,-64.35373331,-67.67509581,-61.22937646,-52.17660167,-67.30762026
8,6,-72.13927416,-62.93167795,-64.4214171,-66.79988914,-62.83284897,-61.0928925,-55.18957167,-65.10585452,-71.49790415,-65.32960388,-64.67162105,-66.66265369,-67.37847989,-59.08319468,-55.44399143,-66.30543059
8,7,-71.30816778,-61.54100226,-65.46621825,-66.27653578,-61.96286506,-62.17192195,-57.12578811,-64.35492726,-67.75798186,-64.71438848,-64.6451217,-66.685075,-65.79914628,-59.98318847,-55.85855469,-64.55697852
8,8,-72.89709887,-60.50524786,-64.46926293,-70.54737289,-66.32224685,-61.02010355,-54.8262032,-62.81481688,-69.63459476,-61.92605684,-65.20208768,-65.6543361,-66.55909315,-61.73697616,-54.89857201,-64.54690872
8,10,-68.64358006,-60.55853503,-60.96841759,-63.50042015,-72.03952361,-61.09607491,-57.98484104,-67.94222997,-68.2824283,-64.04250353,-64.77410315,-65.12449587,-70.28623793,-61.5538571,-58.769743,-70.49534788
8,11,-67.98705368,-66.07846704,-61.82186812,-65.13957458,-73.49494558,-60.55181894,-59.97106503,-66.41584125,-69.41852788,-63.07127232,-63.81933638,-65.83707552,-67.37406471,-60.10095217,-59.18083475,-68.51248705
8,12,-73.16166127,-54.38298195,-62.87407657,-68.12384973,-68.66088678,-59.83202302,-63.68708664,-64.1899105,-73.93584506,-53.35841117,-65.28805061,-66.74751342,-67.02432353,-58.67456329,-63.34611409,-65.67647423
8,14,-64.13747055,-48.39813628,-62.38877662,-67.37236777,-72.97729814,-59.95745427,-60.05352094,-64.64463188,-64.89209559,-49.09125159,-63.68868615,-66.27823571,-67.66809572,-60.79748317,-59.96586851,-66.11027544
8,15,-69.90189881,-46.31549863,-65.71418288,-63.77351932,-61.79943641,-62.50231333,-59.92103423,-66.44211905,-65.99277079,-45.45387987,-64.3279937,-65.1726433,-64.35433513,-63.28155315,-59.72567925,-68.03683894
9,6,-75.01109855,-68.87781316,-64.34619592,-70.09783752,-65.83257454,-62.36604034,-54.24141053,-66.0585469,-71.14811561,-68.46008985,-65.95397814,-70.82440742,-68.91383524,-61.53022332,-55.41346564,-66.33478261
9,12,-65.22475126,-60.42960012,-63.20447037,-63.65177197,-65.67602715,-59.54960631,-63.75876127,-63.90298108,-66.78633727,-60.42774198,-64.03802661,-65.07847153,-67.13669442,-59.65348247,-63.35443883,-65.79763289
10,1,-77.16561397,-67.09730611,-72.85937367,-71.74122871,-59.71751193,-60.41080721,-47.7083336,-66.15587379,-73.4758353,-68.60965206,-72.03970988,-72.26150711,-60.30979531,-60.65650945,-48.42433706,-66.19680141
10,2,-76.1213996,-70.82058283,-68.52012447,-70.69879648,-60.26215353,-59.43066883,-47.12057931,-62.75923374,-72.1352677,-70.24375181,-69.72191687,-69.48950116,-61.692221,-59.39196739,-48.69760351,-62.63917432
10,3,-72.4467578,-69.4517062,-64.68071217,-69.39054513,-59.54965715,-59.77464198,-49.0645087,-59.57749076,-73.23636042,-72.07442245,-66.62991588,-69.22728991,-62.55251567,-59.50912855,-48.76764285,-61.3682072
10,4,-76.44601181,-67.63687683,-61.71844515,-68.03507578,-60.96519576,-62.64559032,-53.46967754,-62.2977018,-73.56889761,-70.08711615,-65.50224364,-67.87217636,-61.41499539,-62.11310856,-52.84144851,-65.55425413
10,6,-73.09295247,-66.63268926,-65.6643606,-68.77205342,-59.29420896,-64.06344337,-54.87191894,-60.77494715,-72.7691884,-65.1871816,-66.07227576,-68.25548545,-62.18670708,-64.98277955,-56.20043615,-62.02711662
10,7,-71.24407257,-70.10759458,-63.49768708,-65.91541367,-61.16580715,-66.30198524,-58.4652669,-67.51775613,-71.08945114,-66.11200498,-67.93250193,-64.25827038,-61.52884659,-67.21593894,-57.58564211,-67.30657259
10,8,-74.05704704,-61.14923418,-66.87686944,-63.04813916,-63.04045835,-64.21439797,-55.64664845,-62.41515285,-73.12761248,-59.31735509,-64.14730884,-62.94088862,-66.94722008,-65.5042142,-55.09320747,-67.03090386
10,9,-71.58922893,-71.95805141,-62.32895096,-64.96348838,-61.97621057,-61.26125584,-57.405345,-61.22253084,-73.72834979,-68.28478516,-63.26273894,-61.9956813,-62.03512765,-62.99466941,-57.88874716,-63.71621893
10,10,-74.00166594,-61.90099466,-61.4769217,-66.10992002,-61.13227419,-62.18486611,-56.6061964,-61.32921959,-72.93358286,-59.62017701,-64.20292609,-62.32658495,-66.79127018,-61.50073789,-56.6259628,-63.88958196
10,12,-67.72630112,-58.53814758,-64.14092669,-65.21093982,-65.60353178,-61.59136001,-62.68778291,-65.30612492,-66.78300733,-64.48044086,-63.07068692,-64.65849411,-64.14955953,-62.70796685,-62.76353674,-67.2090291
10,14,-66.15702617,-61.60836768,-65.93674419,-66.63630105,-61.88968687,-66.5844173,-60.96419731,-63.65695164,-68.35532562,-56.16679432,-63.44488659,-67.83111348,-63.9103779,-66.79546398,-60.81328668,-64.36814456
11,2,-73.15159069,-66.27422658,-65.5412821,-71.37114605,-56.68382854,-64.96628511,-49.8936171,-61.5592157,-70.87048521,-69.80339634,-68.93229565,-73.10875075,-60.01406472,-62.76562484,-49.7629449,-64.76796186
11,6,-70.26189671,-63.86939007,-65.10672092,-71.70065132,-57.66591442,-68.22777089,-55.60406882,-64.52727846,-71.28930662,-67.17509831,-66.70385676,-69.35213929,-58.90526686,-67.59269854,-57.10182721,-65.2179532
11,12,-71.8649285,-59.70684168,-62.02929409,-68.08408577,-64.97522965,-68.47397686,-62.88119312,-66.62569295,-75.76048819,-59.13082283,-62.20207263,-68.39637639,-65.66596252,-64.6377261,-62.94422717,-67.28215034
12,2,-72.80761474,-68.70568981,-68.28976214,-75.32056939,-54.58207993,-67.28086891,-53.7479377,-64.45766135,-72.37857858,-70.72932749,-69.06312627,-72.6617384,-57.21619923,-66.62918502,-55.33759904,-62.40800361
12,4,-73.74475152,-73.02447561,-63.69009971,-75.11532781,-52.28851701,-69.39615742,-55.02316001,-58.5032489,-73.93285252,-70.39818166,-66.65767186,-73.34273069,-52.95574427,-67.37148316,-55.09942914,-60.0250192
12,5,-74.56455577,-66.96758111,-66.60585144,-80.11335231,-51.97006888,-66.62601169,-56.83739969,-63.80882018,-74.91077135,-67.44318778,-66.31859726,-72.06553152,-53.35701274,-67.93216023,-58.64180851,-64.56171781
12,6,-67.84764709,-64.78363958,-65.66464409,-77.4339993,-55.25384507,-62.75704703,-57.19731057,-59.6370672,-71.21136382,-64.60271676,-67.87564518,-73.82972116,-52.27526148,-65.96634188,-58.75378316,-61.75936431
12,7,-75.6735194,-67.60003884,-64.81073048,-67.26922434,-51.9915094,-64.63829631,-56.9917399,-62.84777961,-74.4978934,-68.82577678,-64.53920016,-69.27782131,-55.30385805,-64.62658729,-56.53121701,-63.88442993
12,8,-70.25352572,-64.54848622,-61.24223271,-72.68924123,-51.22945161,-63.22246416,-59.14593359,-60.40299413,-69.75935817,-65.8338333,-61.1497573,-66.27818949,-54.1023826,-63.82973529,-57.72841544,-62.79059592
12,10,-69.42676812,-71.61683956,-59.08407651,-68.28413584,-60.58335484,-63.23420606,-59.01971788,-61.04239794,-72.89872306,-74.48260234,-59.80566059,-65.91202874,-58.84576702,-65.81886156,-57.08138259,-61.9113112
12,11,-72.18268735,-63.69379577,-59.86170801,-68.71953335,-68.31990598,-64.71811532,-60.13510834,-63.33051732,-73.25232472,-61.75962956,-62.30004103,-67.48127275,-62.1892615,-66.67276885,-61.3132892,-63.2551632
12,12,-72.65954443,-65.24721931,-59.66374577,-71.04190113,-60.30293071,-66.32046898,-64.03582419,-65.79165805,-74.83412268,-62.99943031,-58.18699999,-69.126651,-61.05682724,-67.13214509,-61.36573738,-67.70322681
12,13,-75.55564806,-65.74450912,-55.12374789,-76.70509133,-65.85203473,-71.21040141,-57.95471403,-67.81552377,-71.92217302,-59.75919195,-52.43194313,-70.10132598,-62.56605206,-68.96547386,-59.11741302,-66.24318622
12,14,-72.67671463,-61.96112759,-57.18073467,-72.12481746,-62.38726582,-69.8323711,-59.69179343,-66.28028562,-70.63543358,-63.82071286,-55.25647113,-71.19456994,-61.20924948,-69.32783016,-58.66594591,-65.17368405
12,15,-70.3110449,-59.28603702,-54.83748012,-66.61513713,-58.89793086,-68.04873586,-60.27679239,-62.7066184,-68.14040535,-64.06722618,-52.21121765,-70.23767179,-59.98241416,-66.97140209,-59.66154626,-64.37858678
13,2,-71.71280675,-67.59350426,-67.64663501,-71.81382257,-55.97701641,-63.43185222,-56.17329278,-54.15666781,-72.12845892,-69.58067158,-68.43408823,-71.43934597,-56.1852154,-63.86855926,-58.43372099,-54.86844418
13,4,-71.56101818,-69.7498301,-68.42375673,-71.29498459,-54.75744104,-64.79155385,-55.75988144,-57.84468968,-71.68174509,-72.76341463,-68.10334035,-70.42478264,-54.07539169,-65.36449104,-57.7940511,-58.76463084
13,12,-72.15862849,-69.98856611,-56.0159823,-71.1272194,-61.87904596,-68.64199726,-59.57995637,-66.08223473,-67.26318791,-66.19666088,-55.33167947,-69.86197106,-59.42273047,-68.31232317,-59.614818,-66.07860711
14,2,-73.75785596,-66.86296648,-64.54129477,-72.79550963,-58.85268433,-65.75944903,-56.88457462,-55.81835828,-71.82812237,-69.84179993,-68.99301362,-73.7317842,-59.54629462,-64.35659217,-58.11568525,-57.97094707
14,4,-71.33203479,-69.25730422,-63.61304211,-73.87362009,-54.7714621,-67.05380264,-58.13801176,-57.41128482,-73.22413763,-71.99624727,-66.26596228,-70.55326562,-53.39291468,-65.76935937,-58.52044908,-60.37214097
14,5,-72.48780623,-75.58045818,-62.14717216,-70.76898719,-51.64474683,-65.69479517,-57.22401998,-58.509033,-72.48841178,-70.57769592,-67.03299362,-69.80826257,-52.75521627,-66.31195998,-57.20807639,-62.71226698
14,6,-77.57330789,-68.88700297,-63.72970933,-69.6780575,-52.10097739,-65.24475831,-58.06010996,-60.86190046,-74.58701077,-69.29059696,-67.11083849,-67.05943928,-54.59939237,-66.80264932,-60.02219852,-63.28137029
14,7,-70.90774709,-65.57071091,-64.264399,-64.07012424,-45.33257443,-67.00284072,-63.4940434,-59.66033466,-73.84383701,-67.16189732,-67.59476845,-65.71231684,-46.11186998,-68.81252199,-60.34161617,-61.34112269
14,8,-77.62716626,-68.83358782,-63.98386431,-67.03705693,-54.91224063,-65.42064302,-57.00498297,-59.53330267,-72.11071786,-67.48359901,-65.84563821,-65.74171022,-57.34309132,-67.42387891,-57.26620138,-60.4737413
14,9,-73.44177095,-74.18803856,-60.51475867,-67.72058587,-58.33966826,-67.60875346,-58.64445686,-62.68001894,-72.17063787,-73.94080212,-62.7808096,-67.00042185,-55.48991366,-68.39317154,-58.09653889,-62.48047979
14,10,-68.7299805,-63.96590417,-60.53110754,-68.10620214,-58.77668961,-67.90855802,-62.30982517,-62.58526542,-69.9800612,-63.10629819,-65.13587328,-67.03298988,-55.85822972,-70.7161707,-61.34244487,-62.73105754
14,11,-68.72084618,-66.58610379,-63.25742413,-66.36483857,-51.45247733,-67.73257831,-59.51097062,-61.63669988,-69.34765942,-67.30571759,-65.74317767,-68.33428408,-50.45092323,-70.67842262,-59.4940598,-62.12980933
14,12,-68.40903758,-64.06077394,-58.8829477,-68.44830162,-59.3938812,-65.9961664,-56.75585065,-64.62816119,-68.21276755,-65.3061226,-61.54339978,-67.70556752,-56.56982072,-67.56494892,-57.29319383,-64.68574481
14,13,-68.92615314,-67.17051099,-51.34125504,-70.50820134,-58.73816525,-67.96093336,-55.94838022,-68.61000223,-66.1946982,-67.75767746,-52.19287583,-69.41066105,-59.51458345,-67.13374588,-57.33244205,-68.28406218
