x,y,rssi1,rssi2,rssi3,rssi4,rssi5,rssi6,rssi7,rssi8
1,1,-66.36185747,-66.75247942,-69.26934832,-58.86323755,-73.94849751,-41.33031101,-67.56607706,-62.91141945
1,2,-68.76909127,-64.49273143,-66.74519611,-67.29478056,-97.50151704,-46.00784186,-69.66498169,-63.02348053
1,3,-68.30854038,-61.25380276,-67.87345806,-66.26767106,-83.54601781,-47.58712293,-67.73405554,-62.59668335
1,4,-64.80002371,-62.13596306,-72.13084008,-55.22026923,-68.40647715,-49.39333241,-63.4362314,-62.28177764
1,5,-62.63139916,-64.31790958,-67.73909976,-54.89679902,-70.09927837,-55.39270341,-62.3623847,-65.25550281
1,6,-65.04258736,-65.85557741,-68.40453124,-51.202802,-66.06641293,-56.86614493,-64.4946444,-66.9668601
1,7,-66.86314661,-61.04152904,-74.3572372,-49.37190356,-65.89928866,-56.32793316,-62.02396344,-67.61593048
1,8,-62.27465775,-58.82226895,-71.0227542,-48.09288763,-69.63418278,-55.63145408,-60.14607911,-65.98250271
1,9,-67.18684704,-58.89193791,-73.16824945,-57.51731545,-72.26085325,-57.5096966,-61.14474123,-66.23202911
1,10,-65.74092538,-61.48604641,-69.83116533,-49.32219022,-66.19001803,-57.34624447,-63.40439756,-68.30149569
1,11,-69.13052424,-59.4759908,-72.15121911,-53.54553265,-69.71629391,-56.98796124,-61.5808733,-70.33983595
1,12,-53.89717941,-58.16864048,-72.97927535,-71.94831931,-67.92879458,-61.50833503,-59.63552433,-71.88863812
1,13,-61.08424149,-62.03905336,-67.34374469,-55.95388178,-65.82817092,-62.50049583,-59.3525699,-73.64178073
1,14,-54.21664839,-60.54881678,-67.37836191,-61.02378767,-65.31451108,-61.72129398,-60.21758974,-73.69828133
1,15,-61.29663517,-60.7523191,-67.81350903,-58.39176502,-68.77265403,-61.50135662,-62.97294439,-71.77973658
2,15,-58.10276772,-61.53093345,-66.14694889,-59.80247737,-66.02850369,-59.36118959,-60.44621171,-74.27293179
2,14,-57.80842222,-60.13092213,-65.86742734,-64.46884927,-65.81972942,-60.75373223,-58.70957103,-70.06227294
2,13,-56.58306407,-57.47547117,-68.01417821,-62.22308008,-69.96252803,-61.62310964,-60.46516396,-70.81091896
2,12,-70.46015571,-59.91219378,-67.35814553,-57.26714969,-69.63432373,-60.40382269,-60.80098869,-85.3998941
2,11,-82.90154452,-58.87672146,-65.73150367,-52.36325871,-66.9868296,-58.11521519,-62.57384812,-97.40913871
2,10,-85.38347223,-59.19814415,-70.7676308,-53.24760382,-66.54735358,-56.56142982,-61.15211301,-68.64980623
2,9,-71.60450292,-61.88078684,-71.89633865,-54.3666158,-69.34684221,-58.23006547,-63.59145131,-65.43879956
2,8,-60.24255604,-58.52387031,-71.08804309,-52.95336027,-65.57656223,-55.2943655,-100,-65.31222937
2,7,-67.97981104,-59.7952318,-71.78613715,-58.34286424,-64.51936318,-58.4456117,-82.46213638,-66.0624615
2,6,-62.75307873,-62.42230603,-70.28503973,-60.47441923,-65.81288137,-57.5132351,-61.71309195,-66.33003211
2,5,-61.82785828,-63.33951652,-68.8636012,-55.25301683,-62.49155188,-54.96475975,-62.05142948,-65.49922125
2,4,-63.08642788,-62.38627755,-67.24887608,-66.28910855,-65.40798028,-51.81931632,-67.62158798,-64.96977193
2,3,-73.60544653,-63.57819345,-68.52039466,-64.96887909,-66.44364517,-48.16872334,-67.54627414,-65.0571044
2,2,-68.33188231,-64.5309217,-97.32854249,-64.80665583,-65.52325707,-50.96993718,-68.08454057,-62.52938062
2,1,-65.70117328,-66.06476267,-88.19344698,-64.62143566,-67.1042968,-47.70045476,-60.90264759,-64.14261809
3,1,-66.00650045,-65.43630122,-69.42890873,-66.15162231,-65.71563756,-49.40168842,-57.38623795,-65.6852437
3,2,-67.21483924,-66.32272578,-69.41352373,-61.60074416,-63.74972172,-51.41123231,-59.63808015,-67.32933135
3,3,-69.94303091,-65.7657267,-69.41196122,-70.11216043,-64.55839773,-51.58041979,-61.40456093,-68.5116647
3,4,-66.14330349,-67.61581192,-71.66652421,-66.16743859,-65.7826665,-52.0206704,-66.32028047,-67.75572784
3,5,-62.2732306,-66.39500851,-73.54939577,-63.38547996,-65.44963992,-56.89861592,-65.70540314,-68.42277049
3,6,-61.66077222,-60.8276218,-69.41942613,-57.5315015,-64.38863709,-58.43306332,-61.42300266,-67.38454902
3,7,-69.45664187,-59.33424546,-72.21418991,-59.33981748,-62.91549759,-56.79373381,-61.31693585,-66.51733886
3,8,-63.20702627,-59.83045594,-71.51164681,-52.96911313,-62.99049181,-57.57829795,-63.81528568,-64.77027946
3,9,-65.31290223,-58.35130554,-67.60030103,-54.22852271,-66.44263153,-57.85789467,-58.1421782,-63.59211905
3,10,-65.63241287,-77.87746461,-66.22962818,-56.7742671,-85.14909478,-56.62588925,-60.47351792,-65.10922905
3,11,-65.13351084,-95.82638964,-66.08118656,-56.13292301,-96.79845941,-58.41781945,-65.14820121,-66.05623357
3,12,-62.25923797,-58.43962703,-67.95971331,-58.02217265,-65.50523463,-61.19827851,-60.61544236,-67.40079334
3,13,-58.60573984,-58.69228895,-67.47564829,-57.34649218,-69.11707703,-62.51740681,-58.39048122,-69.04868304
3,14,-60.0654303,-57.89907051,-66.78295133,-61.61984435,-69.41698378,-60.34396999,-58.42360165,-69.90923651
3,15,-62.33820237,-63.03091235,-65.15939932,-65.42672719,-65.02925179,-60.18079028,-58.61149012,-72.89086618
4,15,-61.92649574,-54.66117591,-64.68717266,-65.40369621,-67.23073914,-60.21583577,-59.05773755,-70.98822793
4,14,-59.85958507,-57.36186905,-65.38500869,-60.4415797,-67.04386835,-60.10414718,-58.29933212,-71.41661806
4,13,-63.31720278,-54.70125078,-69.41222308,-59.64635738,-66.36132515,-60.21668916,-58.87507475,-68.28974047
4,12,-62.54767044,-54.24773947,-65.87395802,-60.80813148,-66.19530384,-62.59934084,-62.34654904,-66.08913028
4,11,-61.56504852,-56.72737752,-65.45448652,-58.70265259,-70.95524871,-60.76371675,-60.8517917,-65.5042962
4,10,-70.9168849,-57.39403167,-65.31914866,-57.83195941,-66.2319623,-57.23664512,-59.30761846,-64.38925136
4,9,-61.93951148,-56.5206622,-65.06080051,-53.39015331,-65.72113292,-59.75964338,-60.33836127,-65.66380452
4,8,-66.2335387,-59.62571881,-66.47676151,-58.32177879,-67.13175583,-61.23586168,-63.64614043,-64.6255767
4,7,-63.43094702,-59.96530462,-67.30972542,-58.68184587,-63.40867201,-58.38703582,-58.94150532,-65.60054712
4,6,-61.11639997,-62.10938358,-70.00178096,-62.73426079,-64.67481252,-90.50950248,-62.74766961,-69.46276757
4,5,-65.23172127,-65.40011439,-71.57882759,-73.55677195,-63.87952496,-54.58012159,-61.45561868,-73.27415713
4,4,-68.43676294,-67.37640854,-71.21007156,-61.19913741,-65.29965049,-55.20761483,-58.39559381,-70.15169694
4,3,-67.10051035,-65.49815249,-70.74185651,-71.29392402,-63.12519635,-53.59709636,-55.16181689,-76.70594744
4,2,-66.78020527,-66.85387439,-68.69235396,-100,-62.35671821,-56.07597932,-59.4264934,-96.10309284
4,1,-65.46677282,-67.32189745,-73.33165822,-74.90426303,-64.7225478,-52.04602568,-57.43261126,-65.579011
5,1,-66.1195673,-67.42033808,-71.10291513,-65.51773111,-65.84293096,-57.84615367,-57.31636417,-62.26370481
5,2,-66.51243137,-65.03283682,-73.67255357,-65.63449822,-67.78473814,-62.01556963,-56.01828073,-61.74058317
5,3,-69.0392853,-72.80977956,-74.05126692,-63.46124933,-66.1182237,-56.11038129,-52.5346982,-63.03990396
5,4,-69.00541558,-67.1511735,-71.58736741,-61.85481535,-70.42855084,-56.20436348,-53.37140253,-65.64034486
5,5,-96.84024308,-65.23119202,-67.63334684,-70.88046922,-69.5863662,-57.05000146,-56.60633085,-67.28649388
5,6,-88.36280614,-61.15057301,-66.1246387,-61.04770483,-70.26856953,-60.24316068,-62.02082151,-69.04497253
5,7,-63.61068166,-60.56964888,-67.50442818,-74.25740835,-68.18441246,-62.16789356,-63.13572014,-67.03327871
5,8,-66.94786638,-58.00520241,-68.15423016,-58.21377656,-68.08462606,-61.61243565,-58.72189411,-65.74010951
5,9,-65.88895376,-58.6386637,-65.47920379,-58.67127501,-69.36976891,-59.29355024,-96.23173364,-65.64036079
5,10,-63.52568099,-56.53051604,-66.43057064,-72.35138342,-70.3471431,-61.57648096,-65.72610643,-65.20152307
5,11,-68.77786088,-55.86103863,-68.39664396,-58.9067749,-67.20584675,-64.15779558,-59.51637399,-64.18018414
5,12,-60.46509266,-54.89349834,-70.58919387,-59.85276646,-66.52445606,-60.50210503,-61.18649494,-65.86835716
5,13,-61.90696551,-54.33761549,-67.28552365,-58.76403829,-67.96761503,-58.9840547,-60.13283993,-66.7386642
5,14,-70.23390151,-50.51856837,-65.89391601,-65.52980807,-65.38588713,-58.86735695,-58.69821337,-68.16544709
5,15,-65.16797346,-55.61318121,-68.35902425,-61.74524509,-66.24228838,-60.5613096,-58.58305244,-69.02004683
6,15,-70.09327795,-50.85567104,-70.22203725,-65.30117726,-63.82419653,-61.01135768,-58.90354074,-70.27963245
6,14,-69.76950041,-54.63987608,-70.39064691,-61.28980484,-79.63241493,-58.35009175,-59.27567096,-67.64714357
6,13,-64.86201679,-48.23790286,-71.92454993,-62.7488808,-97.66032,-59.73562994,-61.04201105,-64.85102383
6,12,-67.01391042,-55.75790322,-75.12962966,-59.99814566,-66.49102298,-60.98954293,-60.09870199,-63.74224432
6,11,-63.94289052,-56.76844919,-73.46500957,-60.9934442,-70.12940145,-65.12784345,-57.56764362,-62.79001668
6,10,-62.34101087,-88.53770346,-68.25923448,-65.61268562,-68.12444925,-63.92105869,-57.40417163,-64.07787002
6,9,-72.50006643,-63.46101521,-68.50917642,-62.38850972,-67.97785918,-59.67580908,-60.75337925,-66.4900566
6,8,-67.19662662,-57.1376549,-66.8592009,-58.54958777,-62.45743649,-59.80831415,-58.86999702,-66.9810014
6,7,-64.32190299,-64.98503967,-66.32260786,-63.17563032,-65.58663846,-66.24902639,-65.02699373,-65.69294042
6,6,-67.03634064,-64.21809566,-66.10003119,-65.82899109,-70.88469035,-60.01483722,-60.91596699,-65.2289149
6,5,-68.38642225,-61.95285925,-65.78515644,-64.09077366,-66.49522,-55.84857264,-56.42388858,-62.49332112
6,4,-71.20852761,-66.46638212,-71.35677197,-66.51272954,-69.91328311,-56.97214494,-52.98330061,-64.45499243
6,3,-66.68508321,-67.21947812,-70.4998518,-65.22117927,-70.65834473,-57.80403279,-50.68873898,-62.47306641
6,2,-68.31185762,-69.88396537,-73.32881197,-63.14074754,-70.74484255,-57.02933782,-49.24688931,-66.15879184
6,1,-66.32341044,-71.16751665,-69.48819679,-68.23327177,-65.93577625,-62.32459802,-54.30066807,-62.65758763
7,1,-66.20089162,-66.54159264,-74.11025583,-76.09064615,-67.15104852,-91.94780291,-48.0922253,-67.02060769
7,2,-66.95882476,-67.05448698,-68.54000829,-72.39267435,-67.91925847,-57.38173611,-46.42405219,-66.96677111
7,3,-69.81300482,-65.20143302,-66.13029184,-67.12057543,-65.67268507,-55.99968245,-48.1267769,-97.47795283
7,4,-70.7739842,-60.63079969,-65.68752229,-64.46907928,-65.72483989,-56.36663029,-50.93185126,-73.95335946
7,5,-71.79430894,-61.57623207,-66.37461308,-68.70042236,-63.620737,-60.29470467,-54.19921715,-64.89637184
7,6,-68.74313634,-68.90754285,-66.18348652,-66.45143442,-67.54549871,-60.77884656,-58.03337047,-62.45294447
7,7,-65.74885931,-60.73191474,-68.81960226,-61.64461256,-62.44897203,-58.39443563,-59.57972637,-62.27487771
7,8,-65.0168172,-60.19342129,-75.53459194,-63.55907494,-60.3909949,-58.54073484,-58.24607747,-65.22447551
7,9,-68.25796323,-56.21140007,-70.60330701,-65.6773557,-62.05226176,-60.44691797,-59.58827797,-66.15846382
7,10,-69.14776743,-56.26377638,-66.17811542,-63.22711908,-63.87888006,-65.55939019,-58.37476992,-67.82628404
7,11,-67.9142622,-54.85806739,-68.50874146,-62.96240896,-67.30264588,-62.2179488,-58.58586586,-63.25999684
7,12,-66.37959885,-54.53628954,-67.9904689,-63.25001726,-68.26792961,-60.23971378,-62.58887407,-62.6165689
7,13,-66.13473322,-51.08444471,-72.85434895,-62.28191341,-68.19661187,-58.6951086,-60.52493261,-64.91512079
7,14,-70.67212359,-49.33026681,-70.07547655,-65.53734189,-66.30831902,-58.77702685,-59.26116496,-65.78417851
7,15,-65.60158513,-46.33961375,-65.76688537,-94.78215919,-61.25419493,-60.57326142,-59.14338211,-66.49786732
8,15,-94.5799525,-43.0276346,-67.74309608,-64.82792064,-62.01337502,-62.58226397,-60.18541652,-65.91654713
8,14,-73.48532304,-46.38779851,-67.20499575,-65.24923124,-65.16959804,-59.75030499,-60.3148526,-62.88680805
8,13,-65.57155407,-49.22494327,-70.39316213,-67.39109378,-70.13884247,-60.28265836,-64.21944834,-64.02191589
8,12,-76.68373971,-53.49664494,-74.19362696,-66.00277366,-62.6662425,-59.99837128,-60.81794396,-64.88469404
8,11,-71.08590543,-56.2887156,-69.74153346,-66.83283528,-64.13630176,-61.31094228,-81.7515243,-65.66991924
8,10,-73.7815764,-57.30716483,-65.20079111,-65.70204607,-66.86498544,-62.86931615,-89.61980871,-65.33910121
8,9,-66.75658924,-56.50001041,-65.62967428,-70.82705732,-69.39471899,-69.39266603,-58.19151008,-65.06684596
8,8,-65.54217928,-60.5284875,-68.85516488,-66.38476315,-65.98260682,-63.45035559,-56.40598384,-62.67215984
8,7,-71.5891555,-62.39267955,-72.67134776,-65.71587152,-68.78073495,-56.8678257,-57.68206111,-63.24541879
8,6,-71.5027248,-67.16459784,-71.53175909,-65.37485552,-67.27702085,-56.82577043,-56.60291227,-65.02884973
8,5,-70.38179526,-61.97284435,-66.06225727,-66.07647177,-67.87096172,-58.5696304,-53.45726323,-65.53330642
8,4,-68.6555813,-64.08777399,-68.00366832,-66.62820999,-68.03914924,-60.25418614,-51.36866554,-62.98275392
8,3,-67.48401346,-68.52537505,-93.75540761,-65.84418967,-66.9613421,-59.68656043,-49.16279807,-61.21500136
8,2,-71.11061943,-67.77890724,-97.93557647,-69.61220384,-97.45387765,-58.7860449,-46.96244019,-60.34196399
8,1,-68.24779518,-66.29132229,-73.28443633,-68.80530563,-75.93909138,-59.96812355,-40.06006086,-63.05616018
9,1,-69.50422036,-66.75932579,-70.01014809,-71.94695749,-60.92317781,-61.82810091,-42.13772663,-66.28425206
9,2,-70.7474495,-66.63516835,-67.91740872,-66.45632599,-64.45733097,-58.6894328,-45.37805802,-64.76633857
9,3,-67.4188833,-67.19256579,-66.61706741,-65.54490939,-63.75026933,-57.10355484,-47.27182302,-68.21630948
9,4,-69.63558206,-76.84273686,-65.93332386,-65.6907217,-61.29149847,-56.78445688,-49.70090328,-65.16730196
9,5,-71.00049947,-96.24392232,-67.01246807,-66.45077391,-63.78215616,-56.47085867,-53.29495839,-62.19095479
9,6,-70.23303217,-65.83693986,-70.34598418,-65.52833436,-63.8656635,-58.16452108,-55.59328523,-64.00875866
9,7,-75.17590418,-60.76373318,-66.41765266,-69.20228762,-67.96201636,-59.9568575,-55.83938287,-67.38923276
9,8,-74.881433,-58.85917752,-62.00772326,-72.5356263,-68.40276814,-64.8495653,-55.95783221,-63.21329008
9,9,-69.87229643,-62.41269897,-60.76455804,-72.47819105,-64.00323001,-64.18126147,-58.80954174,-61.57808756
9,10,-69.4084079,-65.74174289,-64.42549962,-70.53552895,-66.55889352,-61.86554827,-57.70304497,-64.20215491
9,11,-67.07777959,-65.76087996,-65.0303909,-70.28401988,-66.40052073,-93.87529835,-57.85630848,-97.25972837
9,12,-65.76507156,-52.72181185,-61.15108722,-64.32569633,-63.85836525,-58.88480767,-61.3150102,-83.18679682
9,13,-68.04664976,-56.77255321,-63.32096388,-62.56295063,-60.39486834,-60.27154366,-65.31276076,-62.24817327
9,14,-73.28736531,-53.60818695,-71.4847178,-62.44545028,-63.14517696,-61.93187356,-62.0474197,-62.50359566
9,15,-73.21269182,-55.06485437,-67.67650955,-63.74561072,-63.79828887,-63.71247433,-60.95685466,-62.34018492
10,15,-69.02151426,-59.15363087,-68.61047068,-65.54822974,-64.25573198,-65.64927431,-60.48046197,-62.53439269
10,14,-67.29074291,-54.80144193,-65.99248709,-64.50676236,-60.35824911,-68.20251382,-61.316747,-61.19888913
10,13,-65.86222119,-50.56042916,-66.10160935,-63.00697131,-63.35711216,-62.46477331,-63.13335631,-62.19636427
10,12,-65.50826714,-61.41862434,-60.88053677,-62.7053572,-67.11205963,-61.55528666,-62.35439039,-64.88975026
10,11,-67.4256915,-67.46980821,-59.89628143,-64.00908918,-65.92979264,-58.8484311,-57.96222327,-65.4251721
10,10,-71.08678172,-60.6128723,-65.40214303,-64.41157052,-64.7063949,-59.90253717,-55.66199183,-62.1309099
10,9,-78.38384597,-66.78376499,-61.74116249,-66.02518663,-62.02358653,-61.34431491,-58.08163998,-62.14808611
10,8,-76.50709008,-59.52466426,-61.02964088,-64.13589822,-65.47645856,-67.89157282,-55.99830781,-65.36780011
10,7,-72.2916723,-64.63818824,-64.09473483,-67.65819439,-59.7549482,-64.11058845,-60.95993068,-64.2963299
10,6,-70.61422761,-61.15602943,-69.11419489,-64.3412795,-59.83685158,-58.93679512,-57.68027202,-61.93908285
10,5,-70.66372042,-60.42315406,-71.64227703,-65.60223635,-59.87024057,-59.8087534,-52.89301056,-70.15750347
10,4,-69.54169065,-62.71282578,-65.35201862,-65.80248677,-58.38091923,-57.95849077,-51.42457287,-67.27626132
10,3,-85.98309331,-67.29809415,-66.92557426,-66.23855979,-61.60629704,-56.99404127,-51.48978641,-65.59786361
10,2,-96.47820213,-64.5432533,-66.72238761,-72.69642299,-64.4795641,-57.19783042,-49.41437651,-72.32732693
10,1,-74.73422141,-64.1515922,-70.0966812,-71.27683366,-62.52581223,-60.2892479,-48.93153186,-64.71749684
11,1,-76.25674371,-65.7691302,-71.83351045,-69.40966126,-59.24642422,-60.54251994,-51.94496184,-61.37456275
11,2,-72.3989643,-64.35193692,-68.42788893,-97.0965373,-60.27729363,-61.00300228,-49.77296771,-65.63370574
11,3,-69.66614646,-65.98819188,-70.08337253,-97.81211984,-58.65233622,-60.52196543,-54.56247361,-60.26078769
11,4,-70.47430296,-65.38640539,-69.0886857,-71.24560809,-57.00528058,-60.52947605,-51.53985919,-68.29312155
11,5,-70.41441875,-61.48070216,-68.84910949,-69.19348496,-56.97073938,-61.78466899,-57.56159201,-61.70731466
11,6,-71.79552415,-60.68591221,-69.61488433,-68.48370416,-60.51740878,-62.08893859,-58.75039374,-63.72996924
11,7,-70.77037846,-67.51258486,-65.76856894,-67.23936387,-59.85808308,-60.99498062,-60.61692425,-61.48810621
11,8,-70.12279834,-60.79359956,-63.86677616,-66.10930006,-88.7160734,-61.48210463,-57.94651397,-66.2437155
11,9,-72.94285757,-64.20175959,-64.90821062,-67.60009715,-61.00778464,-59.87365073,-58.80369361,-64.21359426
11,10,-72.98235908,-60.32109566,-59.71444708,-66.72733288,-60.47719817,-61.19274421,-55.89965131,-61.99756425
11,11,-74.27599996,-69.47607196,-62.27649508,-66.70923493,-62.2814902,-61.90310132,-58.91114122,-62.63773966
11,12,-70.4356662,-61.10546049,-91.43701505,-66.55273069,-68.3695514,-63.17978704,-63.6850518,-63.01340647
11,13,-67.14909607,-60.03963087,-91.96255677,-69.9817223,-59.66980134,-66.21533871,-60.36878767,-62.95838217
11,14,-67.67459272,-57.12213008,-62.33546595,-66.47746277,-61.46051944,-68.40453498,-59.65912347,-61.58319469
11,15,-67.54791639,-58.34636543,-59.5651419,-68.20302033,-59.71528791,-67.45278904,-60.87586275,-61.48161392
12,15,-67.23200398,-63.05760964,-61.64216313,-65.29832065,-58.68138286,-100,-59.09705444,-69.33372274
12,14,-69.75585261,-64.39740883,-63.74851537,-65.55212644,-62.16067068,-68.67314632,-58.84218723,-62.10478039
12,13,-74.04586553,-60.40744521,-54.61636096,-65.05185929,-62.99884053,-68.471508,-60.23903023,-62.46385887
12,12,-70.86648655,-65.48896346,-60.45929474,-65.25991414,-59.92958033,-66.58228946,-63.07108918,-64.82414466
12,11,-72.00124314,-59.42942653,-60.67827684,-66.17594111,-58.97312847,-63.9908936,-64.64725156,-62.06526296
12,10,-71.6922801,-70.17608994,-58.8768656,-65.75653621,-58.66638781,-61.83202293,-58.43350662,-60.44346942
12,9,-70.91161294,-60.41943136,-60.77153324,-66.63566899,-65.66470525,-59.59090795,-58.42954971,-65.46930335
12,8,-68.06567985,-64.62251081,-66.79965198,-67.21699674,-53.31148752,-59.82862426,-67.96608787,-60.39012906
12,7,-69.39816071,-66.72778283,-65.62932672,-75.71872231,-54.28184367,-59.85734992,-60.78517681,-64.84145672
12,6,-67.40930281,-60.1650382,-68.117145,-74.20522314,-56.95708373,-57.92580687,-60.54164114,-60.79816327
12,5,-68.66494929,-62.56930213,-72.05169872,-72.51501009,-51.89138851,-59.03418941,-55.92753168,-64.72697361
12,4,-70.23731871,-67.28254204,-69.62987042,-69.80983172,-54.65395084,-62.78947053,-59.86861871,-60.04623055
12,3,-72.81952472,-66.00011225,-74.2291571,-68.8016593,-54.32121664,-57.35620223,-54.92663861,-57.381474
12,2,-78.46696086,-66.50314027,-74.30539083,-68.07184766,-55.87807224,-58.49111553,-58.09768867,-55.26331581
12,1,-75.03624606,-63.95418312,-73.3152372,-67.14151337,-61.53237756,-59.81604412,-56.58156131,-61.77468742
13,1,-79.84480544,-65.09915382,-73.44535989,-69.10665622,-57.7409483,-58.78193239,-61.79128685,-53.21976814
13,2,-79.72982375,-65.37363977,-72.54436847,-69.59209073,-57.83046656,-58.40453363,-58.88347881,-53.20911973
13,3,-75.08084549,-66.92865882,-74.40981295,-68.6807955,-54.57004604,-58.10401487,-58.17521634,-52.0304942
13,4,-74.38709651,-71.32455012,-80.784123,-67.10230816,-59.62507964,-58.19347356,-60.2210673,-56.20943997
13,5,-79.48268929,-66.2911745,-69.66395183,-67.32382506,-50.09252072,-58.6396115,-58.19542316,-57.45566474
13,6,-100,-63.50079975,-68.47338978,-65.51349646,-54.96815626,-59.17355461,-61.00751412,-65.12214412
13,7,-75.17389042,-62.79560579,-67.19742633,-63.5312485,-48.11724435,-59.37186236,-69.5331975,-62.12914626
13,8,-70.39516006,-63.34730512,-63.85497454,-61.7178906,-53.64393872,-60.6085238,-59.31358766,-61.23960028
13,9,-67.05203627,-75.14068821,-64.06548527,-62.72141591,-55.50323984,-65.72061308,-60.71939193,-61.4361099
13,10,-67.32163505,-61.02346043,-60.56685656,-61.74537307,-51.52882415,-67.33205826,-70.59468303,-60.78236309
13,11,-67.728005,-64.22367075,-57.58675381,-62.99525445,-51.6287678,-70.90291983,-63.38594088,-60.55253102
13,12,-93.30001969,-69.16146423,-60.39042196,-62.70745973,-53.12280228,-68.81021509,-58.65636913,-62.23644735
13,13,-66.72187986,-68.60949704,-56.35577061,-62.23116359,-56.07499827,-68.79201434,-58.14917129,-62.50971519
13,14,-62.83444661,-61.74036101,-49.10945616,-65.44506393,-61.32307197,-66.2874174,-58.91323811,-62.20895538
13,15,-61.97238057,-62.65777319,-54.65958275,-65.63145675,-62.35498951,-62.28473897,-62.28882943,-60.72243945
14,15,-63.60610467,-69.7993078,-58.06153928,-64.72618258,-62.95281694,-64.4895171,-60.19702755,-62.23659817
14,14,-64.68856314,-65.25379751,-52.08143756,-62.63557964,-63.94757726,-65.28533834,-74.37500526,-61.82853522
14,13,-66.66642518,-68.21771087,-53.34159077,-61.71072796,-55.95709684,-66.36696221,-58.84275765,-64.37678526
14,12,-66.45018327,-65.31029596,-62.91899538,-61.65042081,-53.26764237,-66.9361119,-59.21530974,-62.23523876
14,11,-67.5671683,-65.74868044,-58.64936706,-61.78255125,-49.58271003,-67.60751628,-62.24910258,-60.50812391
14,10,-66.70821455,-60.44292143,-62.6422572,-61.14698372,-52.67414898,-65.23026445,-67.9380148,-61.6580326
14,9,-69.82796644,-75.24549048,-65.6742981,-62.63947626,-55.01743111,-64.10499298,-60.12223834,-62.34692674
14,8,-70.00249736,-64.40451663,-65.33676831,-62.88012885,-55.53124026,-60.56415425,-59.19868398,-61.42801709
14,7,-74.31419064,-61.88395957,-66.50201369,-63.83575167,-48.31678494,-59.69551136,-69.90143274,-61.88296037
14,6,-74.84901511,-63.34492297,-68.2525067,-66.37450388,-54.94942986,-58.79252239,-60.98303261,-64.82384395
14,5,-76.39799065,-66.05877001,-69.5078938,-66.67368231,-52.42748876,-57.19263502,-57.53879313,-58.52972411
14,4,-73.87098873,-71.22023517,-74.62843069,-67.77611925,-60.2784252,-58.65339702,-59.83765504,-56.67179384
14,3,-75.20474466,-67.42482253,-77.32502486,-92.57819377,-55.47552859,-57.30006909,-56.74640005,-53.21777315
14,2,-78.90590097,-63.4427761,-70.24817295,-97.42092082,-58.07636064,-58.28508282,-58.67263075,-50.13470065
14,1,-81.32682166,-65.51518405,-72.51679435,-70.74678487,-57.75274538,-58.81041088,-61.35766259,-50.0624318
15,1,-75.67341338,-65.35434746,-69.75571753,-73.93355171,-54.66952794,-91.93688745,-62.54992424,-46.93940764
15,2,-78.41838732,-66.1811801,-71.12604877,-72.20848116,-54.49205438,-58.90890278,-58.30013676,-48.41915492
15,3,-79.02309384,-67.77867691,-71.23285237,-70.13364743,-55.24722756,-59.26456135,-58.19259315,-49.38747478
15,4,-76.45971297,-75.99705598,-75.29136517,-69.35633077,-52.58746397,-59.0535945,-59.89922181,-54.3792451
15,5,-76.85737023,-73.58042516,-95.07402163,-67.13082032,-49.75012388,-58.73436753,-62.45221829,-55.09511776
15,6,-83.48785416,-96.68001512,-65.66489354,-65.48734856,-49.77681836,-58.76052126,-61.70115582,-59.32922188
15,7,-74.82336808,-64.08586757,-64.91603558,-62.73219596,-46.47345681,-62.45364436,-60.58605757,-59.9794909
15,8,-74.34223266,-62.16750402,-62.57993263,-61.55757606,-60.60031364,-65.7052663,-58.88772208,-61.22921214
15,9,-71.62709571,-70.82534196,-60.21386901,-63.24206533,-46.63859324,-68.00481322,-65.7196841,-61.71886825
15,10,-70.19230871,-73.04991216,-59.17328844,-62.25135645,-44.71748306,-72.75155723,-65.49133293,-62.32278631
15,11,-70.18556567,-69.04297066,-57.0514113,-62.30715227,-47.76673426,-74.18676072,-61.70190241,-60.70752489
15,12,-67.31123963,-67.34643793,-62.40958542,-62.34044563,-50.90143277,-67.57737984,-58.66341097,-62.41131351
15,13,-65.73690818,-65.5967582,-54.21619544,-62.54545494,-53.25433522,-62.85716271,-58.91927594,-65.82585762
15,14,-67.3573921,-71.08681898,-54.1097908,-63.78445143,-59.64244137,-66.91623101,-60.82866306,-64.42033044
15,15,-81.83425681,-65.86498968,-47.27625908,-64.21075045,-60.29931501,-63.61221246,-64.01041219,-63.49266845
