0.5,0.5,-52.16220897,-59.1206391,-51.82678072,-36.29416086,-53.11860104,-53.13258924,-32.89052502,-54.43823276
0.5,1,-56.42115591,-58.47873763,-52.59496747,-45.99917112,-53.8007094,-51.40616509,-40.32693979,-52.89478896
0.5,1.5,-60.45888924,-52.92789426,-50.16361571,-40.71754269,-53.07584407,-52.90338565,-41.56813026,-51.25907635
0.5,2,-52.89950141,-50.1038436,-57.41551979,-46.43856026,-47.8301851,-54.88736098,-40.04658872,-55.1520147
0.5,2.5,-47.39946702,-58.66100632,-49.37068341,-42.78188684,-50.39059902,-49.40783461,-43.34542799,-54.81692116
0.5,3,-56.0604857,-54.91411583,-60.49142314,-46.10188806,-48.74807613,-51.81622478,-45.54909486,-53.25522481
0.5,3.5,-49.13206068,-68.41893325,-56.83674555,-51.18356716,-46.75650383,-49.88039945,-45.6011337,-52.55679209
0.5,4,-40.36544401,-52.25794875,-57.4404836,-49.4305407,-42.21665577,-51.85781887,-47.87803057,-57.46112675
0.5,4.5,-46.85274904,-54.22136242,-55.05977666,-51.23220597,-42.44095699,-51.47545189,-47.8631682,-52.91605071
1,4.5,-46.72519891,-55.79381369,-54.3711201,-48.73035571,-47.10169632,-56.73833372,-47.64372089,-53.30617927
1,4,-45.28437279,-57.57087375,-61.22186001,-49.16480826,-43.86888225,-51.64511941,-48.77155539,-58.29916351
1,3.5,-53.40964505,-55.32320534,-62.0461424,-45.0233016,-49.92666244,-51.10905493,-49.22959309,-56.42741245
1,3,-58.72524383,-66.52632161,-50.95677083,-47.52612899,-52.21516157,-53.889933,-48.80680129,-51.83766519
1,2.5,-49.36121882,-47.8381406,-58.3154529,-46.056238,-47.41138269,-48.90265485,-48.23112434,-52.51419209
1,2,-47.0557695,-62.27742333,-67.03415278,-43.39206117,-49.48525831,-51.37277636,-44.3825807,-55.89369675
1,1.5,-56.32379472,-56.39603935,-58.53303897,-40.70578262,-49.90216816,-49.75288071,-43.76108982,-53.03913608
1,1,-56.26532419,-49.40065876,-58.60519577,-40.90516407,-55.00787262,-52.59238119,-42.68861096,-50.91679174
1,0.5,-53.48842255,-48.69454689,-53.92086227,-47.56710288,-54.07048274,-52.31676226,-36.29656694,-53.88594525
1.5,0.5,-49.41075951,-56.15099433,-63.47064793,-43.27673646,-56.67436604,-51.05458429,-44.32620553,-54.90049242
1.5,1,-50.49533402,-47.65138963,-54.93730528,-46.07529862,-48.49876328,-50.43135864,-43.43139156,-50.20773302
1.5,1.5,-55.08918249,-49.18972621,-56.56965195,-45.84770012,-53.70752333,-52.57539119,-44.27827997,-51.69266716
1.5,2,-55.80112866,-48.3991704,-56.34947758,-50.1253358,-50.89900764,-47.94219044,-44.59925472,-54.05875909
1.5,2.5,-55.1648275,-49.30135139,-51.54966413,-46.33809777,-50.51739351,-52.66670852,-47.17428453,-54.13912931
1.5,3,-46.27328948,-47.93806203,-62.20349858,-47.33682571,-46.40785613,-48.01559791,-48.42623582,-54.51959085
1.5,3.5,-47.61133268,-51.50715513,-55.23844041,-52.37234053,-46.05802746,-50.39482348,-46.65087841,-52.45120969
1.5,4,-46.96154367,-51.96272391,-56.17767367,-56.92363631,-49.92710813,-47.30611746,-52.29790146,-58.03634962
1.5,4.5,-46.11302339,-55.38610847,-55.45910761,-49.0746256,-45.40866004,-52.59652179,-53.7576915,-55.75852479
2,4.5,-49.32938693,-48.10985131,-57.08823793,-45.46187229,-49.86688926,-51.78173159,-51.21304444,-55.7551575
2,4,-46.17645238,-56.52704188,-55.00567416,-53.62085273,-46.28947051,-49.89334912,-52.64487072,-56.30007956
2,3.5,-47.23175675,-51.06959737,-52.30409002,-46.52950059,-48.85299094,-47.81521204,-49.77671139,-53.17141395
2,3,-61.03423543,-48.18838165,-53.17105533,-59.322698,-52.61870657,-48.82767854,-51.38496737,-54.6583347
2,2.5,-55.78389222,-49.25850581,-57.32276181,-50.65799514,-53.01121233,-46.9075597,-46.32825092,-55.0369289
2,2,-56.93394753,-56.26332418,-57.61775535,-52.15485827,-55.53217076,-46.90374064,-50.71696054,-51.23716674
2,1.5,-55.86640063,-50.63548095,-53.23565992,-61.08914608,-51.67107569,-50.2539219,-49.57927594,-53.06783714
2,1,-54.74352603,-57.04430732,-56.73259186,-46.37560944,-53.95449551,-50.16337681,-45.97587958,-55.81323625
2,0.5,-54.53704922,-68.4270829,-49.33534381,-54.9106021,-52.57067823,-59.09662214,-48.31991607,-51.55609592
2.5,0.5,-60.07099225,-55.92374269,-53.26765958,-49.94842045,-49.81483378,-51.83607388,-47.40595087,-46.31892354
2.5,1,-56.96621084,-61.27081213,-51.74174774,-45.87362362,-53.54186737,-52.94673807,-46.30675334,-54.96882861
2.5,1.5,-50.23538409,-52.61119954,-59.74568166,-49.06183617,-51.5342137,-50.25235957,-46.962036,-54.86838115
2.5,2,-49.25159854,-55.91073935,-47.2784974,-53.62274533,-50.37302563,-47.28065909,-48.51472678,-47.26158806
2.5,2.5,-49.22200093,-49.75172733,-48.32778568,-47.24612266,-48.28816065,-46.5548326,-49.4848654,-51.82141759
2.5,3,-52.21931137,-57.66737084,-51.93876068,-55.39688922,-49.47005951,-53.7175492,-51.19407756,-49.39827058
2.5,3.5,-52.04676213,-62.9391861,-46.40714775,-53.7875961,-49.13006199,-51.56576548,-50.30703816,-50.29857961
2.5,4,-55.79311424,-49.4947915,-48.58928139,-47.09652197,-53.95008459,-45.05791171,-53.20077101,-56.15576749
2.5,4.5,-58.4366846,-54.85054981,-58.8013752,-53.914437,-52.45872136,-54.68336796,-50.44194197,-52.46753775
3,4.5,-53.72090981,-47.26189069,-47.36565063,-54.6117302,-47.14634038,-49.534953,-53.25976474,-52.67197654
3,4,-54.79793113,-45.84316126,-58.27037671,-51.54618635,-50.45847656,-45.88353137,-49.68157348,-53.52951815
3,3.5,-53.370597,-57.0916787,-50.94261382,-55,-54.03104083,-46.95092289,-50.57417282,-54.57616059
3,3,-54.71183987,-51.23743154,-48.58971542,-45.20780777,-52.95531421,-48.08722533,-52.26504063,-53.41485644
3,2.5,-53.23155004,-53.20516497,-50.00700105,-51.88601813,-50.91537986,-50.25540155,-48.98561494,-48.34680934
3,2,-55.31063109,-53.32065718,-49.32825259,-52.80731916,-51.42555201,-50.78241164,-49.72725108,-49.30800808
3,1.5,-54.03061321,-69.00909268,-57.676294,-52.62259414,-56.29290694,-48.87830313,-48.37310514,-54.94263004
3,1,-58.88185684,-56.39275478,-62.86874787,-47.509406,-49.07405426,-48.86113406,-49.76746902,-49.20530609
3,0.5,-54.51594814,-58.89502254,-51.17198343,-57.42334688,-52.03045708,-52.29981543,-47.83557268,-46.57286675
3.5,0.5,-57.94366255,-49.29235002,-48.25239645,-57.82570583,-52.9881373,-53.14424534,-46.02562543,-46.35635631
3.5,1,-63.63367704,-51.73940055,-44.76582386,-54.87766833,-55.69178572,-47.41822369,-51.3124367,-47.18973993
3.5,1.5,-53.21096675,-49.24833063,-54.02002833,-52.60020522,-50.2294204,-47.92820591,-52.37832383,-51.27473279
3.5,2,-52.94775776,-47.18090356,-52.91199085,-53.94835847,-51.71367291,-49.32095224,-52.85787392,-48.44591305
3.5,2.5,-59.6254996,-52.31953095,-47.28140636,-54.08900495,-52.17914505,-43.73925622,-49.10041307,-52.1137273
3.5,3,-48.81426594,-45.53918842,-51.90646995,-54.94488006,-49.23452539,-48.95755948,-50.33590779,-48.42914383
3.5,3.5,-59.15400302,-48.00885715,-59.90150839,-54.92573228,-52.59890676,-44.18170285,-53.64491488,-52.49843528
3.5,4,-57.14424512,-49.7934753,-50.28618168,-54.35885455,-52.69266304,-45.45964553,-52.47791445,-50.71010457
3.5,4.5,-56.07403088,-47.52765367,-55.17919023,-52.27524312,-55.24822464,-45.45924553,-51.47083853,-51.98203239
4,4.5,-70.40273474,-43.43511445,-51.22192972,-61.73312154,-51.05406397,-40.06369879,-50.66825593,-46.78282505
4,4,-57.06950756,-41.71556862,-46.77030974,-49.50702147,-52.97598111,-42.7223256,-50.72903543,-51.6101683
4,3.5,-45.67042208,-45.62912637,-47.67284005,-52.7067146,-51.67245111,-43.5893807,-48.43271877,-49.92051708
4,3,-52.86104835,-53.96146231,-47.64407069,-49.97804428,-52.03605995,-45.25875057,-55.34374856,-46.13057073
4,2.5,-55.30333265,-60.49441517,-50.87266142,-53.20317789,-52.93204621,-50.19227517,-49.66543607,-48.72021541
4,2,-53.47833825,-49.87055387,-49.59975262,-62.51565397,-51.40132789,-49.25873648,-54.75602998,-50.31883451
4,1.5,-53.29021148,-52.3650953,-48.44070393,-52.06317933,-49.08208003,-51.47010407,-52.01400656,-47.03126298
4,1,-55.55494339,-50.83015449,-54.78648721,-62.21368462,-50.92327981,-51.5068164,-54.35770839,-46.58108395
4,0.5,-56.94069128,-54.30758314,-44.78659515,-47.09914589,-52.23211853,-51.03722263,-51.28055947,-44.35175172
4.5,0.5,-61.87292842,-54.32173969,-43.52831064,-48.44510391,-51.47868813,-51.41689031,-51.67594756,-39.61757825
4.5,1,-50.46598278,-50.23517597,-43.80077535,-47.25109573,-49.21445718,-49.05752957,-50.83315193,-43.54716283
4.5,1.5,-56.94549131,-57.29368497,-49.92742271,-56.06155408,-50.45438484,-53.96910446,-51.57138824,-46.75899012
4.5,2,-65.32347701,-51.98169805,-46.8921575,-49.64992899,-54.02768011,-46.21037185,-50.85162373,-49.39582381
4.5,2.5,-54.69854672,-54.3972248,-48.40726981,-51.62573601,-54.40266627,-55.05085667,-51.65747622,-45.23316446
4.5,3,-56.12365034,-52.48349348,-50.78983196,-64.00685744,-51.09071837,-47.75027046,-51.76164864,-53.9060079
4.5,3.5,-62.34916028,-45.36163864,-46.65695037,-67.08274221,-54.23712213,-46.57735177,-55.74393816,-54.8349302
4.5,4,-58.06826527,-42.16723471,-47.40445382,-57.74324038,-51.04366546,-41.44246714,-50.83198892,-51.92635229
4.5,4.5,-51.83904725,-42.85238222,-50.96986836,-57.6950537,-51.29673289,-35.12637174,-52.19937552,-48.42435856
