x,y,wifi_rssi1,wifi_rssi2,wifi_rssi3,wifi_rssi4,wifi_rssi5,wifi_rssi6,wifi_rssi7,wifi_rssi8,ble_rssi1,ble_rssi2,ble_rssi3,ble_rssi4,ble_rssi5,ble_rssi6,ble_rssi7,ble_rssi8
1,2,-68.76909127,-64.49273143,-66.74519611,-67.29478056,-97.50151704,-46.00784186,-69.66498169,-63.02348053,-69.78842536,-64.83733924,-64.47266623,-63.42587013,-65.88351894,-46.80021512,-67.12694677,-67.12333235
1,3,-68.30854038,-61.25380276,-67.87345806,-66.26767106,-83.54601781,-47.58712293,-67.73405554,-62.59668335,-72.1898496,-63.72898572,-69.05370141,-61.29975699,-67.89905449,-47.47571385,-67.41704539,-70.7429804
1,5,-62.63139916,-64.31790958,-67.73909976,-54.89679902,-70.09927837,-55.39270341,-62.3623847,-65.25550281,-67.18944779,-64.94440697,-66.11592167,-58.03704528,-66.49662388,-53.52446437,-62.10329258,-68.50894919
1,6,-65.04258736,-65.85557741,-68.40453124,-51.202802,-66.06641293,-56.86614493,-64.4946444,-66.9668601,-66.75262511,-68.72952731,-66.37311054,-53.40799959,-64.42411943,-54.889031,-63.62697255,-68.2906677
1,8,-62.27465775,-58.82226895,-71.0227542,-48.09288763,-69.63418278,-55.63145408,-60.14607911,-65.98250271,-60.85320224,-59.89301893,-66.84522976,-48.80710802,-65.20965809,-55.471506,-62.72131297,-69.98772415
1,9,-67.18684704,-58.89193791,-73.16824945,-57.51731545,-72.26085325,-57.5096966,-61.14474123,-66.23202911,-66.04555818,-60.6490512,-71.08357526,-46.22166913,-67.0489594,-57.8853793,-64.79548087,-73.85129948
1,11,-69.13052424,-59.4759908,-72.15121911,-53.54553265,-69.71629391,-56.98796124,-61.5808733,-70.33983595,-62.24581653,-61.44254693,-66.63662835,-53.05589678,-71.88355941,-61.11612536,-63.83489364,-74.06045847
1,12,-53.89717941,-58.16864048,-72.97927535,-71.94831931,-67.92879458,-61.50833503,-59.63552433,-71.88863812,-60.61174915,-61.31472908,-63.97564323,-57.14134972,-73.2150359,-63.59879783,-61.61350285,-75.99684573
1,14,-54.21664839,-60.54881678,-67.37836191,-61.02378767,-65.31451108,-61.72129398,-60.21758974,-73.69828133,-65.11724059,-66.76304811,-66.46182324,-60.68883552,-73.91630032,-60.35814943,-62.21858051,-69.98174303
1,15,-61.29663517,-60.7523191,-67.81350903,-58.39176502,-68.77265403,-61.50135662,-62.97294439,-71.77973658,-59.99430202,-63.99444513,-64.54719583,-60.05698959,-68.12234569,-60.6735279,-66.76464171,-68.56912604
2,1,-65.70117328,-66.06476267,-88.19344698,-64.62143566,-67.1042968,-47.70045476,-60.90264759,-64.14261809,-70.51412263,-65.76903451,-64.05812944,-75.80626784,-67.82764719,-49.17020155,-61.95141533,-67.50667082
2,2,-68.33188231,-64.5309217,-97.32854249,-64.80665583,-65.52325707,-50.96993718,-68.08454057,-62.52938062,-72.85738622,-62.9206963,-67.04962875,-62.33957954,-64.73649513,-52.06607388,-64.37661745,-67.94077976
2,3,-73.60544653,-63.57819345,-68.52039466,-64.96887909,-66.44364517,-48.16872334,-67.54627414,-65.0571044,-74.91470975,-60.82391346,-66.24502095,-62.16896388,-64.29759181,-48.73962461,-67.04399024,-67.59836825
2,4,-63.08642788,-62.38627755,-67.24887608,-66.28910855,-65.40798028,-51.81931632,-67.62158798,-64.96977193,-73.76145733,-63.0202078,-69.86193514,-59.94004681,-64.42144281,-53.22839157,-68.81809606,-68.80802239
2,5,-61.82785828,-63.33951652,-68.8636012,-55.25301683,-62.49155188,-54.96475975,-62.05142948,-65.49922125,-66.2387173,-62.97267,-68.72818546,-63.275271,-63.60899908,-55.12911708,-63.56104029,-67.50409483
2,6,-62.75307873,-62.42230603,-70.28503973,-60.47441923,-65.81288137,-57.5132351,-61.71309195,-66.33003211,-66.17148078,-67.70624053,-69.38188593,-53.92959805,-63.43507607,-55.32091168,-63.74509087,-67.45173705
2,7,-67.97981104,-59.7952318,-71.78613715,-58.34286424,-64.51936318,-58.4456117,-82.46213638,-66.0624615,-74.70913402,-61.52299312,-67.17607184,-58.83305922,-65.46875122,-56.01602532,-63.48337569,-68.19659956
2,8,-60.24255604,-58.52387031,-71.08804309,-52.95336027,-65.57656223,-55.2943655,-100.0,-65.31222937,-62.64733682,-60.12776227,-67.94808559,-50.6811501,-62.80520934,-55.33753332,-63.81581775,-68.36573818
2,9,-71.60450292,-61.88078684,-71.89633865,-54.3666158,-69.34684221,-58.23006547,-63.59145131,-65.43879956,-66.6837484,-61.78721,-66.73461019,-63.17634925,-66.70684516,-57.96136316,-60.46963342,-71.34945425
2,10,-85.38347223,-59.19814415,-70.7676308,-53.24760382,-66.54735358,-56.56142982,-61.15211301,-68.64980623,-60.94493761,-58.14607368,-66.06301066,-54.06542997,-67.4897663,-56.49489287,-64.45834912,-73.6991426
2,11,-82.90154452,-58.87672146,-65.73150367,-52.36325871,-66.9868296,-58.11521519,-62.57384812,-97.40913871,-64.04112739,-59.07087261,-63.26067462,-54.52422035,-67.61359935,-58.89440935,-62.87183104,-72.08817139
2,12,-70.46015571,-59.91219378,-67.35814553,-57.26714969,-69.63432373,-60.40382269,-60.80098869,-85.3998941,-59.51584807,-64.22758165,-65.74978935,-60.43601054,-69.10420886,-61.53499574,-60.48275432,-71.69456261
2,13,-56.58306407,-57.47547117,-68.01417821,-62.22308008,-69.96252803,-61.62310964,-60.46516396,-70.81091896,-59.04921008,-60.96959222,-61.78816207,-63.98431989,-80.73869125,-61.55688069,-62.43711091,-74.15120476
2,14,-57.80842222,-60.13092213,-65.86742734,-64.46884927,-65.81972942,-60.75373223,-58.70957103,-70.06227294,-60.43593586,-61.69432425,-62.61540237,-63.0028123,-70.4062267,-59.96241588,-60.13762853,-73.5139954
2,15,-58.10276772,-61.53093345,-66.14694889,-59.80247737,-66.02850369,-59.36118959,-60.44621171,-74.27293179,-60.61075359,-65.17689223,-63.48404853,-61.1324305,-70.01418847,-59.85316732,-64.58144786,-70.28202221
3,1,-66.00650045,-65.43630122,-69.42890873,-66.15162231,-65.71563756,-49.40168842,-57.38623795,-65.6852437,-68.82748487,-63.30690918,-68.03371547,-68.66422995,-62.42822748,-52.38014217,-58.59284704,-68.73832706
3,2,-67.21483924,-66.32272578,-69.41352373,-61.60074416,-63.74972172,-51.41123231,-59.63808015,-67.32933135,-74.17716273,-64.13952399,-65.45159299,-63.20610822,-62.98343012,-51.18220108,-60.19659592,-73.77496254
3,3,-69.94303091,-65.7657267,-69.41196122,-70.11216043,-64.55839773,-51.58041979,-61.40456093,-68.5116647,-69.74881739,-64.9680416,-64.88190301,-66.62537003,-61.200827,-52.51937326,-63.31135937,-74.45147946
3,4,-66.14330349,-67.61581192,-71.66652421,-66.16743859,-65.7826665,-52.0206704,-66.32028047,-67.75572784,-70.16450508,-63.98345043,-67.50474679,-62.06718095,-61.50423075,-55.08134559,-61.1098544,-73.23228463
3,5,-62.2732306,-66.39500851,-73.54939577,-63.38547996,-65.44963992,-56.89861592,-65.70540314,-68.42277049,-68.82839989,-64.73931738,-69.75942515,-60.64254154,-63.19380897,-56.71729355,-62.43246761,-70.39893153
3,6,-61.66077222,-60.8276218,-69.41942613,-57.5315015,-64.38863709,-58.43306332,-61.42300266,-67.38454902,-66.21901199,-63.95773099,-68.67817492,-65.90678211,-60.61484321,-55.79644475,-62.02505605,-70.75706056
3,7,-69.45664187,-59.33424546,-72.21418991,-59.33981748,-62.91549759,-56.79373381,-61.31693585,-66.51733886,-74.04460133,-61.22913807,-66.02105676,-63.24607589,-62.33628176,-56.39163352,-61.81666196,-67.29640535
3,8,-63.20702627,-59.83045594,-71.51164681,-52.96911313,-62.99049181,-57.57829795,-63.81528568,-64.77027946,-66.51330344,-60.03737466,-66.68680417,-57.07299427,-64.29381143,-57.43693446,-64.80064172,-67.71235518
3,9,-65.31290223,-58.35130554,-67.60030103,-54.22852271,-66.44263153,-57.85789467,-58.1421782,-63.59211905,-66.12760666,-59.68079988,-64.01585903,-60.61188675,-72.25040862,-56.91587373,-59.43750677,-67.84239832
3,10,-65.63241287,-77.87746461,-66.22962818,-56.7742671,-85.14909478,-56.62588925,-60.47351792,-65.10922905,-66.58899283,-57.86628325,-66.90055032,-57.41768972,-67.40945122,-56.17790211,-61.16621699,-67.85885167
3,11,-65.13351084,-95.82638964,-66.08118656,-56.13292301,-96.79845941,-58.41781945,-65.14820121,-66.05623357,-63.40026623,-60.45993846,-61.65692576,-56.37506347,-67.61317732,-59.70503131,-64.35144256,-73.77540538
3,12,-62.25923797,-58.43962703,-67.95971331,-58.02217265,-65.50523463,-61.19827851,-60.61544236,-67.40079334,-62.62252172,-57.33146814,-59.99194647,-58.06347863,-73.48704811,-60.49074433,-61.47916288,-74.08844618
3,13,-58.60573984,-58.69228895,-67.47564829,-57.34649218,-69.11707703,-62.51740681,-58.39048122,-69.04868304,-60.89657678,-58.62580674,-60.78984832,-58.76275319,-66.74227518,-60.67020984,-61.66482001,-73.72631639
3,14,-60.0654303,-57.89907051,-66.78295133,-61.61984435,-69.41698378,-60.34396999,-58.42360165,-69.90923651,-65.45487339,-60.49126083,-63.57104192,-63.34547518,-68.59437246,-59.44158345,-61.34247812,-75.3323509
3,15,-62.33820237,-63.03091235,-65.15939932,-65.42672719,-65.02925179,-60.18079028,-58.61149012,-72.89086618,-61.93765467,-66.64287881,-65.04097233,-64.59364707,-70.73780393,-60.71623679,-60.86665751,-71.81944831
4,2,-66.78020527,-66.85387439,-68.69235396,-100.0,-62.35671821,-56.07597932,-59.4264934,-96.10309284,-70.26786431,-65.4268877,-66.81682263,-74.32465144,-60.24305134,-56.02915706,-62.6736045,-70.26655506
4,3,-67.10051035,-65.49815249,-70.74185651,-71.29392402,-63.12519635,-53.59709636,-55.16181689,-76.70594744,-68.62339557,-61.78493438,-69.81813905,-61.12655649,-60.0939179,-54.70755564,-61.37876143,-73.1413272
4,5,-65.23172127,-65.40011439,-71.57882759,-73.55677195,-63.87952496,-54.58012159,-61.45561868,-73.27415713,-68.10961924,-63.23117816,-67.13964517,-66.16271119,-59.23521442,-56.68606921,-60.67012837,-72.02839173
4,6,-61.11639997,-62.10938358,-70.00178096,-62.73426079,-64.67481252,-90.50950248,-62.74766961,-69.46276757,-65.91903702,-63.80492773,-72.32051352,-63.32515984,-61.71832998,-57.92424564,-58.88502925,-71.37943526
4,8,-66.2335387,-59.62571881,-66.47676151,-58.32177879,-67.13175583,-61.23586168,-63.64614043,-64.6255767,-71.32803981,-61.78774008,-69.49311404,-57.1367943,-62.28966913,-58.1742276,-59.06065299,-70.33699911
4,9,-61.93951148,-56.5206622,-65.06080051,-53.39015331,-65.72113292,-59.75964338,-60.33836127,-65.66380452,-64.29117943,-58.18571394,-61.62491194,-56.2564028,-69.20674869,-57.78018761,-63.95047188,-69.3034818
4,11,-61.56504852,-56.72737752,-65.45448652,-58.70265259,-70.95524871,-60.76371675,-60.8517917,-65.5042962,-61.80039652,-57.79197022,-62.64521018,-58.64258406,-71.78727734,-62.26252088,-64.13952313,-67.3256099
4,12,-62.54767044,-54.24773947,-65.87395802,-60.80813148,-66.19530384,-62.59934084,-62.34654904,-66.08913028,-63.20044046,-57.45631264,-60.76444232,-60.49302432,-70.87683456,-60.09204883,-64.77319255,-69.37244489
4,14,-59.85958507,-57.36186905,-65.38500869,-60.4415797,-67.04386835,-60.10414718,-58.29933212,-71.41661806,-66.77753482,-53.37222443,-60.232603,-61.38254603,-67.6043671,-59.78749736,-61.4290729,-70.65195402
4,15,-61.92649574,-54.66117591,-64.68717266,-65.40369621,-67.23073914,-60.21583577,-59.05773755,-70.98822793,-64.06013417,-53.25868279,-63.64822978,-63.93039625,-68.51513631,-60.15308341,-62.12823096,-73.7672321
5,1,-66.1195673,-67.42033808,-71.10291513,-65.51773111,-65.84293096,-57.84615367,-57.31636417,-62.26370481,-69.80869218,-62.94842595,-72.33965063,-73.08733861,-63.60898967,-61.56494134,-57.61014356,-62.42381883
5,2,-66.51243137,-65.03283682,-73.67255357,-65.63449822,-67.78473814,-62.01556963,-56.01828073,-61.74058317,-71.22763201,-61.75970723,-71.07212339,-66.34294492,-62.74257592,-58.43551983,-54.56645785,-62.95969651
5,3,-69.0392853,-72.80977956,-74.05126692,-63.46124933,-66.1182237,-56.11038129,-52.5346982,-63.03990396,-71.68492013,-61.63582409,-69.1556112,-64.04521247,-64.20075468,-57.0558099,-54.56406627,-62.15058419
5,4,-69.00541558,-67.1511735,-71.58736741,-61.85481535,-70.42855084,-56.20436348,-53.37140253,-65.64034486,-72.95956897,-61.43230773,-70.10105046,-64.30254489,-64.91032097,-56.88051871,-57.17387037,-64.9918274
5,5,-96.84024308,-65.23119202,-67.63334684,-70.88046922,-69.5863662,-57.05000146,-56.60633085,-67.28649388,-74.68034106,-60.94716463,-69.71970334,-69.78911352,-65.9709313,-60.69213868,-58.95696207,-68.06540592
5,6,-88.36280614,-61.15057301,-66.1246387,-61.04770483,-70.26856953,-60.24316068,-62.02082151,-69.04497253,-67.15079034,-62.52090115,-65.25820571,-61.50557842,-64.59534574,-58.07697179,-59.45653704,-69.261603
5,7,-63.61068166,-60.56964888,-67.50442818,-74.25740835,-68.18441246,-62.16789356,-63.13572014,-67.03327871,-64.87832776,-61.91134082,-61.5463562,-66.90181351,-65.86428112,-58.54421434,-57.80097443,-74.63824968
5,8,-66.94786638,-58.00520241,-68.15423016,-58.21377656,-68.08462606,-61.61243565,-58.72189411,-65.74010951,-69.29988333,-61.43196157,-62.03662961,-63.6732379,-61.87324726,-59.29056511,-59.93616403,-69.6026298
5,9,-65.88895376,-58.6386637,-65.47920379,-58.67127501,-69.36976891,-59.29355024,-96.23173364,-65.64036079,-67.85369349,-60.64550381,-59.88215163,-66.58027387,-70.34137247,-58.70481585,-59.61004274,-67.22722838
5,10,-63.52568099,-56.53051604,-66.43057064,-72.35138342,-70.3471431,-61.57648096,-65.72610643,-65.20152307,-64.92343361,-58.78848734,-62.99811344,-62.28388639,-66.61263876,-59.96498657,-58.52740297,-66.67346993
5,11,-68.77786088,-55.86103863,-68.39664396,-58.9067749,-67.20584675,-64.15779558,-59.51637399,-64.18018414,-69.1515574,-59.25560404,-59.83700663,-56.60218091,-67.04211243,-62.50899615,-63.81381987,-70.28062436
5,12,-60.46509266,-54.89349834,-70.58919387,-59.85276646,-66.52445606,-60.50210503,-61.18649494,-65.86835716,-65.51976467,-56.12042561,-61.34396425,-65.38473794,-72.06984304,-60.31394708,-65.65387868,-68.54684019
5,13,-61.90696551,-54.33761549,-67.28552365,-58.76403829,-67.96761503,-58.9840547,-60.13283993,-66.7386642,-71.40643589,-54.0618624,-63.44160605,-62.65404103,-68.87232765,-59.33646167,-64.61821146,-68.16488963
5,14,-70.23390151,-50.51856837,-65.89391601,-65.52980807,-65.38588713,-58.86735695,-58.69821337,-68.16544709,-63.29062762,-50.98522519,-60.49960563,-69.95846567,-66.39659526,-58.18733265,-60.78564841,-73.05712743
5,15,-65.16797346,-55.61318121,-68.35902425,-61.74524509,-66.24228838,-60.5613096,-58.58305244,-69.02004683,-70.40375302,-53.95489172,-63.59099903,-62.22312675,-70.9783987,-60.16749103,-61.14409684,-73.53865958
6,1,-66.32341044,-71.16751665,-69.48819679,-68.23327177,-65.93577625,-62.32459802,-54.30066807,-62.65758763,-71.80428599,-64.83469222,-70.89767794,-70.01082781,-63.64438826,-62.65527153,-57.04630609,-64.08062592
6,2,-68.31185762,-69.88396537,-73.32881197,-63.14074754,-70.74484255,-57.02933782,-49.24688931,-66.15879184,-68.8308489,-64.36689292,-71.92703776,-71.25431514,-65.2708566,-58.17358192,-51.46150051,-65.57252776
6,3,-66.68508321,-67.21947812,-70.4998518,-65.22117927,-70.65834473,-57.80403279,-50.68873898,-62.47306641,-75.10834499,-62.30664782,-71.35094584,-65.15169558,-71.51905936,-59.70543761,-50.38109769,-64.32050016
6,4,-71.20852761,-66.46638212,-71.35677197,-66.51272954,-69.91328311,-56.97214494,-52.98330061,-64.45499243,-70.46948685,-64.08448633,-68.78172234,-76.39773172,-65.5422456,-58.85822469,-57.83871603,-62.88586278
6,5,-68.38642225,-61.95285925,-65.78515644,-64.09077366,-66.49522,-55.84857264,-56.42388858,-62.49332112,-70.3803075,-62.14236187,-67.28680414,-65.17560167,-64.33617537,-57.00092249,-55.96458237,-64.57540242
6,6,-67.03634064,-64.21809566,-66.10003119,-65.82899109,-70.88469035,-60.01483722,-60.91596699,-65.2289149,-72.36170569,-61.00254531,-62.03152091,-63.52653795,-63.56917061,-60.18011413,-60.13561203,-64.27183579
6,7,-64.32190299,-64.98503967,-66.32260786,-63.17563032,-65.58663846,-66.24902639,-65.02699373,-65.69294042,-69.74888101,-61.33081869,-62.94516337,-69.53756063,-60.90195987,-60.01032776,-59.345808,-71.96265404
6,8,-67.19662662,-57.1376549,-66.8592009,-58.54958777,-62.45743649,-59.80831415,-58.86999702,-66.9810014,-70.17682892,-60.03715702,-64.28547724,-67.38768117,-60.94784409,-61.30675974,-57.88035629,-71.26669217
6,9,-72.50006643,-63.46101521,-68.50917642,-62.38850972,-67.97785918,-59.67580908,-60.75337925,-66.4900566,-71.07844064,-61.7769233,-60.28845178,-62.66027773,-66.07300515,-59.25880255,-60.14315165,-70.34468979
6,10,-62.34101087,-88.53770346,-68.25923448,-65.61268562,-68.12444925,-63.92105869,-57.40417163,-64.07787002,-69.15949724,-62.65996931,-59.04724985,-61.63273984,-65.77691822,-61.39329699,-58.42168143,-64.70421942
6,11,-63.94289052,-56.76844919,-73.46500957,-60.9934442,-70.12940145,-65.12784345,-57.56764362,-62.79001668,-65.65692424,-57.93297779,-64.43265195,-64.31302942,-74.40994071,-60.30289196,-62.66127094,-66.1292914
6,12,-67.01391042,-55.75790322,-75.12962966,-59.99814566,-66.49102298,-60.98954293,-60.09870199,-63.74224432,-66.45589015,-56.12550892,-65.56451341,-63.1930504,-67.55793589,-58.28655249,-62.18493338,-65.72812975
6,13,-64.86201679,-48.23790286,-71.92454993,-62.7488808,-97.66032,-59.73562994,-61.04201105,-64.85102383,-68.26436972,-50.426744,-65.20147432,-64.01239996,-71.29754833,-59.2864883,-63.21948252,-66.70457744
6,14,-69.76950041,-54.63987608,-70.39064691,-61.28980484,-79.63241493,-58.35009175,-59.27567096,-67.64714357,-71.09659216,-51.64779896,-62.20417419,-62.14324254,-64.49107644,-60.47550738,-61.97481835,-67.41699514
6,15,-70.09327795,-50.85567104,-70.22203725,-65.30117726,-63.82419653,-61.01135768,-58.90354074,-70.27963245,-70.35271507,-48.41119552,-67.35845462,-70.27401875,-66.25202488,-61.77926737,-62.23585308,-68.50895199
7,2,-66.95882476,-67.05448698,-68.54000829,-72.39267435,-67.91925847,-57.38173611,-46.42405219,-66.96677111,-68.76478559,-63.14610883,-74.03128657,-76.63133282,-65.12171376,-59.76245044,-49.29170088,-69.68309065
7,3,-69.81300482,-65.20143302,-66.13029184,-67.12057543,-65.67268507,-55.99968245,-48.1267769,-97.47795283,-69.4704791,-66.1677317,-71.80240925,-68.21951605,-62.70711831,-58.93237998,-50.18290914,-69.92593416
7,5,-71.79430894,-61.57623207,-66.37461308,-68.70042236,-63.620737,-60.29470467,-54.19921715,-64.89637184,-76.91441672,-60.89454526,-65.78875554,-67.16723805,-62.95916889,-58.92225596,-55.10771448,-64.74436404
7,6,-68.74313634,-68.90754285,-66.18348652,-66.45143442,-67.54549871,-60.77884656,-58.03337047,-62.45294447,-72.91415312,-62.00468929,-60.18078605,-73.1311975,-65.2450734,-60.43334052,-55.87740052,-63.20760012
7,8,-65.0168172,-60.19342129,-75.53459194,-63.55907494,-60.3909949,-58.54073484,-58.24607747,-65.22447551,-69.68755844,-58.97472878,-63.64759146,-64.5284415,-60.91050424,-59.65296702,-58.0058888,-65.44811425
7,9,-68.25796323,-56.21140007,-70.60330701,-65.6773557,-62.05226176,-60.44691797,-59.58827797,-66.15846382,-70.71647035,-64.1837687,-62.92093528,-64.97904777,-68.66620843,-60.08849057,-62.86400676,-68.92030148
7,11,-67.9142622,-54.85806739,-68.50874146,-62.96240896,-67.30264588,-62.2179488,-58.58586586,-63.25999684,-75.49712262,-60.38406845,-63.68658778,-66.00344977,-66.15375951,-60.77385676,-60.48990609,-66.9179136
7,12,-66.37959885,-54.53628954,-67.9904689,-63.25001726,-68.26792961,-60.23971378,-62.58887407,-62.6165689,-65.82620781,-54.97865358,-64.08153543,-66.91759104,-64.22981087,-57.70091387,-64.81207076,-66.16870165
7,14,-70.67212359,-49.33026681,-70.07547655,-65.53734189,-66.30831902,-58.77702685,-59.26116496,-65.78417851,-67.6579765,-49.5430917,-65.28429739,-68.48239674,-68.14360653,-58.36947461,-60.03343498,-66.97584598
7,15,-65.60158513,-46.33961375,-65.76688537,-94.78215919,-61.25419493,-60.57326142,-59.14338211,-66.49786732,-73.04375666,-45.20408001,-63.41902077,-72.04012329,-63.57875169,-60.26557737,-61.60788513,-69.42610237
8,1,-68.24779518,-66.29132229,-73.28443633,-68.80530563,-75.93909138,-59.96812355,-40.06006086,-63.05616018,-76.12862226,-62.76432208,-73.45435004,-70.56482399,-62.24214074,-60.14100011,-39.63019175,-62.59214534
8,2,-71.11061943,-67.77890724,-97.93557647,-69.61220384,-97.45387765,-58.7860449,-46.96244019,-60.34196399,-75.87647114,-63.85984631,-72.35561925,-72.16015589,-61.9642361,-60.62767411,-46.67021588,-62.27973185
8,3,-67.48401346,-68.52537505,-93.75540761,-65.84418967,-66.9613421,-59.68656043,-49.16279807,-61.21500136,-77.90390169,-67.64852147,-68.53969194,-70.35793132,-62.39437304,-61.02583993,-50.02514234,-61.79973796
8,4,-68.6555813,-64.08777399,-68.00366832,-66.62820999,-68.03914924,-60.25418614,-51.36866554,-62.98275392,-71.53013632,-65.28954316,-64.25336693,-71.03854139,-61.94991969,-63.63058417,-51.72226994,-63.48234035
8,5,-70.38179526,-61.97284435,-66.06225727,-66.07647177,-67.87096172,-58.5696304,-53.45726323,-65.53330642,-73.98320623,-62.70884636,-64.8613608,-65.68103929,-64.65884366,-60.11238508,-53.10728093,-65.3282019
8,6,-71.5027248,-67.16459784,-71.53175909,-65.37485552,-67.27702085,-56.82577043,-56.60291227,-65.02884973,-72.13927416,-62.93167795,-64.4214171,-66.79988914,-62.83284897,-61.0928925,-55.18957167,-65.10585452
8,7,-71.5891555,-62.39267955,-72.67134776,-65.71587152,-68.78073495,-56.8678257,-57.68206111,-63.24541879,-71.30816778,-61.54100226,-65.46621825,-66.27653578,-61.96286506,-62.17192195,-57.12578811,-64.35492726
8,8,-65.54217928,-60.5284875,-68.85516488,-66.38476315,-65.98260682,-63.45035559,-56.40598384,-62.67215984,-72.89709887,-60.50524786,-64.46926293,-70.54737289,-66.32224685,-61.02010355,-54.8262032,-62.81481688
8,9,-66.75658924,-56.50001041,-65.62967428,-70.82705732,-69.39471899,-69.39266603,-58.19151008,-65.06684596,-72.54688576,-62.03445817,-61.6882684,-65.88529347,-74.1929861,-62.60970641,-58.31519613,-69.21381489
8,10,-73.7815764,-57.30716483,-65.20079111,-65.70204607,-66.86498544,-62.86931615,-89.61980871,-65.33910121,-68.64358006,-60.55853503,-60.96841759,-63.50042015,-72.03952361,-61.09607491,-57.98484104,-67.94222997
8,11,-71.08590543,-56.2887156,-69.74153346,-66.83283528,-64.13630176,-61.31094228,-81.7515243,-65.66991924,-67.98705368,-66.07846704,-61.82186812,-65.13957458,-73.49494558,-60.55181894,-59.97106503,-66.41584125
8,12,-76.68373971,-53.49664494,-74.19362696,-66.00277366,-62.6662425,-59.99837128,-60.81794396,-64.88469404,-73.16166127,-54.38298195,-62.87407657,-68.12384973,-68.66088678,-59.83202302,-63.68708664,-64.1899105
8,13,-65.57155407,-49.22494327,-70.39316213,-67.39109378,-70.13884247,-60.28265836,-64.21944834,-64.02191589,-72.08020343,-49.711828,-63.98944274,-69.16034923,-69.89376019,-59.95346402,-62.44581153,-64.7518443
8,14,-73.48532304,-46.38779851,-67.20499575,-65.24923124,-65.16959804,-59.75030499,-60.3148526,-62.88680805,-64.13747055,-48.39813628,-62.38877662,-67.37236777,-72.97729814,-59.95745427,-60.05352094,-64.64463188
8,15,-94.5799525,-43.0276346,-67.74309608,-64.82792064,-62.01337502,-62.58226397,-60.18541652,-65.91654713,-69.90189881,-46.31549863,-65.71418288,-63.77351932,-61.79943641,-62.50231333,-59.92103423,-66.44211905
9,1,-69.50422036,-66.75932579,-70.01014809,-71.94695749,-60.92317781,-61.82810091,-42.13772663,-66.28425206,-76.37905689,-63.92267917,-73.28316056,-73.61633072,-59.12402356,-60.40054211,-40.89066535,-64.44965818
9,2,-70.7474495,-66.63516835,-67.91740872,-66.45632599,-64.45733097,-58.6894328,-45.37805802,-64.76633857,-76.52417752,-69.9991393,-71.64950491,-71.57460736,-62.01598722,-59.88131483,-46.93251467,-64.41455742
9,3,-67.4188833,-67.19256579,-66.61706741,-65.54490939,-63.75026933,-57.10355484,-47.27182302,-68.21630948,-83.30946246,-68.34383913,-69.64148394,-67.53341809,-59.87328164,-60.55482049,-47.91529502,-69.65735805
9,4,-69.63558206,-76.84273686,-65.93332386,-65.6907217,-61.29149847,-56.78445688,-49.70090328,-65.16730196,-69.15838225,-68.97966967,-64.20961545,-71.80337957,-63.52935292,-59.8052768,-49.70188637,-65.36896878
9,5,-71.00049947,-96.24392232,-67.01246807,-66.45077391,-63.78215616,-56.47085867,-53.29495839,-62.19095479,-70.65674311,-64.16137896,-63.49361765,-68.84132552,-64.95991941,-61.44782268,-52.76491676,-61.16415899
9,6,-70.23303217,-65.83693986,-70.34598418,-65.52833436,-63.8656635,-58.16452108,-55.59328523,-64.00875866,-75.01109855,-68.87781316,-64.34619592,-70.09783752,-65.83257454,-62.36604034,-54.24141053,-66.0585469
9,7,-75.17590418,-60.76373318,-66.41765266,-69.20228762,-67.96201636,-59.9568575,-55.83938287,-67.38923276,-71.37433579,-63.53613099,-66.60944695,-67.20317337,-67.06950219,-64.99171282,-57.07508933,-67.67393291
9,8,-74.881433,-58.85917752,-62.00772326,-72.5356263,-68.40276814,-64.8495653,-55.95783221,-63.21329008,-72.55666178,-60.73045226,-69.63974615,-66.42437314,-71.03480002,-63.34278279,-56.36373124,-63.19297724
9,9,-69.87229643,-62.41269897,-60.76455804,-72.47819105,-64.00323001,-64.18126147,-58.80954174,-61.57808756,-72.12703813,-63.07263027,-68.80066816,-66.98113539,-72.72661195,-62.6979377,-61.26855292,-62.07228077
9,10,-69.4084079,-65.74174289,-64.42549962,-70.53552895,-66.55889352,-61.86554827,-57.70304497,-64.20215491,-70.22006225,-66.17697283,-64.90413305,-69.78815526,-69.80215345,-62.1523275,-59.46014687,-63.86655621
9,11,-67.07777959,-65.76087996,-65.0303909,-70.28401988,-66.40052073,-93.87529835,-57.85630848,-97.25972837,-66.34039873,-61.51124346,-61.03825466,-63.93074789,-69.43661161,-61.1322789,-59.6246046,-64.37148409
9,12,-65.76507156,-52.72181185,-61.15108722,-64.32569633,-63.85836525,-58.88480767,-61.3150102,-83.18679682,-65.22475126,-60.42960012,-63.20447037,-63.65177197,-65.67602715,-59.54960631,-63.75876127,-63.90298108
9,13,-68.04664976,-56.77255321,-63.32096388,-62.56295063,-60.39486834,-60.27154366,-65.31276076,-62.24817327,-72.39382466,-59.15548291,-64.32296652,-65.88601137,-66.49628031,-62.80715435,-62.12152465,-64.03551907
9,14,-73.28736531,-53.60818695,-71.4847178,-62.44545028,-63.14517696,-61.93187356,-62.0474197,-62.50359566,-71.10509967,-54.36741343,-61.78948921,-63.6699856,-66.75346148,-63.51125433,-59.18664679,-66.56808103
9,15,-73.21269182,-55.06485437,-67.67650955,-63.74561072,-63.79828887,-63.71247433,-60.95685466,-62.34018492,-69.55715391,-54.35422512,-63.07735615,-65.24532248,-65.60396955,-63.85541041,-60.11013719,-65.08107671
10,2,-96.47820213,-64.5432533,-66.72238761,-72.69642299,-64.4795641,-57.19783042,-49.41437651,-72.32732693,-76.1213996,-70.82058283,-68.52012447,-70.69879648,-60.26215353,-59.43066883,-47.12057931,-62.75923374
10,3,-85.98309331,-67.29809415,-66.92557426,-66.23855979,-61.60629704,-56.99404127,-51.48978641,-65.59786361,-72.4467578,-69.4517062,-64.68071217,-69.39054513,-59.54965715,-59.77464198,-49.0645087,-59.57749076
10,5,-70.66372042,-60.42315406,-71.64227703,-65.60223635,-59.87024057,-59.8087534,-52.89301056,-70.15750347,-75.43746449,-71.32304868,-64.66649114,-71.82276131,-60.31268229,-63.36574798,-54.0683997,-64.82051173
10,6,-70.61422761,-61.15602943,-69.11419489,-64.3412795,-59.83685158,-58.93679512,-57.68027202,-61.93908285,-73.09295247,-66.63268926,-65.6643606,-68.77205342,-59.29420896,-64.06344337,-54.87191894,-60.77494715
10,8,-76.50709008,-59.52466426,-61.02964088,-64.13589822,-65.47645856,-67.89157282,-55.99830781,-65.36780011,-74.05704704,-61.14923418,-66.87686944,-63.04813916,-63.04045835,-64.21439797,-55.64664845,-62.41515285
10,9,-78.38384597,-66.78376499,-61.74116249,-66.02518663,-62.02358653,-61.34431491,-58.08163998,-62.14808611,-71.58922893,-71.95805141,-62.32895096,-64.96348838,-61.97621057,-61.26125584,-57.405345,-61.22253084
10,11,-67.4256915,-67.46980821,-59.89628143,-64.00908918,-65.92979264,-58.8484311,-57.96222327,-65.4251721,-66.5554114,-65.07618624,-61.67568923,-65.05299481,-66.92419953,-60.90198353,-60.12602669,-64.35501291
10,12,-65.50826714,-61.41862434,-60.88053677,-62.7053572,-67.11205963,-61.55528666,-62.35439039,-64.88975026,-67.72630112,-58.53814758,-64.14092669,-65.21093982,-65.60353178,-61.59136001,-62.68778291,-65.30612492
10,14,-67.29074291,-54.80144193,-65.99248709,-64.50676236,-60.35824911,-68.20251382,-61.316747,-61.19888913,-66.15702617,-61.60836768,-65.93674419,-66.63630105,-61.88968687,-66.5844173,-60.96419731,-63.65695164
10,15,-69.02151426,-59.15363087,-68.61047068,-65.54822974,-64.25573198,-65.64927431,-60.48046197,-62.53439269,-68.77345736,-58.91454936,-63.8703911,-71.20359291,-67.54415866,-69.19762634,-60.49188052,-63.50050472
11,1,-76.25674371,-65.7691302,-71.83351045,-69.40966126,-59.24642422,-60.54251994,-51.94496184,-61.37456275,-74.47582006,-69.34488019,-70.46720049,-69.87986542,-57.93654452,-62.62768714,-51.39500435,-63.60092366
11,2,-72.3989643,-64.35193692,-68.42788893,-97.0965373,-60.27729363,-61.00300228,-49.77296771,-65.63370574,-73.15159069,-66.27422658,-65.5412821,-71.37114605,-56.68382854,-64.96628511,-49.8936171,-61.5592157
11,3,-69.66614646,-65.98819188,-70.08337253,-97.81211984,-58.65233622,-60.52196543,-54.56247361,-60.26078769,-72.88125972,-68.29620427,-65.71815192,-75.5332108,-58.45780952,-62.76992274,-51.28298902,-61.14433926
11,4,-70.47430296,-65.38640539,-69.0886857,-71.24560809,-57.00528058,-60.52947605,-51.53985919,-68.29312155,-71.94667647,-70.83201481,-66.76123597,-72.38382695,-58.61414234,-67.33498285,-54.17196543,-60.40666782
11,5,-70.41441875,-61.48070216,-68.84910949,-69.19348496,-56.97073938,-61.78466899,-57.56159201,-61.70731466,-71.79553192,-69.33038058,-64.47407318,-72.7882562,-55.15479264,-68.41641641,-55.34310136,-60.06523018
11,6,-71.79552415,-60.68591221,-69.61488433,-68.48370416,-60.51740878,-62.08893859,-58.75039374,-63.72996924,-70.26189671,-63.86939007,-65.10672092,-71.70065132,-57.66591442,-68.22777089,-55.60406882,-64.52727846
11,7,-70.77037846,-67.51258486,-65.76856894,-67.23936387,-59.85808308,-60.99498062,-60.61692425,-61.48810621,-70.80707622,-69.57188077,-65.07949441,-63.73255627,-61.8897194,-61.86601742,-56.45179498,-60.87588412
11,8,-70.12279834,-60.79359956,-63.86677616,-66.10930006,-88.7160734,-61.48210463,-57.94651397,-66.2437155,-70.56666414,-62.62466526,-61.59614649,-67.96071907,-62.77821666,-67.99543471,-56.19239187,-64.19306979
11,9,-72.94285757,-64.20175959,-64.90821062,-67.60009715,-61.00778464,-59.87365073,-58.80369361,-64.21359426,-70.46523291,-65.15869248,-60.90289022,-62.92880856,-58.65648363,-63.08877322,-57.13455602,-62.69424784
11,10,-72.98235908,-60.32109566,-59.71444708,-66.72733288,-60.47719817,-61.19274421,-55.89965131,-61.99756425,-81.83861262,-63.65727261,-62.65110359,-63.96409758,-60.03120541,-62.06818697,-57.03043555,-62.21573345
11,11,-74.27599996,-69.47607196,-62.27649508,-66.70923493,-62.2814902,-61.90310132,-58.91114122,-62.63773966,-76.36904505,-65.5130769,-60.67684976,-64.9447131,-68.92905148,-62.4502484,-60.23336701,-63.97474027
11,12,-70.4356662,-61.10546049,-91.43701505,-66.55273069,-68.3695514,-63.17978704,-63.6850518,-63.01340647,-71.8649285,-59.70684168,-62.02929409,-68.08408577,-64.97522965,-68.47397686,-62.88119312,-66.62569295
11,13,-67.14909607,-60.03963087,-91.96255677,-69.9817223,-59.66980134,-66.21533871,-60.36878767,-62.95838217,-74.80367672,-61.24134726,-60.76970523,-72.55405614,-60.51912655,-64.42854402,-58.89500214,-65.44753481
11,14,-67.67459272,-57.12213008,-62.33546595,-66.47746277,-61.46051944,-68.40453498,-59.65912347,-61.58319469,-67.7841837,-59.93855051,-61.53082767,-66.22556387,-64.90642872,-67.98881219,-58.68214903,-65.7595212
11,15,-67.54791639,-58.34636543,-59.5651419,-68.20302033,-59.71528791,-67.45278904,-60.87586275,-61.48161392,-65.99730294,-61.64840644,-59.80177322,-70.55070039,-59.37298149,-66.60996793,-62.82208138,-64.89708505
12,1,-75.03624606,-63.95418312,-73.3152372,-67.14151337,-61.53237756,-59.81604412,-56.58156131,-61.77468742,-72.96344783,-66.63264743,-69.40612224,-70.09190663,-55.77521541,-63.78541422,-54.49063938,-59.10932765
12,2,-78.46696086,-66.50314027,-74.30539083,-68.07184766,-55.87807224,-58.49111553,-58.09768867,-55.26331581,-72.80761474,-68.70568981,-68.28976214,-75.32056939,-54.58207993,-67.28086891,-53.7479377,-64.45766135
12,3,-72.81952472,-66.00011225,-74.2291571,-68.8016593,-54.32121664,-57.35620223,-54.92663861,-57.381474,-73.37573626,-68.50521152,-66.13355041,-72.35583303,-56.2930977,-65.72442249,-56.0331771,-60.25188629
12,4,-70.23731871,-67.28254204,-69.62987042,-69.80983172,-54.65395084,-62.78947053,-59.86861871,-60.04623055,-73.74475152,-73.02447561,-63.69009971,-75.11532781,-52.28851701,-69.39615742,-55.02316001,-58.5032489
12,5,-68.66494929,-62.56930213,-72.05169872,-72.51501009,-51.89138851,-59.03418941,-55.92753168,-64.72697361,-74.56455577,-66.96758111,-66.60585144,-80.11335231,-51.97006888,-66.62601169,-56.83739969,-63.80882018
12,6,-67.40930281,-60.1650382,-68.117145,-74.20522314,-56.95708373,-57.92580687,-60.54164114,-60.79816327,-67.84764709,-64.78363958,-65.66464409,-77.4339993,-55.25384507,-62.75704703,-57.19731057,-59.6370672
12,7,-69.39816071,-66.72778283,-65.62932672,-75.71872231,-54.28184367,-59.85734992,-60.78517681,-64.84145672,-75.6735194,-67.60003884,-64.81073048,-67.26922434,-51.9915094,-64.63829631,-56.9917399,-62.84777961
12,8,-68.06567985,-64.62251081,-66.79965198,-67.21699674,-53.31148752,-59.82862426,-67.96608787,-60.39012906,-70.25352572,-64.54848622,-61.24223271,-72.68924123,-51.22945161,-63.22246416,-59.14593359,-60.40299413
12,9,-70.91161294,-60.41943136,-60.77153324,-66.63566899,-65.66470525,-59.59090795,-58.42954971,-65.46930335,-68.27369612,-64.9430759,-63.30063518,-67.40395436,-67.29597595,-63.68437598,-59.60714582,-65.23304607
12,10,-71.6922801,-70.17608994,-58.8768656,-65.75653621,-58.66638781,-61.83202293,-58.43350662,-60.44346942,-69.42676812,-71.61683956,-59.08407651,-68.28413584,-60.58335484,-63.23420606,-59.01971788,-61.04239794
12,11,-72.00124314,-59.42942653,-60.67827684,-66.17594111,-58.97312847,-63.9908936,-64.64725156,-62.06526296,-72.18268735,-63.69379577,-59.86170801,-68.71953335,-68.31990598,-64.71811532,-60.13510834,-63.33051732
12,12,-70.86648655,-65.48896346,-60.45929474,-65.25991414,-59.92958033,-66.58228946,-63.07108918,-64.82414466,-72.65954443,-65.24721931,-59.66374577,-71.04190113,-60.30293071,-66.32046898,-64.03582419,-65.79165805
12,13,-74.04586553,-60.40744521,-54.61636096,-65.05185929,-62.99884053,-68.471508,-60.23903023,-62.46385887,-75.55564806,-65.74450912,-55.12374789,-76.70509133,-65.85203473,-71.21040141,-57.95471403,-67.81552377
12,14,-69.75585261,-64.39740883,-63.74851537,-65.55212644,-62.16067068,-68.67314632,-58.84218723,-62.10478039,-72.67671463,-61.96112759,-57.18073467,-72.12481746,-62.38726582,-69.8323711,-59.69179343,-66.28028562
12,15,-67.23200398,-63.05760964,-61.64216313,-65.29832065,-58.68138286,-100.0,-59.09705444,-69.33372274,-70.3110449,-59.28603702,-54.83748012,-66.61513713,-58.89793086,-68.04873586,-60.27679239,-62.7066184
13,2,-79.72982375,-65.37363977,-72.54436847,-69.59209073,-57.83046656,-58.40453363,-58.88347881,-53.20911973,-71.71280675,-67.59350426,-67.64663501,-71.81382257,-55.97701641,-63.43185222,-56.17329278,-54.15666781
13,3,-75.08084549,-66.92865882,-74.40981295,-68.6807955,-54.57004604,-58.10401487,-58.17521634,-52.0304942,-74.60377627,-69.9942822,-65.41939098,-71.82672435,-55.45800669,-63.79593354,-54.80055849,-57.66515564
13,5,-79.48268929,-66.2911745,-69.66395183,-67.32382506,-50.09252072,-58.6396115,-58.19542316,-57.45566474,-73.01777045,-69.55820599,-66.25834295,-74.33036874,-53.3826762,-65.51361235,-57.07595334,-58.22418674
13,6,-100.0,-63.50079975,-68.47338978,-65.51349646,-54.96815626,-59.17355461,-61.00751412,-65.12214412,-73.6022228,-65.87572933,-67.1349411,-69.83931366,-54.98235993,-63.91895594,-56.29726089,-59.06526691
13,8,-70.39516006,-63.34730512,-63.85497454,-61.7178906,-53.64393872,-60.6085238,-59.31358766,-61.23960028,-72.87218859,-73.27067838,-63.10735999,-69.05968031,-52.33241081,-66.27020045,-58.57883586,-59.87611487
13,9,-67.05203627,-75.14068821,-64.06548527,-62.72141591,-55.50323984,-65.72061308,-60.71939193,-61.4361099,-72.26487694,-63.15160339,-62.929756,-69.49083595,-60.12065777,-64.06452362,-56.98501179,-61.75576875
13,11,-67.728005,-64.22367075,-57.58675381,-62.99525445,-51.6287678,-70.90291983,-63.38594088,-60.55253102,-70.72853387,-71.22563582,-63.48111958,-67.55920525,-58.41848631,-68.93715341,-61.8941843,-63.26659763
13,12,-93.30001969,-69.16146423,-60.39042196,-62.70745973,-53.12280228,-68.81021509,-58.65636913,-62.23644735,-72.15862849,-69.98856611,-56.0159823,-71.1272194,-61.87904596,-68.64199726,-59.57995637,-66.08223473
13,14,-62.83444661,-61.74036101,-49.10945616,-65.44506393,-61.32307197,-66.2874174,-58.91323811,-62.20895538,-66.01445773,-63.6261933,-53.53053121,-66.97977603,-58.47666772,-66.34267257,-61.39623929,-63.42669925
13,15,-61.97238057,-62.65777319,-54.65958275,-65.63145675,-62.35498951,-62.28473897,-62.28882943,-60.72243945,-66.71081158,-67.89422439,-56.86575168,-67.55400305,-61.17440451,-63.54600165,-61.38196253,-62.59258012
14,1,-81.32682166,-65.51518405,-72.51679435,-70.74678487,-57.75274538,-58.81041088,-61.35766259,-50.0624318,-74.0553181,-70.05238527,-67.16750795,-73.42197971,-59.86983464,-63.03557783,-59.47977369,-54.76524638
14,2,-78.90590097,-63.4427761,-70.24817295,-97.42092082,-58.07636064,-58.28508282,-58.67263075,-50.13470065,-73.75785596,-66.86296648,-64.54129477,-72.79550963,-58.85268433,-65.75944903,-56.88457462,-55.81835828
14,3,-75.20474466,-67.42482253,-77.32502486,-92.57819377,-55.47552859,-57.30006909,-56.74640005,-53.21777315,-71.30868478,-66.16860298,-63.97999544,-71.95510317,-57.20283078,-64.26816652,-56.81359392,-50.91863836
14,4,-73.87098873,-71.22023517,-74.62843069,-67.77611925,-60.2784252,-58.65339702,-59.83765504,-56.67179384,-71.33203479,-69.25730422,-63.61304211,-73.87362009,-54.7714621,-67.05380264,-58.13801176,-57.41128482
14,5,-76.39799065,-66.05877001,-69.5078938,-66.67368231,-52.42748876,-57.19263502,-57.53879313,-58.52972411,-72.48780623,-75.58045818,-62.14717216,-70.76898719,-51.64474683,-65.69479517,-57.22401998,-58.509033
14,6,-74.84901511,-63.34492297,-68.2525067,-66.37450388,-54.94942986,-58.79252239,-60.98303261,-64.82384395,-77.57330789,-68.88700297,-63.72970933,-69.6780575,-52.10097739,-65.24475831,-58.06010996,-60.86190046
14,7,-74.31419064,-61.88395957,-66.50201369,-63.83575167,-48.31678494,-59.69551136,-69.90143274,-61.88296037,-70.90774709,-65.57071091,-64.264399,-64.07012424,-45.33257443,-67.00284072,-63.4940434,-59.66033466
14,8,-70.00249736,-64.40451663,-65.33676831,-62.88012885,-55.53124026,-60.56415425,-59.19868398,-61.42801709,-77.62716626,-68.83358782,-63.98386431,-67.03705693,-54.91224063,-65.42064302,-57.00498297,-59.53330267
14,9,-69.82796644,-75.24549048,-65.6742981,-62.63947626,-55.01743111,-64.10499298,-60.12223834,-62.34692674,-73.44177095,-74.18803856,-60.51475867,-67.72058587,-58.33966826,-67.60875346,-58.64445686,-62.68001894
14,10,-66.70821455,-60.44292143,-62.6422572,-61.14698372,-52.67414898,-65.23026445,-67.9380148,-61.6580326,-68.7299805,-63.96590417,-60.53110754,-68.10620214,-58.77668961,-67.90855802,-62.30982517,-62.58526542
14,11,-67.5671683,-65.74868044,-58.64936706,-61.78255125,-49.58271003,-67.60751628,-62.24910258,-60.50812391,-68.72084618,-66.58610379,-63.25742413,-66.36483857,-51.45247733,-67.73257831,-59.51097062,-61.63669988
14,12,-66.45018327,-65.31029596,-62.91899538,-61.65042081,-53.26764237,-66.9361119,-59.21530974,-62.23523876,-68.40903758,-64.06077394,-58.8829477,-68.44830162,-59.3938812,-65.9961664,-56.75585065,-64.62816119
14,13,-66.66642518,-68.21771087,-53.34159077,-61.71072796,-55.95709684,-66.36696221,-58.84275765,-64.37678526,-68.92615314,-67.17051099,-51.34125504,-70.50820134,-58.73816525,-67.96093336,-55.94838022,-68.61000223
14,14,-64.68856314,-65.25379751,-52.08143756,-62.63557964,-63.94757726,-65.28533834,-74.37500526,-61.82853522,-68.37159799,-64.77387124,-56.7633604,-69.15266419,-59.54749657,-65.98616448,-60.22935951,-64.1545777
14,15,-63.60610467,-69.7993078,-58.06153928,-64.72618258,-62.95281694,-64.4895171,-60.19702755,-62.23659817,-65.97937517,-68.27691245,-49.14145714,-69.74188184,-59.66995302,-62.687434,-63.09431756,-65.47720209
15,1,-75.67341338,-65.35434746,-69.75571753,-73.93355171,-54.66952794,-91.93688745,-62.54992424,-46.93940764,-73.16020535,-70.98961512,-67.69273493,-79.87581461,-62.27866251,-65.66711415,-59.56297215,-45.68057358
15,2,-78.41838732,-66.1811801,-71.12604877,-72.20848116,-54.49205438,-58.90890278,-58.30013676,-48.41915492,-73.52971734,-69.197145,-66.01546199,-75.94183181,-59.97262582,-69.64265318,-59.26083191,-51.00904555
15,3,-79.02309384,-67.77867691,-71.23285237,-70.13364743,-55.24722756,-59.26456135,-58.19259315,-49.38747478,-75.67400113,-68.35372655,-68.09801885,-71.27138692,-57.26159326,-66.51506253,-57.65860395,-52.20774957
15,4,-76.45971297,-75.99705598,-75.29136517,-69.35633077,-52.58746397,-59.0535945,-59.89922181,-54.3792451,-71.36812408,-70.23984705,-64.96699221,-72.68957591,-51.07083419,-66.16260387,-58.97732266,-51.60785179
15,5,-76.85737023,-73.58042516,-95.07402163,-67.13082032,-49.75012388,-58.73436753,-62.45221829,-55.09511776,-72.36847572,-76.33798671,-64.11919807,-69.64292545,-51.22337866,-70.02125411,-59.91879503,-57.30753854
15,6,-83.48785416,-96.68001512,-65.66489354,-65.48734856,-49.77681836,-58.76052126,-61.70115582,-59.32922188,-80.42836556,-72.4496422,-62.97619821,-75.4426378,-46.78764803,-66.13377728,-60.22753875,-59.69448228
15,7,-74.82336808,-64.08586757,-64.91603558,-62.73219596,-46.47345681,-62.45364436,-60.58605757,-59.9794909,-74.2399261,-68.09813825,-63.84844204,-69.56729734,-44.39955571,-65.20173697,-57.98456678,-58.6442307
15,8,-74.34223266,-62.16750402,-62.57993263,-61.55757606,-60.60031364,-65.7052663,-58.88772208,-61.22921214,-73.47039146,-66.7786235,-65.54120934,-69.72866568,-48.71237068,-67.47614332,-56.79916219,-60.81426624
15,9,-71.62709571,-70.82534196,-60.21386901,-63.24206533,-46.63859324,-68.00481322,-65.7196841,-61.71886825,-72.69490358,-68.16292741,-61.94343311,-68.97842244,-48.90061696,-66.77890085,-60.5356542,-60.29752765
15,10,-70.19230871,-73.04991216,-59.17328844,-62.25135645,-44.71748306,-72.75155723,-65.49133293,-62.32278631,-70.79582096,-69.32574339,-65.33244884,-68.36203714,-51.71411885,-69.75566909,-59.78563566,-62.85587087
15,11,-70.18556567,-69.04297066,-57.0514113,-62.30715227,-47.76673426,-74.18676072,-61.70190241,-60.70752489,-69.13099625,-67.64927293,-61.5174977,-72.63547499,-49.6713202,-71.05024536,-56.87943016,-61.67605138
15,12,-67.31123963,-67.34643793,-62.40958542,-62.34044563,-50.90143277,-67.57737984,-58.66341097,-62.41131351,-66.86867263,-65.29592562,-55.80098771,-69.97855443,-52.77607027,-66.51234229,-56.25299777,-65.07039105
15,13,-65.73690818,-65.5967582,-54.21619544,-62.54545494,-53.25433522,-62.85716271,-58.91927594,-65.82585762,-71.42886035,-67.36182359,-53.45061559,-69.56543256,-57.03956178,-62.60332116,-56.07666633,-66.1334869
15,14,-67.3573921,-71.08681898,-54.1097908,-63.78445143,-59.64244137,-66.91623101,-60.82866306,-64.42033044,-64.68107592,-73.89355156,-51.27135604,-68.01800393,-55.5852269,-68.31484458,-59.23880464,-65.16109846
15,15,-81.83425681,-65.86498968,-47.27625908,-64.21075045,-60.29931501,-63.61221246,-64.01041219,-63.49266845,-71.17534258,-67.67331966,-44.69657429,-72.7252909,-59.59865629,-61.92919916,-64.12621009,-64.32971161
