1,1,-69.84861103,-68.31349099,-63.96085778,-61.41874986,-66.58455514,-41.76515085,-65.96637548,-66.42863216
1,2,-69.78842536,-64.83733924,-64.47266623,-63.42587013,-65.88351894,-46.80021512,-67.12694677,-67.12333235
1,3,-72.1898496,-63.72898572,-69.05370141,-61.29975699,-67.89905449,-47.47571385,-67.41704539,-70.7429804
1,4,-69.06257732,-61.9141453,-64.86219367,-61.28617962,-64.00383351,-49.53084435,-63.14719686,-67.69986931
1,5,-67.18944779,-64.94440697,-66.11592167,-58.03704528,-66.49662388,-53.52446437,-62.10329258,-68.50894919
1,6,-66.75262511,-68.72952731,-66.37311054,-53.40799959,-64.42411943,-54.889031,-63.62697255,-68.2906677
1,7,-71.63810895,-65.00728979,-68.65410741,-58.64511679,-64.01102709,-55.91844407,-64.0520636,-68.95276423
1,8,-60.85320224,-59.89301893,-66.84522976,-48.80710802,-65.20965809,-55.471506,-62.72131297,-69.98772415
1,9,-66.04555818,-60.6490512,-71.08357526,-46.22166913,-67.0489594,-57.8853793,-64.79548087,-73.85129948
1,10,-60.57644766,-61.3950561,-66.70118249,-50.02375026,-69.18667565,-57.09340579,-65.9482491,-75.31632207
1,11,-62.24581653,-61.44254693,-66.63662835,-53.05589678,-71.88355941,-61.11612536,-63.83489364,-74.06045847
1,12,-60.61174915,-61.31472908,-63.97564323,-57.14134972,-73.2150359,-63.59879783,-61.61350285,-75.99684573
1,13,-62.25599693,-64.00931934,-65.91324959,-59.56808197,-68.9657128,-62.39474172,-61.70844864,-69.77516736
1,14,-65.11724059,-66.76304811,-66.46182324,-60.68883552,-73.91630032,-60.35814943,-62.21858051,-69.98174303
1,15,-59.99430202,-63.99444513,-64.54719583,-60.05698959,-68.12234569,-60.6735279,-66.76464171,-68.56912604
2,15,-60.61075359,-65.17689223,-63.48404853,-61.1324305,-70.01418847,-59.85316732,-64.58144786,-70.28202221
2,14,-60.43593586,-61.69432425,-62.61540237,-63.0028123,-70.4062267,-59.96241588,-60.13762853,-73.5139954
2,13,-59.04921008,-60.96959222,-61.78816207,-63.98431989,-80.73869125,-61.55688069,-62.43711091,-74.15120476
2,12,-59.51584807,-64.22758165,-65.74978935,-60.43601054,-69.10420886,-61.53499574,-60.48275432,-71.69456261
2,11,-64.04112739,-59.07087261,-63.26067462,-54.52422035,-67.61359935,-58.89440935,-62.87183104,-72.08817139
2,10,-60.94493761,-58.14607368,-66.06301066,-54.06542997,-67.4897663,-56.49489287,-64.45834912,-73.6991426
2,9,-66.6837484,-61.78721,-66.73461019,-63.17634925,-66.70684516,-57.96136316,-60.46963342,-71.34945425
2,8,-62.64733682,-60.12776227,-67.94808559,-50.6811501,-62.80520934,-55.33753332,-63.81581775,-68.36573818
2,7,-74.70913402,-61.52299312,-67.17607184,-58.83305922,-65.46875122,-56.01602532,-63.48337569,-68.19659956
2,6,-66.17148078,-67.70624053,-69.38188593,-53.92959805,-63.43507607,-55.32091168,-63.74509087,-67.45173705
2,5,-66.2387173,-62.97267,-68.72818546,-63.275271,-63.60899908,-55.12911708,-63.56104029,-67.50409483
2,4,-73.76145733,-63.0202078,-69.86193514,-59.94004681,-64.42144281,-53.22839157,-68.81809606,-68.80802239
2,3,-74.91470975,-60.82391346,-66.24502095,-62.16896388,-64.29759181,-48.73962461,-67.04399024,-67.59836825
2,2,-72.85738622,-62.9206963,-67.04962875,-62.33957954,-64.73649513,-52.06607388,-64.37661745,-67.94077976
2,1,-70.51412263,-65.76903451,-64.05812944,-75.80626784,-67.82764719,-49.17020155,-61.95141533,-67.50667082
3,1,-68.82748487,-63.30690918,-68.03371547,-68.66422995,-62.42822748,-52.38014217,-58.59284704,-68.73832706
3,2,-74.17716273,-64.13952399,-65.45159299,-63.20610822,-62.98343012,-51.18220108,-60.19659592,-73.77496254
3,3,-69.74881739,-64.9680416,-64.88190301,-66.62537003,-61.200827,-52.51937326,-63.31135937,-74.45147946
3,4,-70.16450508,-63.98345043,-67.50474679,-62.06718095,-61.50423075,-55.08134559,-61.1098544,-73.23228463
3,5,-68.82839989,-64.73931738,-69.75942515,-60.64254154,-63.19380897,-56.71729355,-62.43246761,-70.39893153
3,6,-66.21901199,-63.95773099,-68.67817492,-65.90678211,-60.61484321,-55.79644475,-62.02505605,-70.75706056
3,7,-74.04460133,-61.22913807,-66.02105676,-63.24607589,-62.33628176,-56.39163352,-61.81666196,-67.29640535
3,8,-66.51330344,-60.03737466,-66.68680417,-57.07299427,-64.29381143,-57.43693446,-64.80064172,-67.71235518
3,9,-66.12760666,-59.68079988,-64.01585903,-60.61188675,-72.25040862,-56.91587373,-59.43750677,-67.84239832
3,10,-66.58899283,-57.86628325,-66.90055032,-57.41768972,-67.40945122,-56.17790211,-61.16621699,-67.85885167
3,11,-63.40026623,-60.45993846,-61.65692576,-56.37506347,-67.61317732,-59.70503131,-64.35144256,-73.77540538
3,12,-62.62252172,-57.33146814,-59.99194647,-58.06347863,-73.48704811,-60.49074433,-61.47916288,-74.08844618
3,13,-60.89657678,-58.62580674,-60.78984832,-58.76275319,-66.74227518,-60.67020984,-61.66482001,-73.72631639
3,14,-65.45487339,-60.49126083,-63.57104192,-63.34547518,-68.59437246,-59.44158345,-61.34247812,-75.3323509
3,15,-61.93765467,-66.64287881,-65.04097233,-64.59364707,-70.73780393,-60.71623679,-60.86665751,-71.81944831
4,15,-64.06013417,-53.25868279,-63.64822978,-63.93039625,-68.51513631,-60.15308341,-62.12823096,-73.7672321
4,14,-66.77753482,-53.37222443,-60.232603,-61.38254603,-67.6043671,-59.78749736,-61.4290729,-70.65195402
4,13,-68.49242213,-57.44819799,-59.02294798,-64.27689949,-73.51595293,-59.13973668,-60.78145359,-70.1563597
4,12,-63.20044046,-57.45631264,-60.76444232,-60.49302432,-70.87683456,-60.09204883,-64.77319255,-69.37244489
4,11,-61.80039652,-57.79197022,-62.64521018,-58.64258406,-71.78727734,-62.26252088,-64.13952313,-67.3256099
4,10,-70.32029223,-59.5720427,-62.33925455,-61.66660472,-65.20366939,-56.64988897,-57.69976016,-67.00757158
4,9,-64.29117943,-58.18571394,-61.62491194,-56.2564028,-69.20674869,-57.78018761,-63.95047188,-69.3034818
4,8,-71.32803981,-61.78774008,-69.49311404,-57.1367943,-62.28966913,-58.1742276,-59.06065299,-70.33699911
4,7,-67.49704827,-62.14718246,-66.62632034,-66.10232661,-66.64400974,-57.23995453,-56.88816604,-69.8236377
4,6,-65.91903702,-63.80492773,-72.32051352,-63.32515984,-61.71832998,-57.92424564,-58.88502925,-71.37943526
4,5,-68.10961924,-63.23117816,-67.13964517,-66.16271119,-59.23521442,-56.68606921,-60.67012837,-72.02839173
4,4,-69.91100894,-63.70809023,-66.73827718,-62.69300949,-61.47667266,-56.10912227,-59.72737174,-74.94001014
4,3,-68.62339557,-61.78493438,-69.81813905,-61.12655649,-60.0939179,-54.70755564,-61.37876143,-73.1413272
4,2,-70.26786431,-65.4268877,-66.81682263,-74.32465144,-60.24305134,-56.02915706,-62.6736045,-70.26655506
4,1,-74.95816927,-65.39642552,-66.40193023,-65.16200281,-61.69249224,-55.98273744,-61.14790325,-66.02832614
5,1,-69.80869218,-62.94842595,-72.33965063,-73.08733861,-63.60898967,-61.56494134,-57.61014356,-62.42381883
5,2,-71.22763201,-61.75970723,-71.07212339,-66.34294492,-62.74257592,-58.43551983,-54.56645785,-62.95969651
5,3,-71.68492013,-61.63582409,-69.1556112,-64.04521247,-64.20075468,-57.0558099,-54.56406627,-62.15058419
5,4,-72.95956897,-61.43230773,-70.10105046,-64.30254489,-64.91032097,-56.88051871,-57.17387037,-64.9918274
5,5,-74.68034106,-60.94716463,-69.71970334,-69.78911352,-65.9709313,-60.69213868,-58.95696207,-68.06540592
5,6,-67.15079034,-62.52090115,-65.25820571,-61.50557842,-64.59534574,-58.07697179,-59.45653704,-69.261603
5,7,-64.87832776,-61.91134082,-61.5463562,-66.90181351,-65.86428112,-58.54421434,-57.80097443,-74.63824968
5,8,-69.29988333,-61.43196157,-62.03662961,-63.6732379,-61.87324726,-59.29056511,-59.93616403,-69.6026298
5,9,-67.85369349,-60.64550381,-59.88215163,-66.58027387,-70.34137247,-58.70481585,-59.61004274,-67.22722838
5,10,-64.92343361,-58.78848734,-62.99811344,-62.28388639,-66.61263876,-59.96498657,-58.52740297,-66.67346993
5,11,-69.1515574,-59.25560404,-59.83700663,-56.60218091,-67.04211243,-62.50899615,-63.81381987,-70.28062436
5,12,-65.51976467,-56.12042561,-61.34396425,-65.38473794,-72.06984304,-60.31394708,-65.65387868,-68.54684019
5,13,-71.40643589,-54.0618624,-63.44160605,-62.65404103,-68.87232765,-59.33646167,-64.61821146,-68.16488963
5,14,-63.29062762,-50.98522519,-60.49960563,-69.95846567,-66.39659526,-58.18733265,-60.78564841,-73.05712743
5,15,-70.40375302,-53.95489172,-63.59099903,-62.22312675,-70.9783987,-60.16749103,-61.14409684,-73.53865958
6,15,-70.35271507,-48.41119552,-67.35845462,-70.27401875,-66.25202488,-61.77926737,-62.23585308,-68.50895199
6,14,-71.09659216,-51.64779896,-62.20417419,-62.14324254,-64.49107644,-60.47550738,-61.97481835,-67.41699514
6,13,-68.26436972,-50.426744,-65.20147432,-64.01239996,-71.29754833,-59.2864883,-63.21948252,-66.70457744
6,12,-66.45589015,-56.12550892,-65.56451341,-63.1930504,-67.55793589,-58.28655249,-62.18493338,-65.72812975
6,11,-65.65692424,-57.93297779,-64.43265195,-64.31302942,-74.40994071,-60.30289196,-62.66127094,-66.1292914
6,10,-69.15949724,-62.65996931,-59.04724985,-61.63273984,-65.77691822,-61.39329699,-58.42168143,-64.70421942
6,9,-71.07844064,-61.7769233,-60.28845178,-62.66027773,-66.07300515,-59.25880255,-60.14315165,-70.34468979
6,8,-70.17682892,-60.03715702,-64.28547724,-67.38768117,-60.94784409,-61.30675974,-57.88035629,-71.26669217
6,7,-69.74888101,-61.33081869,-62.94516337,-69.53756063,-60.90195987,-60.01032776,-59.345808,-71.96265404
6,6,-72.36170569,-61.00254531,-62.03152091,-63.52653795,-63.56917061,-60.18011413,-60.13561203,-64.27183579
6,5,-70.3803075,-62.14236187,-67.28680414,-65.17560167,-64.33617537,-57.00092249,-55.96458237,-64.57540242
6,4,-70.46948685,-64.08448633,-68.78172234,-76.39773172,-65.5422456,-58.85822469,-57.83871603,-62.88586278
6,3,-75.10834499,-62.30664782,-71.35094584,-65.15169558,-71.51905936,-59.70543761,-50.38109769,-64.32050016
6,2,-68.8308489,-64.36689292,-71.92703776,-71.25431514,-65.2708566,-58.17358192,-51.46150051,-65.57252776
6,1,-71.80428599,-64.83469222,-70.89767794,-70.01082781,-63.64438826,-62.65527153,-57.04630609,-64.08062592
7,1,-73.05547072,-64.03348647,-74.01225523,-69.25623711,-64.10039315,-63.34054786,-45.43100274,-68.54689947
7,2,-68.76478559,-63.14610883,-74.03128657,-76.63133282,-65.12171376,-59.76245044,-49.29170088,-69.68309065
7,3,-69.4704791,-66.1677317,-71.80240925,-68.21951605,-62.70711831,-58.93237998,-50.18290914,-69.92593416
7,4,-73.29694779,-61.06636662,-68.52488541,-65.37311658,-65.58210294,-62.54237608,-51.55440038,-67.50764052
7,5,-76.91441672,-60.89454526,-65.78875554,-67.16723805,-62.95916889,-58.92225596,-55.10771448,-64.74436404
7,6,-72.91415312,-62.00468929,-60.18078605,-73.1311975,-65.2450734,-60.43334052,-55.87740052,-63.20760012
7,7,-70.13968675,-59.58368019,-62.50195416,-69.41518751,-60.62083866,-59.4013492,-57.71297523,-64.30638511
7,8,-69.68755844,-58.97472878,-63.64759146,-64.5284415,-60.91050424,-59.65296702,-58.0058888,-65.44811425
7,9,-70.71647035,-64.1837687,-62.92093528,-64.97904777,-68.66620843,-60.08849057,-62.86400676,-68.92030148
7,10,-68.24363157,-63.05453539,-63.62008268,-63.44528276,-66.84543358,-63.21259652,-59.16340703,-68.25581505
7,11,-75.49712262,-60.38406845,-63.68658778,-66.00344977,-66.15375951,-60.77385676,-60.48990609,-66.9179136
7,12,-65.82620781,-54.97865358,-64.08153543,-66.91759104,-64.22981087,-57.70091387,-64.81207076,-66.16870165
7,13,-67.11732976,-53.42866194,-64.61253307,-63.99833088,-68.8984844,-58.91029151,-63.59119436,-66.02778982
7,14,-67.6579765,-49.5430917,-65.28429739,-68.48239674,-68.14360653,-58.36947461,-60.03343498,-66.97584598
7,15,-73.04375666,-45.20408001,-63.41902077,-72.04012329,-63.57875169,-60.26557737,-61.60788513,-69.42610237
8,15,-69.90189881,-46.31549863,-65.71418288,-63.77351932,-61.79943641,-62.50231333,-59.92103423,-66.44211905
8,14,-64.13747055,-48.39813628,-62.38877662,-67.37236777,-72.97729814,-59.95745427,-60.05352094,-64.64463188
8,13,-72.08020343,-49.711828,-63.98944274,-69.16034923,-69.89376019,-59.95346402,-62.44581153,-64.7518443
8,12,-73.16166127,-54.38298195,-62.87407657,-68.12384973,-68.66088678,-59.83202302,-63.68708664,-64.1899105
8,11,-67.98705368,-66.07846704,-61.82186812,-65.13957458,-73.49494558,-60.55181894,-59.97106503,-66.41584125
8,10,-68.64358006,-60.55853503,-60.96841759,-63.50042015,-72.03952361,-61.09607491,-57.98484104,-67.94222997
8,9,-72.54688576,-62.03445817,-61.6882684,-65.88529347,-74.1929861,-62.60970641,-58.31519613,-69.21381489
8,8,-72.89709887,-60.50524786,-64.46926293,-70.54737289,-66.32224685,-61.02010355,-54.8262032,-62.81481688
8,7,-71.30816778,-61.54100226,-65.46621825,-66.27653578,-61.96286506,-62.17192195,-57.12578811,-64.35492726
8,6,-72.13927416,-62.93167795,-64.4214171,-66.79988914,-62.83284897,-61.0928925,-55.18957167,-65.10585452
8,5,-73.98320623,-62.70884636,-64.8613608,-65.68103929,-64.65884366,-60.11238508,-53.10728093,-65.3282019
8,4,-71.53013632,-65.28954316,-64.25336693,-71.03854139,-61.94991969,-63.63058417,-51.72226994,-63.48234035
8,3,-77.90390169,-67.64852147,-68.53969194,-70.35793132,-62.39437304,-61.02583993,-50.02514234,-61.79973796
8,2,-75.87647114,-63.85984631,-72.35561925,-72.16015589,-61.9642361,-60.62767411,-46.67021588,-62.27973185
8,1,-76.12862226,-62.76432208,-73.45435004,-70.56482399,-62.24214074,-60.14100011,-39.63019175,-62.59214534
9,1,-76.37905689,-63.92267917,-73.28316056,-73.61633072,-59.12402356,-60.40054211,-40.89066535,-64.44965818
9,2,-76.52417752,-69.9991393,-71.64950491,-71.57460736,-62.01598722,-59.88131483,-46.93251467,-64.41455742
9,3,-83.30946246,-68.34383913,-69.64148394,-67.53341809,-59.87328164,-60.55482049,-47.91529502,-69.65735805
9,4,-69.15838225,-68.97966967,-64.20961545,-71.80337957,-63.52935292,-59.8052768,-49.70188637,-65.36896878
9,5,-70.65674311,-64.16137896,-63.49361765,-68.84132552,-64.95991941,-61.44782268,-52.76491676,-61.16415899
9,6,-75.01109855,-68.87781316,-64.34619592,-70.09783752,-65.83257454,-62.36604034,-54.24141053,-66.0585469
9,7,-71.37433579,-63.53613099,-66.60944695,-67.20317337,-67.06950219,-64.99171282,-57.07508933,-67.67393291
9,8,-72.55666178,-60.73045226,-69.63974615,-66.42437314,-71.03480002,-63.34278279,-56.36373124,-63.19297724
9,9,-72.12703813,-63.07263027,-68.80066816,-66.98113539,-72.72661195,-62.6979377,-61.26855292,-62.07228077
9,10,-70.22006225,-66.17697283,-64.90413305,-69.78815526,-69.80215345,-62.1523275,-59.46014687,-63.86655621
9,11,-66.34039873,-61.51124346,-61.03825466,-63.93074789,-69.43661161,-61.1322789,-59.6246046,-64.37148409
9,12,-65.22475126,-60.42960012,-63.20447037,-63.65177197,-65.67602715,-59.54960631,-63.75876127,-63.90298108
9,13,-72.39382466,-59.15548291,-64.32296652,-65.88601137,-66.49628031,-62.80715435,-62.12152465,-64.03551907
9,14,-71.10509967,-54.36741343,-61.78948921,-63.6699856,-66.75346148,-63.51125433,-59.18664679,-66.56808103
9,15,-69.55715391,-54.35422512,-63.07735615,-65.24532248,-65.60396955,-63.85541041,-60.11013719,-65.08107671
10,15,-68.77345736,-58.91454936,-63.8703911,-71.20359291,-67.54415866,-69.19762634,-60.49188052,-63.50050472
10,14,-66.15702617,-61.60836768,-65.93674419,-66.63630105,-61.88968687,-66.5844173,-60.96419731,-63.65695164
10,13,-65.74463399,-54.44650129,-63.15601829,-66.90653816,-68.23238155,-63.06905157,-60.74711088,-64.24630884
10,12,-67.72630112,-58.53814758,-64.14092669,-65.21093982,-65.60353178,-61.59136001,-62.68778291,-65.30612492
10,11,-66.5554114,-65.07618624,-61.67568923,-65.05299481,-66.92419953,-60.90198353,-60.12602669,-64.35501291
10,10,-74.00166594,-61.90099466,-61.4769217,-66.10992002,-61.13227419,-62.18486611,-56.6061964,-61.32921959
10,9,-71.58922893,-71.95805141,-62.32895096,-64.96348838,-61.97621057,-61.26125584,-57.405345,-61.22253084
10,8,-74.05704704,-61.14923418,-66.87686944,-63.04813916,-63.04045835,-64.21439797,-55.64664845,-62.41515285
10,7,-71.24407257,-70.10759458,-63.49768708,-65.91541367,-61.16580715,-66.30198524,-58.4652669,-67.51775613
10,6,-73.09295247,-66.63268926,-65.6643606,-68.77205342,-59.29420896,-64.06344337,-54.87191894,-60.77494715
10,5,-75.43746449,-71.32304868,-64.66649114,-71.82276131,-60.31268229,-63.36574798,-54.0683997,-64.82051173
10,4,-76.44601181,-67.63687683,-61.71844515,-68.03507578,-60.96519576,-62.64559032,-53.46967754,-62.2977018
10,3,-72.4467578,-69.4517062,-64.68071217,-69.39054513,-59.54965715,-59.77464198,-49.0645087,-59.57749076
10,2,-76.1213996,-70.82058283,-68.52012447,-70.69879648,-60.26215353,-59.43066883,-47.12057931,-62.75923374
10,1,-77.16561397,-67.09730611,-72.85937367,-71.74122871,-59.71751193,-60.41080721,-47.7083336,-66.15587379
11,1,-74.47582006,-69.34488019,-70.46720049,-69.87986542,-57.93654452,-62.62768714,-51.39500435,-63.60092366
11,2,-73.15159069,-66.27422658,-65.5412821,-71.37114605,-56.68382854,-64.96628511,-49.8936171,-61.5592157
11,3,-72.88125972,-68.29620427,-65.71815192,-75.5332108,-58.45780952,-62.76992274,-51.28298902,-61.14433926
11,4,-71.94667647,-70.83201481,-66.76123597,-72.38382695,-58.61414234,-67.33498285,-54.17196543,-60.40666782
11,5,-71.79553192,-69.33038058,-64.47407318,-72.7882562,-55.15479264,-68.41641641,-55.34310136,-60.06523018
11,6,-70.26189671,-63.86939007,-65.10672092,-71.70065132,-57.66591442,-68.22777089,-55.60406882,-64.52727846
11,7,-70.80707622,-69.57188077,-65.07949441,-63.73255627,-61.8897194,-61.86601742,-56.45179498,-60.87588412
11,8,-70.56666414,-62.62466526,-61.59614649,-67.96071907,-62.77821666,-67.99543471,-56.19239187,-64.19306979
11,9,-70.46523291,-65.15869248,-60.90289022,-62.92880856,-58.65648363,-63.08877322,-57.13455602,-62.69424784
11,10,-81.83861262,-63.65727261,-62.65110359,-63.96409758,-60.03120541,-62.06818697,-57.03043555,-62.21573345
11,11,-76.36904505,-65.5130769,-60.67684976,-64.9447131,-68.92905148,-62.4502484,-60.23336701,-63.97474027
11,12,-71.8649285,-59.70684168,-62.02929409,-68.08408577,-64.97522965,-68.47397686,-62.88119312,-66.62569295
11,13,-74.80367672,-61.24134726,-60.76970523,-72.55405614,-60.51912655,-64.42854402,-58.89500214,-65.44753481
11,14,-67.7841837,-59.93855051,-61.53082767,-66.22556387,-64.90642872,-67.98881219,-58.68214903,-65.7595212
11,15,-65.99730294,-61.64840644,-59.80177322,-70.55070039,-59.37298149,-66.60996793,-62.82208138,-64.89708505
12,15,-70.3110449,-59.28603702,-54.83748012,-66.61513713,-58.89793086,-68.04873586,-60.27679239,-62.7066184
12,14,-72.67671463,-61.96112759,-57.18073467,-72.12481746,-62.38726582,-69.8323711,-59.69179343,-66.28028562
12,13,-75.55564806,-65.74450912,-55.12374789,-76.70509133,-65.85203473,-71.21040141,-57.95471403,-67.81552377
12,12,-72.65954443,-65.24721931,-59.66374577,-71.04190113,-60.30293071,-66.32046898,-64.03582419,-65.79165805
12,11,-72.18268735,-63.69379577,-59.86170801,-68.71953335,-68.31990598,-64.71811532,-60.13510834,-63.33051732
12,10,-69.42676812,-71.61683956,-59.08407651,-68.28413584,-60.58335484,-63.23420606,-59.01971788,-61.04239794
12,9,-68.27369612,-64.9430759,-63.30063518,-67.40395436,-67.29597595,-63.68437598,-59.60714582,-65.23304607
12,8,-70.25352572,-64.54848622,-61.24223271,-72.68924123,-51.22945161,-63.22246416,-59.14593359,-60.40299413
12,7,-75.6735194,-67.60003884,-64.81073048,-67.26922434,-51.9915094,-64.63829631,-56.9917399,-62.84777961
12,6,-67.84764709,-64.78363958,-65.66464409,-77.4339993,-55.25384507,-62.75704703,-57.19731057,-59.6370672
12,5,-74.56455577,-66.96758111,-66.60585144,-80.11335231,-51.97006888,-66.62601169,-56.83739969,-63.80882018
12,4,-73.74475152,-73.02447561,-63.69009971,-75.11532781,-52.28851701,-69.39615742,-55.02316001,-58.5032489
12,3,-73.37573626,-68.50521152,-66.13355041,-72.35583303,-56.2930977,-65.72442249,-56.0331771,-60.25188629
12,2,-72.80761474,-68.70568981,-68.28976214,-75.32056939,-54.58207993,-67.28086891,-53.7479377,-64.45766135
12,1,-72.96344783,-66.63264743,-69.40612224,-70.09190663,-55.77521541,-63.78541422,-54.49063938,-59.10932765
13,1,-77.56639111,-66.96984022,-70.79577438,-71.84081712,-59.54563914,-64.88815016,-58.77535925,-56.27583611
13,2,-71.71280675,-67.59350426,-67.64663501,-71.81382257,-55.97701641,-63.43185222,-56.17329278,-54.15666781
13,3,-74.60377627,-69.9942822,-65.41939098,-71.82672435,-55.45800669,-63.79593354,-54.80055849,-57.66515564
13,4,-71.56101818,-69.7498301,-68.42375673,-71.29498459,-54.75744104,-64.79155385,-55.75988144,-57.84468968
13,5,-73.01777045,-69.55820599,-66.25834295,-74.33036874,-53.3826762,-65.51361235,-57.07595334,-58.22418674
13,6,-73.6022228,-65.87572933,-67.1349411,-69.83931366,-54.98235993,-63.91895594,-56.29726089,-59.06526691
13,7,-77.59981568,-67.55005375,-67.33595413,-66.57527717,-57.4834814,-63.84403496,-57.04049448,-61.59628193
13,8,-72.87218859,-73.27067838,-63.10735999,-69.05968031,-52.33241081,-66.27020045,-58.57883586,-59.87611487
13,9,-72.26487694,-63.15160339,-62.929756,-69.49083595,-60.12065777,-64.06452362,-56.98501179,-61.75576875
13,10,-68.47653443,-63.87764877,-60.53438268,-70.90547667,-56.80479539,-64.33452049,-57.78533764,-60.26440336
13,11,-70.72853387,-71.22563582,-63.48111958,-67.55920525,-58.41848631,-68.93715341,-61.8941843,-63.26659763
13,12,-72.15862849,-69.98856611,-56.0159823,-71.1272194,-61.87904596,-68.64199726,-59.57995637,-66.08223473
13,13,-66.86118979,-64.69493561,-54.95904382,-67.26837563,-56.68723235,-69.56658762,-59.7578833,-66.49461756
13,14,-66.01445773,-63.6261933,-53.53053121,-66.97977603,-58.47666772,-66.34267257,-61.39623929,-63.42669925
13,15,-66.71081158,-67.89422439,-56.86575168,-67.55400305,-61.17440451,-63.54600165,-61.38196253,-62.59258012
14,15,-65.97937517,-68.27691245,-49.14145714,-69.74188184,-59.66995302,-62.687434,-63.09431756,-65.47720209
14,14,-68.37159799,-64.77387124,-56.7633604,-69.15266419,-59.54749657,-65.98616448,-60.22935951,-64.1545777
14,13,-68.92615314,-67.17051099,-51.34125504,-70.50820134,-58.73816525,-67.96093336,-55.94838022,-68.61000223
14,12,-68.40903758,-64.06077394,-58.8829477,-68.44830162,-59.3938812,-65.9961664,-56.75585065,-64.62816119
14,11,-68.72084618,-66.58610379,-63.25742413,-66.36483857,-51.45247733,-67.73257831,-59.51097062,-61.63669988
14,10,-68.7299805,-63.96590417,-60.53110754,-68.10620214,-58.77668961,-67.90855802,-62.30982517,-62.58526542
14,9,-73.44177095,-74.18803856,-60.51475867,-67.72058587,-58.33966826,-67.60875346,-58.64445686,-62.68001894
14,8,-77.62716626,-68.83358782,-63.98386431,-67.03705693,-54.91224063,-65.42064302,-57.00498297,-59.53330267
14,7,-70.90774709,-65.57071091,-64.264399,-64.07012424,-45.33257443,-67.00284072,-63.4940434,-59.66033466
14,6,-77.57330789,-68.88700297,-63.72970933,-69.6780575,-52.10097739,-65.24475831,-58.06010996,-60.86190046
14,5,-72.48780623,-75.58045818,-62.14717216,-70.76898719,-51.64474683,-65.69479517,-57.22401998,-58.509033
14,4,-71.33203479,-69.25730422,-63.61304211,-73.87362009,-54.7714621,-67.05380264,-58.13801176,-57.41128482
14,3,-71.30868478,-66.16860298,-63.97999544,-71.95510317,-57.20283078,-64.26816652,-56.81359392,-50.91863836
14,2,-73.75785596,-66.86296648,-64.54129477,-72.79550963,-58.85268433,-65.75944903,-56.88457462,-55.81835828
14,1,-74.0553181,-70.05238527,-67.16750795,-73.42197971,-59.86983464,-63.03557783,-59.47977369,-54.76524638
15,1,-73.16020535,-70.98961512,-67.69273493,-79.87581461,-62.27866251,-65.66711415,-59.56297215,-45.68057358
15,2,-73.52971734,-69.197145,-66.01546199,-75.94183181,-59.97262582,-69.64265318,-59.26083191,-51.00904555
15,3,-75.67400113,-68.35372655,-68.09801885,-71.27138692,-57.26159326,-66.51506253,-57.65860395,-52.20774957
15,4,-71.36812408,-70.23984705,-64.96699221,-72.68957591,-51.07083419,-66.16260387,-58.97732266,-51.60785179
15,5,-72.36847572,-76.33798671,-64.11919807,-69.64292545,-51.22337866,-70.02125411,-59.91879503,-57.30753854
15,6,-80.42836556,-72.4496422,-62.97619821,-75.4426378,-46.78764803,-66.13377728,-60.22753875,-59.69448228
15,7,-74.2399261,-68.09813825,-63.84844204,-69.56729734,-44.39955571,-65.20173697,-57.98456678,-58.6442307
15,8,-73.47039146,-66.7786235,-65.54120934,-69.72866568,-48.71237068,-67.47614332,-56.79916219,-60.81426624
15,9,-72.69490358,-68.16292741,-61.94343311,-68.97842244,-48.90061696,-66.77890085,-60.5356542,-60.29752765
15,10,-70.79582096,-69.32574339,-65.33244884,-68.36203714,-51.71411885,-69.75566909,-59.78563566,-62.85587087
15,11,-69.13099625,-67.64927293,-61.5174977,-72.63547499,-49.6713202,-71.05024536,-56.87943016,-61.67605138
15,12,-66.86867263,-65.29592562,-55.80098771,-69.97855443,-52.77607027,-66.51234229,-56.25299777,-65.07039105
15,13,-71.42886035,-67.36182359,-53.45061559,-69.56543256,-57.03956178,-62.60332116,-56.07666633,-66.1334869
15,14,-64.68107592,-73.89355156,-51.27135604,-68.01800393,-55.5852269,-68.31484458,-59.23880464,-65.16109846
15,15,-71.17534258,-67.67331966,-44.69657429,-72.7252909,-59.59865629,-61.92919916,-64.12621009,-64.32971161
