x,y,rssi1,rssi2,rssi3,rssi4,rssi5,rssi6,rssi7,rssi8
1.5,1.5,-75.07241429,-72.79798363,-76.98242737,-65.9581455,-66.34650183,-45.80509269,-67.28182351,-69.83693563
1.5,3,-72.28548895,-69.25178675,-79.69700674,-63.9296239,-71.46814489,-57.10291018,-70.45310382,-76.27394085
1.5,4.5,-70.38621684,-65.78770183,-77.14094616,-61.64487239,-69.30610335,-51.77548716,-66.00990562,-70.16397051
1.5,6,-75.0803151,-66.59379162,-73.30419975,-63.1285133,-67.11599798,-50.8298999,-66.567496,-78.84889523
1.5,7.5,-97.16393618,-65.30288293,-74.8507756,-66.36489648,-65.99252955,-56.91850638,-63.27716097,-65.43669109
1.5,9,-71.66737992,-68.27342239,-80.74835653,-60.16477126,-66.74283524,-59.25965141,-61.44888729,-68.1284919
1.5,10.5,-69.19781554,-69.56754754,-77.22405102,-55.94385168,-66.44264786,-57.83816639,-59.61019837,-75.28878126
1.5,12,-65.78672228,-73.85185664,-79.8187308,-54.37948033,-68.6313703,-63.16122841,-61.0741426,-67.04505511
1.5,13.5,-67.26685204,-72.32528563,-69.73126882,-53.13003867,-73.184184,-67.23318359,-66.39508403,-70.76229568
1.5,15,-65.7358127,-71.59855987,-68.30932031,-46.62138962,-77.03893532,-65.82996126,-65.60390521,-66.03102063
1.5,16.5,-62.31691583,-68.41908094,-70.9397432,-52.17965636,-76.888766,-65.44886697,-70.77113787,-71.33703029
1.5,18,-62.19008851,-64.84147991,-69.72212325,-59.40002759,-70.43866666,-67.0629686,-73.03385339,-74.57213303
1.5,19.5,-68.57413255,-62.63954885,-75.6776033,-60.49280713,-66.72358237,-66.84217651,-68.14992243,-73.44890765
1.5,21,-68.65775737,-67.92028706,-66.81723074,-61.08681538,-65.9773177,-71.2936402,-66.76766478,-81.56987796
1.5,22.5,-68.80172532,-63.48464369,-67.88709828,-58.56360707,-65.52926768,-70.52780496,-62.44411588,-70.89395171
1.5,24,-67.23823381,-62.18372001,-68.97235148,-60.49352102,-65.5305563,-68.58885884,-75.97819914,-75.55764239
1.5,25.5,-54.63035677,-60.61282489,-69.82520045,-61.75515578,-75.07072554,-64.27354048,-65.39460956,-78.76822329
1.5,27,-58.26513626,-66.10239849,-70.39710168,-65.71258013,-73.11355822,-69.85772085,-65.03117613,-81.25117557
3,27,-65.51612344,-63.58936616,-71.69445933,-62.10616481,-73.25351022,-65.92579696,-67.95279088,-77.49088854
3,25.5,-65.10822804,-63.40416755,-68.80305647,-59.57321541,-69.3002236,-66.01887135,-65.7693721,-77.46767789
3,24,-65.59472795,-58.81598242,-66.2048038,-62.56170447,-66.34210623,-67.03788478,-62.04755127,-73.72673293
3,22.5,-68.5985458,-61.58634533,-68.58996546,-68.93372883,-65.49311637,-65.55023297,-64.23267387,-76.15096649
3,21,-67.6565145,-65.5398659,-98.62371765,-62.43848568,-64.50888705,-71.52838101,-60.6964567,-69.37198705
3,19.5,-69.13049496,-65.95544045,-69.87256295,-56.31282113,-65.53742721,-63.73326189,-65.30179278,-76.14819111
3,18,-66.3644763,-61.29246753,-67.33093206,-58.78062798,-74.08306509,-77.32869149,-66.42543234,-69.54430979
3,16.5,-67.29313782,-66.82441267,-68.16765887,-58.99264302,-100,-66.03759247,-71.13173047,-67.16644688
3,15,-66.7056722,-72.56451368,-66.07594414,-53.2229408,-81.46707177,-62.05077667,-70.65421459,-66.95215629
3,13.5,-66.89411648,-75.65803679,-71.50770896,-55.24006954,-77.9943149,-58.73964096,-71.55392631,-64.48430683
3,12,-68.94165637,-71.38811604,-71.42241424,-56.58400186,-69.69724761,-62.8185283,-64.93411266,-65.53300757
3,10.5,-66.21290652,-68.22750079,-75.74304856,-57.95328544,-67.65838972,-55.22832716,-60.43660439,-97.86676236
3,9,-67.54154435,-62.85732056,-74.93502108,-61.40818923,-65.72438163,-58.28740552,-61.72660425,-74.94894944
3,7.5,-74.49594736,-63.3237486,-78.94748041,-66.8835625,-65.75854547,-62.35209023,-61.46492906,-74.69084801
3,6,-74.12163228,-65.83095971,-66.44552194,-65.6912472,-66.15220185,-56.61824409,-63.38265743,-65.36059414
3,4.5,-68.12572564,-69.17387776,-76.26930327,-58.77951084,-79.12841519,-53.58428497,-62.59166741,-69.10300756
3,3,-77.90155061,-70.74677684,-80.70966274,-69.14493618,-69.07621008,-48.88073609,-65.50130873,-68.66151441
3,1.5,-72.80970774,-76.49558518,-77.61261277,-74.120603,-65.40695585,-48.65336758,-68.58147122,-72.86947443
4.5,1.5,-72.2229585,-72.48125723,-76.49149882,-69.58212562,-64.70442,-53.31611351,-71.4242743,-68.35505313
4.5,3,-70.54008342,-74.47770988,-76.55487555,-67.2162688,-65.7672489,-52.27903924,-60.08374563,-67.06513532
4.5,4.5,-74.70073355,-79.20931824,-74.80221706,-66.26046267,-72.48854591,-53.00452313,-68.24371485,-72.60293163
4.5,6,-100,-74.5095845,-73.42459787,-65.81840116,-66.39045135,-60.34509745,-62.32049556,-69.70856103
4.5,7.5,-72.81248389,-65.58539186,-71.55437288,-66.47281197,-65.54391568,-57.05504613,-59.62166616,-69.58205544
4.5,9,-70.62258015,-65.61395797,-74.7559628,-64.97251524,-65.70102304,-58.881478,-63.34861923,-72.95455043
4.5,10.5,-73.0965353,-72.97348492,-74.66438903,-59.88319276,-66.73410203,-58.29737206,-66.11036897,-72.49215465
4.5,12,-72.30404183,-73.80610945,-84.80057603,-60.31231876,-66.3682508,-65.58342431,-68.31663626,-67.12753248
4.5,13.5,-66.12405136,-68.79918419,-74.18597618,-52.57762544,-68.33499146,-62.38071799,-64.33486533,-73.21590284
4.5,15,-71.31640013,-66.12135262,-67.96341903,-49.17979531,-72.25761704,-58.85775703,-61.38408141,-67.26496117
4.5,16.5,-66.58481315,-69.4451554,-84.48185834,-59.17010195,-71.98656845,-60.38299006,-61.66144911,-71.38420046
4.5,18,-61.74981755,-70.22413541,-66.86344623,-65.9658989,-68.31851616,-64.47676482,-65.90891865,-76.11154284
4.5,19.5,-64.42785883,-65.418315,-73.85832049,-74.9812309,-65.61957424,-58.97988414,-62.3668292,-67.15195969
4.5,21,-65.21939322,-60.47842393,-76.08704289,-61.01470278,-70.80258906,-60.34919509,-59.65064217,-69.5676803
4.5,22.5,-65.47637079,-61.51835337,-67.00082417,-66.74699762,-66.13293427,-64.21070452,-62.36292451,-72.39421116
4.5,24,-64.16562173,-61.61635593,-72.06934069,-63.52183456,-68.89801718,-64.19330622,-80.49697272,-76.85714469
4.5,25.5,-62.73284791,-57.66771962,-75.09756441,-62.57238778,-69.55339723,-65.68356923,-100,-75.5924051
4.5,27,-65.82118194,-60.66353568,-71.92990998,-65.32904722,-67.90751457,-67.5083348,-71.26212346,-81.82704388
6,27,-65.31450798,-65.00921639,-72.27002349,-66.00651553,-71.8331451,-65.92196682,-65.98080103,-69.20674822
6,25.5,-67.41130936,-59.4933848,-70.22698199,-65.96292872,-77.83937898,-62.09687276,-61.87192423,-75.89223384
6,24,-61.58856516,-59.06953397,-98.21083294,-62.46184366,-66.88905631,-59.52627372,-66.86669963,-74.11321366
6,22.5,-65.66745296,-57.70552801,-97.41487815,-65.95786892,-67.34943412,-60.16703723,-66.06146961,-73.58089414
6,21,-67.93986533,-65.6724205,-71.21697144,-71.61568641,-76.25710936,-65.05128955,-65.52827016,-70.18488562
6,19.5,-64.96166691,-73.69834973,-69.12760964,-62.52006026,-70.70230103,-61.94417588,-67.25914853,-65.95969351
6,18,-65.72136575,-65.54560377,-68.69126688,-58.74730817,-94.135022,-64.89116538,-64.63033889,-66.22415024
6,16.5,-67.12167338,-61.45801518,-97.65092739,-70.81992762,-75.67120539,-90.49831259,-61.35249247,-98.53748585
6,15,-69.20317703,-65.66610542,-87.33668622,-58.65876355,-79.52865418,-60.56906955,-63.38837091,-65.43824116
6,13.5,-71.63772316,-74.10215091,-77.46772089,-58.70284658,-72.37707855,-56.69433899,-58.49185126,-65.91260083
6,12,-70.36564339,-73.54307527,-73.54618259,-64.0805911,-70.0390691,-56.63183189,-57.86469901,-76.84259003
6,10.5,-71.63123988,-71.57418469,-65.71697107,-68.74927419,-73.07170968,-62.08681633,-66.99267887,-70.88986657
6,9,-76.60084796,-70.72350805,-69.02419087,-64.62518094,-73.77312645,-63.30729627,-74.67164917,-66.19140028
6,7.5,-71.21082831,-97.86224559,-70.96813886,-60.73845828,-68.63461459,-64.48680184,-58.6626548,-79.22060317
6,6,-73.90936634,-78.48954801,-71.62979007,-62.21543653,-72.65113711,-57.86449245,-59.67015083,-74.51145445
6,4.5,-73.63149101,-71.37618136,-74.96351101,-82.20943896,-68.41273473,-56.91657466,-65.55745099,-68.24466319
6,3,-72.51785616,-64.13310209,-73.38330021,-62.05724967,-65.79959952,-56.23225289,-59.06740344,-70.37946749
6,1.5,-76.99635331,-73.58658843,-73.66776167,-66.27912923,-63.3626476,-57.05855105,-60.7844041,-73.7087081
7.5,1.5,-73.72192842,-78.66993701,-77.76202343,-65.82464349,-65.3119147,-63.71150453,-58.46589941,-65.96684864
7.5,3,-97.35784614,-75.17124018,-75.95631683,-68.68712853,-69.3598893,-55.64447271,-56.66705605,-62.74083043
7.5,4.5,-76.46599628,-76.21618025,-72.38846566,-71.4734944,-68.3366644,-65.74444364,-59.00922194,-65.39345104
7.5,6,-72.1366802,-67.76966619,-87.57310468,-65.08598685,-79.61709864,-56.97648706,-62.02829271,-72.86519466
7.5,7.5,-76.36845891,-70.78410766,-66.45984498,-67.40187417,-74.06479497,-57.51136391,-69.30695741,-67.37839325
7.5,9,-77.29332845,-69.54613687,-76.53852324,-60.70575526,-72.26198655,-63.2851484,-60.61027577,-66.61234051
7.5,10.5,-72.74654602,-68.43320934,-69.86312234,-64.33522382,-77.28802702,-59.26041332,-61.66943783,-65.688657
7.5,12,-67.4066069,-67.1795672,-68.8237865,-69.96857514,-72.94167795,-57.06998343,-60.17036647,-69.82276089
7.5,13.5,-71.79202146,-73.34546909,-72.55109748,-65.40308822,-72.00390955,-60.56926304,-60.16634825,-72.43400749
7.5,15,-68.83412055,-64.65496705,-69.98867048,-70.42541708,-72.31418719,-59.10102362,-61.42193161,-79.73763003
7.5,16.5,-66.35722275,-64.44470922,-69.45912533,-66.24419397,-69.39933719,-83.24712634,-69.60432222,-66.28270548
7.5,18,-65.22317256,-61.50214779,-68.17350229,-63.93013779,-78.20967352,-66.00786097,-74.98355538,-65.71513858
7.5,19.5,-65.77646555,-65.96877902,-68.30942075,-62.27522472,-66.6619902,-64.21926119,-61.15785527,-68.98591294
7.5,21,-66.04515887,-75.43224217,-71.52807708,-62.44272701,-74.38896618,-61.99515959,-71.82463614,-70.40596798
7.5,22.5,-65.95659336,-56.21589318,-80.20927729,-62.63490673,-72.54746076,-60.9577949,-61.38983583,-67.52340093
7.5,24,-66.72608264,-55.34967698,-75.31340997,-65.74725386,-69.9725481,-65.63219202,-67.23435576,-80.0574923
7.5,25.5,-71.09364762,-54.95457584,-70.6002131,-66.6262946,-66.41283239,-62.53883423,-66.30046459,-70.61726125
7.5,27,-70.65263537,-56.42997231,-77.77795292,-61.48691346,-70.94696538,-66.68844219,-97.42092082,-75.02891663
9,27,-62.29913834,-49.07744781,-71.74822212,-64.83091261,-65.51256989,-70.61076566,-64.64823897,-74.01580696
9,25.5,-65.69895164,-55.18977211,-72.38297156,-66.16046631,-65.44938315,-68.31536398,-64.64334603,-70.21726717
9,24,-66.23221049,-58.80940427,-72.59024742,-73.58322006,-68.55168734,-64.77210453,-62.75739901,-79.35023688
9,22.5,-74.52024096,-58.16122178,-76.03999633,-75.53739177,-69.13529494,-60.34508357,-64.58400303,-87.08902482
9,21,-73.67678998,-58.89241724,-75.41734407,-65.54160956,-83.60421899,-68.22630405,-62.21212479,-74.19766205
9,19.5,-66.79033496,-61.82501307,-74.56674215,-61.59973024,-96.01661903,-60.57934386,-62.26395848,-65.50741974
9,18,-69.10013953,-60.23818436,-78.30635144,-73.43788011,-62.60901837,-67.32786094,-67.35744728,-81.08470608
9,16.5,-69.6673796,-68.38524114,-75.72577231,-62.01597778,-68.10262231,-69.21515378,-58.97531539,-66.38621489
9,15,-73.10809195,-65.78873129,-72.98084831,-69.33644281,-77.87442484,-61.26603504,-58.24807133,-71.4452426
9,13.5,-71.76996361,-68.18120668,-72.61547685,-68.22921685,-68.37095002,-58.88928374,-61.99340048,-67.90630309
9,12,-81.64374335,-78.85644941,-83.46438253,-66.96842361,-65.88722194,-58.58549618,-59.94834571,-67.49067785
9,10.5,-70.38647644,-73.51797504,-98.27964706,-71.42204091,-70.05645529,-55.73563066,-58.40051997,-79.88858477
9,9,-77.86944221,-70.57782914,-71.78126036,-65.57642755,-68.14710939,-56.78564659,-59.37933716,-62.38243403
9,7.5,-73.05775458,-73.97808533,-70.70947797,-65.8312121,-72.79816319,-76.12604395,-60.35694612,-73.02078071
9,6,-70.99793593,-94.28905411,-69.56843855,-69.9615688,-71.19479483,-56.84437449,-62.08218261,-68.23916529
9,4.5,-72.2733609,-69.60762836,-72.45930012,-66.57378559,-69.33943567,-58.25223011,-51.48357343,-64.22332255
9,3,-76.12880795,-71.37267148,-80.7279306,-73.1147279,-69.01016083,-59.80018788,-53.20400474,-65.09296792
9,1.5,-76.66896608,-75.20092974,-80.28819307,-65.7303481,-66.08364607,-70.10167351,-51.71294998,-60.81950345
10.5,1.5,-76.63327427,-72.1788838,-77.97076052,-78.24216443,-78.73399101,-65.20702398,-43.76798237,-65.75520677
10.5,3,-72.40004258,-75.40912145,-76.12744013,-97.63657657,-69.30197268,-62.60728053,-50.26402042,-62.35795358
10.5,4.5,-76.8158855,-71.28992715,-75.65513326,-93.79828033,-72.64481128,-59.16078547,-51.79884097,-62.66099474
10.5,6,-74.66356712,-69.32749931,-74.89802561,-70.79390375,-62.23836376,-59.16433776,-57.13061746,-62.39711499
10.5,7.5,-76.76719412,-73.80403358,-67.21037841,-65.89535733,-65.26774179,-58.66541193,-55.07201604,-69.63797887
10.5,9,-77.54790935,-74.23292662,-68.9763629,-67.1366082,-65.77706144,-60.6546714,-57.9893883,-60.84750325
10.5,10.5,-77.94435727,-72.31792572,-68.82284659,-65.57093859,-64.01494817,-59.82830709,-57.08166934,-71.06468946
10.5,12,-76.38596748,-69.9585419,-73.36682806,-69.98043425,-68.62429287,-66.37093651,-60.08953693,-70.61312241
10.5,13.5,-72.08941301,-68.27359175,-73.88204024,-74.70327535,-65.33160186,-64.15088944,-58.95126738,-63.70620752
10.5,15,-69.23269029,-67.00879361,-73.68163238,-73.42373649,-72.61396274,-58.67145603,-58.67464177,-68.64095679
10.5,16.5,-70.15321353,-71.90292551,-73.4469693,-62.36235321,-60.469455,-65.69958846,-67.16985876,-62.02063728
10.5,18,-67.34807375,-69.59176461,-75.37039178,-64.45560685,-63.37264646,-58.23820057,-64.98369533,-67.34854577
10.5,19.5,-74.64601236,-66.20276291,-67.7994824,-64.53093797,-68.47885269,-65.93967757,-61.97584317,-62.11500847
10.5,21,-70.42482911,-61.41595515,-71.10868094,-65.47769462,-65.80041458,-68.56680383,-67.01584277,-64.37431174
10.5,22.5,-75.80702503,-57.50151781,-73.08477316,-65.73353378,-69.83873929,-61.20832753,-63.13440737,-65.98976608
10.5,24,-74.77738355,-60.10746167,-66.41501986,-64.40202121,-69.49396298,-59.3685565,-62.09747555,-69.07735388
10.5,25.5,-67.97901143,-51.53823607,-68.7189493,-77.31445034,-62.42892378,-63.13413872,-60.74241606,-74.13926592
10.5,27,-69.80866923,-44.91696591,-67.86678557,-76.25045738,-66.74231475,-67.0766081,-63.71760778,-98.4172753
12,27,-70.34238684,-55.08646677,-68.40762729,-74.94536892,-69.70568262,-81.75871382,-65.51279437,-65.11054091
12,25.5,-66.60815312,-60.43868552,-68.55652394,-65.91126357,-69.78338216,-81.64994378,-65.75644728,-70.50052922
12,24,-74.84223777,-62.74198572,-71.81252361,-62.60685097,-65.11530428,-73.99276029,-62.75463895,-77.09077471
12,22.5,-69.21000348,-63.5533997,-70.28311731,-67.23150727,-72.60122965,-67.02914457,-61.51658802,-67.52499825
12,21,-78.83103575,-67.97814906,-70.60264212,-65.20302463,-73.43383359,-60.28184283,-62.09046835,-73.94295902
12,19.5,-76.72901559,-68.31715612,-71.0818707,-67.37541788,-62.23025886,-60.51720319,-66.49438331,-67.55061351
12,18,-72.45597011,-66.20884172,-76.96939299,-65.97685874,-68.08691272,-59.40598306,-68.83609553,-66.96715687
12,16.5,-74.48860899,-64.55211853,-68.94189349,-66.08279332,-65.73927902,-61.71872259,-65.84490717,-67.91098079
12,15,-67.38372116,-68.75812091,-69.32276156,-69.63240054,-76.97203128,-61.66685731,-61.70866252,-67.12739947
12,13.5,-75.50281187,-70.81524136,-71.46232465,-67.13569164,-66.04565694,-67.21378834,-62.3363488,-73.93674819
12,12,-78.40440981,-69.06341799,-79.01198432,-67.08395814,-69.13868014,-66.52654677,-59.20363486,-66.13651733
12,10.5,-78.99429204,-72.48700214,-68.21534006,-66.00892965,-66.74467557,-75.82408598,-56.92838873,-76.04265405
12,9,-79.67904421,-75.34204763,-69.14484776,-68.223295,-69.03780378,-66.40681992,-56.49481163,-66.19364817
12,7.5,-76.347287,-74.30564859,-71.93997356,-68.15494259,-66.84535657,-58.65895336,-56.11128837,-60.24411534
12,6,-75.2950931,-71.86303311,-74.91813832,-68.52782876,-62.19200336,-60.67005148,-55.26601415,-60.54008182
12,4.5,-78.79490362,-71.50705113,-75.80866246,-70.42411545,-63.43811568,-57.69921586,-54.132154,-61.70730909
12,3,-73.77193435,-67.73522484,-72.5074985,-78.41463492,-67.55213283,-65.51628779,-46.66740933,-71.34498886
12,1.5,-71.84799751,-76.04002761,-75.21089448,-73.66316572,-78.68882308,-60.44944521,-40.78612546,-58.74425175
13.5,1.5,-74.777508,-72.06931979,-83.04844468,-76.94458867,-67.27332717,-64.0647369,-46.7750236,-60.42775103
13.5,3,-76.37147338,-97.76686993,-100,-74.29268688,-65.62387867,-61.21829649,-50.06884076,-61.36035741
13.5,4.5,-98.14201883,-78.9287018,-74.64862689,-73.58423138,-72.07954338,-61.02071456,-50.32249105,-74.83069312
13.5,6,-74.20758386,-75.54828581,-70.49378528,-68.97047227,-65.41097051,-63.16535712,-60.44848264,-58.81928743
13.5,7.5,-74.02699924,-76.35661272,-67.18163392,-71.88168429,-65.66994651,-65.89828111,-56.32180197,-58.93144904
13.5,9,-73.02260602,-74.96256465,-74.62325394,-68.72065171,-63.88636271,-65.69850902,-57.04561022,-73.18308991
13.5,10.5,-73.42388363,-73.00639728,-75.43983324,-76.06173605,-62.08644395,-67.51885558,-57.17189869,-60.1923365
13.5,12,-78.58858267,-69.51656449,-70.9251936,-66.90325889,-65.6574882,-76.69530839,-62.38553252,-60.78026939
13.5,13.5,-74.54410023,-67.14153303,-66.83571364,-62.14327688,-65.39607719,-70.28634887,-65.49214088,-65.71902824
13.5,15,-72.64296277,-66.13191861,-67.87231178,-74.43537852,-77.41130182,-62.42945059,-64.76193752,-66.05791543
13.5,16.5,-76.91750036,-61.94907588,-68.17455795,-62.32963402,-65.20505007,-59.03470495,-64.17301879,-64.37364846
13.5,18,-91.19506142,-62.39157516,-66.22504822,-62.22837197,-65.29169503,-62.52841607,-66.10478892,-73.85514096
13.5,19.5,-68.50482011,-62.92710386,-71.96037644,-66.03867555,-65.54558624,-58.54066648,-60.97302355,-72.43784195
13.5,21,-70.51332094,-67.88627899,-71.76818018,-95.77722453,-62.30911491,-61.9712783,-65.20406192,-73.76188618
13.5,22.5,-68.27712563,-65.61643375,-66.96673287,-64.93108919,-74.91811679,-60.5459222,-65.62600798,-64.9401817
13.5,24,-68.24724813,-66.0907412,-67.13175027,-67.13514257,-70.58949624,-66.72297911,-64.47812945,-62.98546414
13.5,25.5,-75.13751438,-53.43197902,-62.35623707,-70.12582433,-72.13791221,-65.84092851,-63.26959361,-62.58661869
13.5,27,-78.52211425,-60.67130861,-73.96697656,-71.4139279,-64.5263343,-74.00535028,-65.84365653,-97.59389538
15,27,-65.18685121,-61.81108303,-71.11234483,-72.58746508,-62.31687531,-73.01659946,-67.51035626,-69.4168343
15,25.5,-69.92022109,-58.75040666,-68.79927248,-70.47783637,-68.70448634,-64.41867144,-65.66860291,-72.29955433
15,24,-74.26505861,-60.31859289,-70.04472232,-65.57049601,-81.24344182,-64.2444854,-62.42957073,-79.99009221
15,22.5,-68.3603464,-71.59138273,-68.13247167,-65.74377383,-67.48437347,-60.81419518,-61.06576468,-60.53934246
15,21,-74.5343563,-74.99461756,-66.27446799,-68.14201744,-71.08714985,-60.84156749,-62.73830124,-64.26767909
15,19.5,-79.89931009,-67.49488715,-77.7346073,-67.80756921,-67.53589721,-63.20572129,-65.97715819,-61.88463475
15,18,-75.82834172,-59.5400162,-67.35336644,-62.12766179,-60.54272952,-59.80673378,-68.4765894,-68.32448143
15,16.5,-77.54560174,-69.49021156,-69.17413851,-61.92973223,-75.70028731,-61.42927444,-65.88796541,-83.51582824
15,15,-78.04919677,-65.4914737,-66.71631882,-71.28224383,-68.63198883,-61.65563591,-62.7832941,-65.97462328
15,13.5,-77.54628519,-67.61293529,-77.45417618,-65.44606477,-64.99832927,-73.04856218,-59.55464699,-68.39400326
15,12,-80.7253848,-77.54863198,-75.5870252,-69.73395944,-60.48366886,-66.93138834,-59.47148009,-67.38629861
15,10.5,-77.80190541,-77.57639954,-73.78961334,-70.161555,-65.5696766,-70.10276831,-58.00167502,-59.73368578
15,9,-73.91692986,-76.04772327,-71.47693864,-68.21385291,-60.69575339,-64.79454179,-59.08573225,-56.83092895
15,7.5,-77.5645483,-70.70084589,-67.29077755,-75.21348502,-62.98716822,-69.37992967,-59.40618716,-76.1277415
15,6,-71.41222884,-70.57916277,-68.49099235,-78.81170471,-65.39846845,-60.70453349,-57.85710958,-62.27649004
15,4.5,-80.33925744,-77.92164322,-76.14608653,-79.23726748,-65.22063387,-60.52948991,-54.16855022,-58.66521115
15,3,-77.37140711,-73.8884499,-79.37480348,-75.93376345,-58.11703065,-59.75516587,-54.93842591,-60.75012728
15,1.5,-76.79228142,-75.48835668,-78.4047752,-78.76082803,-64.08121358,-56.8169295,-56.51622605,-63.93250063
16.5,1.5,-98.48608941,-75.34420375,-79.08044893,-77.14643659,-62.42479647,-69.80201376,-56.46177618,-69.36397376
16.5,3,-82.84365778,-73.02690094,-75.20691254,-78.07652518,-61.71316722,-67.64396167,-59.50733699,-65.40137528
16.5,4.5,-78.58729786,-98.34846118,-69.43172257,-77.35442137,-58.65514412,-63.34816072,-58.71850002,-58.68614953
16.5,6,-77.06801475,-72.27926954,-73.73730123,-79.17627313,-57.15890929,-68.53484043,-59.86673787,-66.08829338
16.5,7.5,-81.93504751,-70.62848645,-97.89271606,-73.83377932,-59.04536904,-74.73661569,-66.55924883,-57.68872606
16.5,9,-77.27283104,-77.46416642,-90.22707144,-75.72089423,-61.63451634,-66.04088775,-62.87045923,-59.75623302
16.5,10.5,-76.24917669,-72.30371141,-71.5843327,-74.90878331,-59.55063857,-64.07101767,-61.43314726,-60.6211981
16.5,12,-83.90994893,-65.76821175,-75.95040078,-70.31163544,-57.59479536,-65.99677164,-59.09380211,-58.94348574
16.5,13.5,-77.32872293,-67.21562015,-78.21483413,-67.59969409,-56.30321826,-75.14005013,-56.82194446,-64.58345571
16.5,15,-76.45208316,-68.57198035,-67.88120269,-78.39453665,-72.99827594,-77.86492387,-62.06373925,-60.72709714
16.5,16.5,-92.75144229,-68.09768843,-65.20817994,-66.17478933,-58.79079134,-64.65324272,-72.51347439,-65.65353444
16.5,18,-69.57905021,-67.64802109,-66.22540177,-65.92750386,-95.65544288,-60.46098821,-75.1447153,-64.86933309
16.5,19.5,-79.7488352,-67.3369703,-70.63354139,-68.44689419,-72.06512065,-64.68096222,-69.48198142,-76.67869585
16.5,21,-73.29735025,-73.09409524,-65.7291767,-75.1308799,-62.70499569,-59.38838718,-63.99009922,-73.21463767
16.5,22.5,-76.66039007,-65.07844957,-62.53073886,-72.97034936,-60.46338465,-65.58675998,-64.81970182,-65.78255859
16.5,24,-75.81289496,-65.27601593,-60.10368804,-72.04650437,-65.31917206,-74.84761629,-58.29936918,-68.37316894
16.5,25.5,-73.55680201,-67.00998208,-60.60400716,-74.41512137,-67.47227034,-67.48541911,-66.0096994,-70.74691402
16.5,27,-73.57171673,-66.16398354,-59.99910606,-89.05776471,-65.06564239,-70.27507586,-71.14945921,-65.44548559
18,27,-70.96525492,-65.45346089,-65.72598994,-100,-60.81451155,-74.16819285,-72.51441579,-65.78447204
18,25.5,-83.65074887,-84.93811997,-60.92004867,-84.35455745,-77.31333131,-83.38954591,-79.41577769,-66.84215351
18,24,-75.32657038,-65.66664296,-60.33407118,-77.57868738,-61.74200478,-69.28647817,-68.38543958,-62.36019373
18,22.5,-72.81303341,-65.76841672,-62.48998557,-76.4969964,-66.12000076,-62.64229763,-68.33290168,-60.94169397
18,21,-76.47839381,-66.73524262,-64.59790064,-72.97347478,-60.57749277,-68.91433735,-74.4153526,-67.10331579
18,19.5,-73.50272548,-70.96861245,-62.73924956,-72.89258504,-62.38716783,-63.32144969,-63.16807671,-63.8377536
18,18,-75.28199445,-72.35900614,-73.13871209,-74.31832256,-63.63562408,-67.0547333,-61.0983888,-68.79357237
18,16.5,-72.22946602,-73.76376712,-66.8748048,-71.03780149,-58.26955541,-78.31446396,-83.16030844,-67.82342209
18,15,-79.33570407,-73.87647164,-71.09050107,-76.03353506,-58.6623541,-65.63866935,-61.32532142,-69.15808724
18,13.5,-81.04684196,-70.77722183,-69.67145093,-72.27708514,-61.09611676,-65.96273956,-57.12780512,-61.57512681
18,12,-82.48938288,-67.140152,-80.44465147,-74.61532781,-57.39901784,-67.37575827,-63.03250648,-58.87757026
18,10.5,-78.8864875,-72.12854018,-80.6904311,-75.31017844,-56.48568008,-67.47946805,-73.37412626,-62.33462403
18,9,-76.20079819,-73.52102976,-71.66135162,-78.36610561,-57.41059989,-65.95620276,-65.36651097,-56.96679904
18,7.5,-75.52380627,-75.68130222,-70.75443658,-73.60164672,-59.196216,-69.80644025,-58.51260055,-62.01763923
18,6,-77.30088219,-82.15386648,-72.23902925,-76.49222853,-57.80865502,-69.39589278,-59.58978955,-66.27021929
18,4.5,-74.54206795,-79.84567921,-70.34859482,-74.31943091,-62.59879808,-71.17002317,-59.21123783,-56.41128638
18,3,-77.36376958,-70.0187789,-78.1118532,-76.26288821,-66.4866027,-67.20854542,-55.87182007,-59.20189339
18,1.5,-77.49381355,-71.94338405,-76.04010859,-79.39965557,-60.79679666,-66.41062368,-58.94905977,-61.78595466
19.5,1.5,-80.51330465,-77.1098944,-78.02643459,-73.72390243,-62.82595902,-66.6127153,-61.48813218,-52.34879625
19.5,3,-98.14201883,-74.68961968,-73.3709154,-71.92174691,-67.1077148,-72.3783736,-61.30521703,-54.27673172
19.5,4.5,-80.46997467,-69.28282813,-76.39704318,-81.48603862,-60.16154908,-69.67868314,-58.73733456,-59.94845333
19.5,6,-76.48153665,-75.35646455,-71.51647034,-76.67007267,-60.1657088,-74.15905962,-59.83015194,-65.62373312
19.5,7.5,-75.42011513,-72.27610914,-72.9643043,-75.9049315,-56.16522516,-66.19207594,-64.8162068,-58.80713169
19.5,9,-82.9588976,-83.31938292,-78.04421096,-77.40368988,-57.72321328,-66.14818515,-66.01341697,-65.56263262
19.5,10.5,-81.088869,-96.47830762,-92.80478008,-71.22835231,-55.81987846,-70.03554105,-60.31819681,-65.42324725
19.5,12,-81.66580465,-69.6834892,-69.86027709,-67.89344723,-49.4569556,-67.08885113,-71.67825773,-65.72001911
19.5,13.5,-76.09106508,-68.45896957,-69.43471382,-71.49100511,-58.25324593,-66.40344872,-68.39435175,-63.5616712
19.5,15,-81.12849234,-69.50353694,-70.06327903,-76.42583166,-57.53222513,-77.58386525,-63.22711054,-62.29095177
19.5,16.5,-74.36066463,-78.07777945,-83.42581206,-74.88011873,-58.33393101,-66.72411681,-60.53748358,-67.42601225
19.5,18,-70.6579369,-72.4650346,-100,-67.18854073,-58.92621145,-72.59563748,-59.62290093,-61.71068269
19.5,19.5,-77.61901549,-62.34133106,-65.66632777,-68.31358712,-62.09927952,-68.34955409,-60.44807035,-60.28368805
19.5,21,-71.80785384,-65.52651757,-65.39894773,-71.76864972,-60.00447662,-65.07093044,-62.70197027,-63.44644266
19.5,22.5,-72.64514436,-73.49201951,-64.07064634,-76.15035429,-62.14556385,-67.09803095,-61.44740737,-68.28737486
19.5,24,-70.68639232,-72.98670018,-71.198515,-74.91999426,-61.85276606,-65.84465425,-62.4206083,-65.51847424
19.5,25.5,-76.82777853,-69.75291786,-59.68515701,-74.47296533,-60.07266552,-67.49671616,-70.03188203,-62.06651105
19.5,27,-70.6211109,-66.88023467,-52.72087617,-70.48478745,-61.87195112,-79.22268778,-74.5381468,-68.01825926
21,27,-65.80245951,-68.46807585,-49.20183713,-71.10959602,-60.71417417,-69.45625696,-65.38467688,-71.03986238
21,25.5,-69.45361221,-67.13536182,-60.07590565,-74.04465532,-57.14137308,-68.0370868,-64.44370141,-68.49475575
21,24,-67.33504387,-67.84753804,-63.81954664,-73.66091022,-57.01170333,-71.86138061,-62.98886527,-67.99782575
21,22.5,-70.1140244,-65.53562872,-58.7245616,-70.18059553,-57.14700246,-69.15875342,-62.21649311,-65.56123856
21,21,-70.88435754,-68.19538742,-60.40212364,-73.43397358,-60.62445674,-68.80438857,-59.30700231,-69.3285917
21,19.5,-73.30879831,-71.05919747,-60.02502918,-73.09937314,-61.62533296,-71.36001474,-60.41257478,-67.33595313
21,18,-73.82423341,-75.36662397,-65.59436957,-66.92381515,-51.854586,-72.33939032,-61.17712196,-67.08158516
21,16.5,-75.59951236,-71.16304924,-67.60082983,-73.8624211,-57.95579942,-78.45384313,-61.98972926,-65.95153069
21,15,-77.56059295,-76.03279106,-67.56412212,-100,-50.53058113,-69.24898855,-70.67607599,-61.07486853
21,13.5,-78.83570667,-81.55403109,-67.46589091,-74.00671261,-43.58626215,-63.77738023,-65.7696458,-66.55780634
21,12,-76.50854445,-73.19925761,-71.42703274,-67.96583901,-50.78422621,-63.07801371,-61.35745323,-55.82613919
21,10.5,-79.48398251,-77.15992835,-79.14921413,-74.07438632,-67.10291018,-65.96894752,-88.65653268,-58.16396598
21,9,-71.03162973,-72.28922977,-76.74969143,-72.59497952,-54.7930992,-74.62802374,-60.41312792,-56.34681319
21,7.5,-76.9489547,-73.34085235,-74.6225828,-72.85039145,-56.06814108,-67.51664434,-59.48933934,-55.15651747
21,6,-79.61215253,-76.82473564,-74.20673806,-77.55930811,-60.57000367,-64.47992488,-62.00438463,-54.05240229
21,4.5,-77.25404894,-72.17396099,-73.88359031,-78.65816045,-61.25317333,-63.39107865,-58.84014838,-56.56484953
21,3,-80.94819902,-71.27492874,-74.94383207,-78.80855644,-61.57050965,-63.34473153,-59.68711583,-49.01005035
21,1.5,-83.12482868,-79.03406934,-75.55988807,-68.1919682,-58.32262176,-69.00592444,-58.12176231,-51.42175511
