x,y,wifi_rssi1,wifi_rssi2,wifi_rssi3,wifi_rssi4,wifi_rssi5,wifi_rssi6,wifi_rssi7,wifi_rssi8,sle_rssi1,sle_rssi2,sle_rssi3,sle_rssi4,sle_rssi5,sle_rssi6,sle_rssi7,sle_rssi8,ble_rssi1,ble_rssi2,ble_rssi3,ble_rssi4,ble_rssi5,ble_rssi6,ble_rssi7,ble_rssi8
1,1,-66.36185747,-66.75247942,-69.26934832,-58.86323755,-73.94849751,-41.33031101,-67.56607706,-62.91141945,-68.3751429,-69.76709143,-65.64697546,-63.99099968,-69.75769838,-40.26318947,-68.09369632,-63.93826681,-69.84861103,-68.31349099,-63.96085778,-61.41874986,-66.58455514,-41.76515085,-65.96637548,-66.42863216
1,2,-68.76909127,-64.49273143,-66.74519611,-67.29478056,-97.50151704,-46.00784186,-69.66498169,-63.02348053,-69.32207215,-65.22030542,-65.83599676,-63.32290282,-67.24388368,-45.21583851,-67.02596806,-65.38105077,-69.78842536,-64.83733924,-64.47266623,-63.42587013,-65.88351894,-46.80021512,-67.12694677,-67.12333235
1,3,-68.30854038,-61.25380276,-67.87345806,-66.26767106,-83.54601781,-47.58712293,-67.73405554,-62.59668335,-74.40605314,-63.76125393,-65.51416376,-61.20897696,-66.45412887,-47.77489497,-67.76295385,-66.54064066,-72.1898496,-63.72898572,-69.05370141,-61.29975699,-67.89905449,-47.47571385,-67.41704539,-70.7429804
1,4,-64.80002371,-62.13596306,-72.13084008,-55.22026923,-68.40647715,-49.39333241,-63.4362314,-62.28177764,-68.38198275,-62.99204036,-65.16665919,-59.27906048,-65.8171508,-50.61527917,-61.85524689,-66.06109658,-69.06257732,-61.9141453,-64.86219367,-61.28617962,-64.00383351,-49.53084435,-63.14719686,-67.69986931
1,5,-62.63139916,-64.31790958,-67.73909976,-54.89679902,-70.09927837,-55.39270341,-62.3623847,-65.25550281,-63.46919555,-65.70484641,-65.48631457,-59.2738736,-65.48932477,-52.86516284,-62.95918089,-66.97490314,-67.18944779,-64.94440697,-66.11592167,-58.03704528,-66.49662388,-53.52446437,-62.10329258,-68.50894919
1,6,-65.04258736,-65.85557741,-68.40453124,-51.202802,-66.06641293,-56.86614493,-64.4946444,-66.9668601,-63.69809861,-69.52438875,-67.44513895,-61.24138029,-65.08359964,-54.1648225,-63.36293831,-67.71784553,-66.75262511,-68.72952731,-66.37311054,-53.40799959,-64.42411943,-54.889031,-63.62697255,-68.2906677
1,7,-66.86314661,-61.04152904,-74.3572372,-49.37190356,-65.89928866,-56.32793316,-62.02396344,-67.61593048,-67.30868128,-64.25325772,-67.84045835,-52.93175799,-65.22933474,-53.82604336,-62.34190636,-67.58512466,-71.63810895,-65.00728979,-68.65410741,-58.64511679,-64.01102709,-55.91844407,-64.0520636,-68.95276423
1,8,-62.27465775,-58.82226895,-71.0227542,-48.09288763,-69.63418278,-55.63145408,-60.14607911,-65.98250271,-60.85828766,-59.27943563,-69.0542674,-43.01424477,-69.23349298,-54.89215817,-60.00373983,-69.93701827,-60.85320224,-59.89301893,-66.84522976,-48.80710802,-65.20965809,-55.471506,-62.72131297,-69.98772415
1,9,-67.18684704,-58.89193791,-73.16824945,-57.51731545,-72.26085325,-57.5096966,-61.14474123,-66.23202911,-67.43674869,-59.14440824,-68.21466466,-43.05225577,-68.73649688,-57.58113213,-61.78496665,-71.97362842,-66.04555818,-60.6490512,-71.08357526,-46.22166913,-67.0489594,-57.8853793,-64.79548087,-73.85129948
1,10,-65.74092538,-61.48604641,-69.83116533,-49.32219022,-66.19001803,-57.34624447,-63.40439756,-68.30149569,-62.26070824,-63.10447496,-68.10668339,-51.29422081,-71.39192069,-57.16780547,-66.21940969,-73.12359394,-60.57644766,-61.3950561,-66.70118249,-50.02375026,-69.18667565,-57.09340579,-65.9482491,-75.31632207
1,11,-69.13052424,-59.4759908,-72.15121911,-53.54553265,-69.71629391,-56.98796124,-61.5808733,-70.33983595,-64.64304155,-63.36662938,-65.54873826,-52.45850917,-71.04681552,-60.16416456,-62.61106316,-73.02912584,-62.24581653,-61.44254693,-66.63662835,-53.05589678,-71.88355941,-61.11612536,-63.83489364,-74.06045847
1,12,-53.89717941,-58.16864048,-72.97927535,-71.94831931,-67.92879458,-61.50833503,-59.63552433,-71.88863812,-60.87229101,-60.6305011,-62.98227425,-55.66250967,-71.67682966,-62.32041983,-60.6944401,-73.99020519,-60.61174915,-61.31472908,-63.97564323,-57.14134972,-73.2150359,-63.59879783,-61.61350285,-75.99684573
1,13,-61.08424149,-62.03905336,-67.34374469,-55.95388178,-65.82817092,-62.50049583,-59.3525699,-73.64178073,-60.20265141,-63.67035017,-61.83192078,-60.75324028,-71.88733803,-61.93128268,-60.59418888,-73.5931347,-62.25599693,-64.00931934,-65.91324959,-59.56808197,-68.9657128,-62.39474172,-61.70844864,-69.77516736
1,14,-54.21664839,-60.54881678,-67.37836191,-61.02378767,-65.31451108,-61.72129398,-60.21758974,-73.69828133,-62.79320364,-64.66615185,-63.45302736,-61.75088529,-68.87924953,-60.86895781,-61.11898911,-73.91184444,-65.11724059,-66.76304811,-66.46182324,-60.68883552,-73.91630032,-60.35814943,-62.21858051,-69.98174303
1,15,-61.29663517,-60.7523191,-67.81350903,-58.39176502,-68.77265403,-61.50135662,-62.97294439,-71.77973658,-58.87145206,-66.11549204,-62.58935578,-59.76045456,-69.79048629,-60.34880507,-64.13425503,-71.8764208,-59.99430202,-63.99444513,-64.54719583,-60.05698959,-68.12234569,-60.6735279,-66.76464171,-68.56912604
2,15,-58.10276772,-61.53093345,-66.14694889,-59.80247737,-66.02850369,-59.36118959,-60.44621171,-74.27293179,-61.18203658,-67.6116385,-62.29510889,-61.62471443,-69.091304,-61.44880502,-63.29241108,-73.77722183,-60.61075359,-65.17689223,-63.48404853,-61.1324305,-70.01418847,-59.85316732,-64.58144786,-70.28202221
2,14,-57.80842222,-60.13092213,-65.86742734,-64.46884927,-65.81972942,-60.75373223,-58.70957103,-70.06227294,-57.52451016,-61.16383003,-60.54107737,-63.85925759,-68.57791702,-60.65873548,-60.16555677,-74.17381388,-60.43593586,-61.69432425,-62.61540237,-63.0028123,-70.4062267,-59.96241588,-60.13762853,-73.5139954
2,13,-56.58306407,-57.47547117,-68.01417821,-62.22308008,-69.96252803,-61.62310964,-60.46516396,-70.81091896,-58.67235883,-62.19856074,-61.13692088,-65.10562212,-70.26371522,-61.6538243,-60.08211073,-74.83470367,-59.04921008,-60.96959222,-61.78816207,-63.98431989,-80.73869125,-61.55688069,-62.43711091,-74.15120476
2,12,-70.46015571,-59.91219378,-67.35814553,-57.26714969,-69.63432373,-60.40382269,-60.80098869,-85.3998941,-64.58600166,-62.70340928,-62.42535381,-59.55251887,-71.94573785,-61.60375002,-60.64208998,-73.89109813,-59.51584807,-64.22758165,-65.74978935,-60.43601054,-69.10420886,-61.53499574,-60.48275432,-71.69456261
2,11,-82.90154452,-58.87672146,-65.73150367,-52.36325871,-66.9868296,-58.11521519,-62.57384812,-97.40913871,-62.45516896,-58.49260061,-62.66286761,-53.57968245,-71.39250776,-58.54293547,-63.0300244,-73.41983306,-64.04112739,-59.07087261,-63.26067462,-54.52422035,-67.61359935,-58.89440935,-62.87183104,-72.08817139
2,10,-85.38347223,-59.19814415,-70.7676308,-53.24760382,-66.54735358,-56.56142982,-61.15211301,-68.64980623,-60.17448598,-59.46714086,-65.84596616,-54.33095307,-69.9266629,-56.22535054,-63.31078898,-70.98999263,-60.94493761,-58.14607368,-66.06301066,-54.06542997,-67.4897663,-56.49489287,-64.45834912,-73.6991426
2,9,-71.60450292,-61.88078684,-71.89633865,-54.3666158,-69.34684221,-58.23006547,-63.59145131,-65.43879956,-69.68718895,-61.45021032,-65.15586539,-53.53634547,-68.75086545,-56.70451293,-59.2914771,-70.78758848,-66.6837484,-61.78721,-66.73461019,-63.17634925,-66.70684516,-57.96136316,-60.46963342,-71.34945425
2,8,-60.24255604,-58.52387031,-71.08804309,-52.95336027,-65.57656223,-55.2943655,-100.0,-65.31222937,-60.99503907,-59.41968698,-66.30261967,-49.98576701,-65.18571606,-55.16136879,-60.80342123,-67.89820272,-62.64733682,-60.12776227,-67.94808559,-50.6811501,-62.80520934,-55.33753332,-63.81581775,-68.36573818
2,7,-67.97981104,-59.7952318,-71.78613715,-58.34286424,-64.51936318,-58.4456117,-82.46213638,-66.0624615,-68.8899595,-61.13055743,-67.93105619,-62.24774242,-63.74701542,-55.64377358,-63.59793975,-66.65917594,-74.70913402,-61.52299312,-67.17607184,-58.83305922,-65.46875122,-56.01602532,-63.48337569,-68.19659956
2,6,-62.75307873,-62.42230603,-70.28503973,-60.47441923,-65.81288137,-57.5132351,-61.71309195,-66.33003211,-63.64104999,-69.50766595,-68.09066542,-53.36121977,-62.20726884,-54.68007786,-63.93403411,-67.25438456,-66.17148078,-67.70624053,-69.38188593,-53.92959805,-63.43507607,-55.32091168,-63.74509087,-67.45173705
2,5,-61.82785828,-63.33951652,-68.8636012,-55.25301683,-62.49155188,-54.96475975,-62.05142948,-65.49922125,-63.34766653,-65.98319761,-66.26974817,-58.83321403,-61.77506724,-55.26053261,-62.36621142,-66.58124046,-66.2387173,-62.97267,-68.72818546,-63.275271,-63.60899908,-55.12911708,-63.56104029,-67.50409483
2,4,-63.08642788,-62.38627755,-67.24887608,-66.28910855,-65.40798028,-51.81931632,-67.62158798,-64.96977193,-70.40475388,-63.77858202,-65.6493231,-60.55814238,-62.36025222,-53.25752664,-63.98589261,-66.40960776,-73.76145733,-63.0202078,-69.86193514,-59.94004681,-64.42144281,-53.22839157,-68.81809606,-68.80802239
2,3,-73.60544653,-63.57819345,-68.52039466,-64.96887909,-66.44364517,-48.16872334,-67.54627414,-65.0571044,-71.28732837,-63.29870689,-65.74814609,-60.49230094,-65.22742911,-48.61330219,-64.72094772,-65.60309491,-74.91470975,-60.82391346,-66.24502095,-62.16896388,-64.29759181,-48.73962461,-67.04399024,-67.59836825
2,2,-68.33188231,-64.5309217,-97.32854249,-64.80665583,-65.52325707,-50.96993718,-68.08454057,-62.52938062,-72.66009677,-63.74668318,-65.44369263,-61.96361901,-66.30452518,-48.44197772,-65.38643293,-65.78091799,-72.85738622,-62.9206963,-67.04962875,-62.33957954,-64.73649513,-52.06607388,-64.37661745,-67.94077976
2,1,-65.70117328,-66.06476267,-88.19344698,-64.62143566,-67.1042968,-47.70045476,-60.90264759,-64.14261809,-71.38374751,-67.39677677,-66.10524798,-68.16653909,-66.58187361,-52.27603771,-63.1054428,-65.29526414,-70.51412263,-65.76903451,-64.05812944,-75.80626784,-67.82764719,-49.17020155,-61.95141533,-67.50667082
3,1,-66.00650045,-65.43630122,-69.42890873,-66.15162231,-65.71563756,-49.40168842,-57.38623795,-65.6852437,-69.26240774,-66.82466689,-70.87920471,-69.77874733,-65.06442174,-52.1279301,-58.33112326,-67.78217443,-68.82748487,-63.30690918,-68.03371547,-68.66422995,-62.42822748,-52.38014217,-58.59284704,-68.73832706
3,2,-67.21483924,-66.32272578,-69.41352373,-61.60074416,-63.74972172,-51.41123231,-59.63808015,-67.32933135,-71.20904241,-64.46499006,-68.00738164,-62.99839927,-62.75051189,-51.59019592,-63.40901665,-69.32868441,-74.17716273,-64.13952399,-65.45159299,-63.20610822,-62.98343012,-51.18220108,-60.19659592,-73.77496254
3,3,-69.94303091,-65.7657267,-69.41196122,-70.11216043,-64.55839773,-51.58041979,-61.40456093,-68.5116647,-72.10984265,-63.40906705,-67.81264875,-65.80770227,-60.92602307,-52.83857388,-63.86437328,-69.42058246,-69.74881739,-64.9680416,-64.88190301,-66.62537003,-61.200827,-52.51937326,-63.31135937,-74.45147946
3,4,-66.14330349,-67.61581192,-71.66652421,-66.16743859,-65.7826665,-52.0206704,-66.32028047,-67.75572784,-69.50580648,-65.57493352,-70.13074541,-61.25613764,-61.35082506,-54.01887449,-62.10079617,-70.99156737,-70.16450508,-63.98345043,-67.50474679,-62.06718095,-61.50423075,-55.08134559,-61.1098544,-73.23228463
3,5,-62.2732306,-66.39500851,-73.54939577,-63.38547996,-65.44963992,-56.89861592,-65.70540314,-68.42277049,-65.483708,-68.44188766,-68.06061922,-63.24673822,-61.16295913,-55.91094288,-60.54583468,-69.59237765,-68.82839989,-64.73931738,-69.75942515,-60.64254154,-63.19380897,-56.71729355,-62.43246761,-70.39893153
3,6,-61.66077222,-60.8276218,-69.41942613,-57.5315015,-64.38863709,-58.43306332,-61.42300266,-67.38454902,-63.48670839,-65.60936023,-67.91237973,-59.77410319,-61.05175167,-55.35871342,-59.96022133,-69.63088813,-66.21901199,-63.95773099,-68.67817492,-65.90678211,-60.61484321,-55.79644475,-62.02505605,-70.75706056
3,7,-69.45664187,-59.33424546,-72.21418991,-59.33981748,-62.91549759,-56.79373381,-61.31693585,-66.51733886,-68.01001014,-61.3854393,-67.28469651,-61.20765493,-62.43866907,-55.43924569,-60.13735961,-67.64269385,-74.04460133,-61.22913807,-66.02105676,-63.24607589,-62.33628176,-56.39163352,-61.81666196,-67.29640535
3,8,-63.20702627,-59.83045594,-71.51164681,-52.96911313,-62.99049181,-57.57829795,-63.81528568,-64.77027946,-65.79726625,-61.97878577,-67.19907088,-55.73449679,-62.83644429,-55.68088949,-61.67003083,-66.84056868,-66.51330344,-60.03737466,-66.68680417,-57.07299427,-64.29381143,-57.43693446,-64.80064172,-67.71235518
3,9,-65.31290223,-58.35130554,-67.60030103,-54.22852271,-66.44263153,-57.85789467,-58.1421782,-63.59211905,-62.43151644,-60.4704828,-62.9476574,-58.32446642,-65.04414093,-57.02211679,-58.31804373,-67.47470224,-66.12760666,-59.68079988,-64.01585903,-60.61188675,-72.25040862,-56.91587373,-59.43750677,-67.84239832
3,10,-65.63241287,-77.87746461,-66.22962818,-56.7742671,-85.14909478,-56.62588925,-60.47351792,-65.10922905,-70.24974937,-59.43972318,-64.47662618,-57.57390563,-68.89389268,-56.75240039,-59.50135042,-69.46340856,-66.58899283,-57.86628325,-66.90055032,-57.41768972,-67.40945122,-56.17790211,-61.16621699,-67.85885167
3,11,-65.13351084,-95.82638964,-66.08118656,-56.13292301,-96.79845941,-58.41781945,-65.14820121,-66.05623357,-62.80894543,-62.03413895,-61.56959343,-54.80487622,-70.71100005,-59.43839816,-63.47145368,-73.19482341,-63.40026623,-60.45993846,-61.65692576,-56.37506347,-67.61317732,-59.70503131,-64.35144256,-73.77540538
3,12,-62.25923797,-58.43962703,-67.95971331,-58.02217265,-65.50523463,-61.19827851,-60.61544236,-67.40079334,-60.383686,-56.78091984,-58.94323157,-57.33391973,-70.92497151,-61.4569792,-61.58007453,-72.08203349,-62.62252172,-57.33146814,-59.99194647,-58.06347863,-73.48704811,-60.49074433,-61.47916288,-74.08844618
3,13,-58.60573984,-58.69228895,-67.47564829,-57.34649218,-69.11707703,-62.51740681,-58.39048122,-69.04868304,-60.35187148,-58.72435072,-59.73569378,-57.92738072,-71.09792255,-60.92234942,-60.16266276,-73.91710766,-60.89657678,-58.62580674,-60.78984832,-58.76275319,-66.74227518,-60.67020984,-61.66482001,-73.72631639
3,14,-60.0654303,-57.89907051,-66.78295133,-61.61984435,-69.41698378,-60.34396999,-58.42360165,-69.90923651,-68.40017295,-57.36899486,-59.81920687,-62.09510596,-70.09380214,-59.4589751,-59.79183297,-75.6536657,-65.45487339,-60.49126083,-63.57104192,-63.34547518,-68.59437246,-59.44158345,-61.34247812,-75.3323509
3,15,-62.33820237,-63.03091235,-65.15939932,-65.42672719,-65.02925179,-60.18079028,-58.61149012,-72.89086618,-61.73099903,-61.3742693,-61.21728083,-63.81712221,-68.82928755,-60.86632438,-61.92015809,-75.79782063,-61.93765467,-66.64287881,-65.04097233,-64.59364707,-70.73780393,-60.71623679,-60.86665751,-71.81944831
4,15,-61.92649574,-54.66117591,-64.68717266,-65.40369621,-67.23073914,-60.21583577,-59.05773755,-70.98822793,-62.98680743,-59.30834534,-61.78735961,-64.01507176,-70.24976813,-60.38173661,-61.41170506,-76.78294858,-64.06013417,-53.25868279,-63.64822978,-63.93039625,-68.51513631,-60.15308341,-62.12823096,-73.7672321
4,14,-59.85958507,-57.36186905,-65.38500869,-60.4415797,-67.04386835,-60.10414718,-58.29933212,-71.41661806,-65.40715298,-55.06282932,-59.18932894,-62.00326239,-71.25990145,-58.9956547,-59.95956155,-75.01964551,-66.77753482,-53.37222443,-60.232603,-61.38254603,-67.6043671,-59.78749736,-61.4290729,-70.65195402
4,13,-63.31720278,-54.70125078,-69.41222308,-59.64635738,-66.36132515,-60.21668916,-58.87507475,-68.28974047,-66.17437819,-57.33528789,-58.87563131,-63.223047,-71.61478567,-58.27765097,-60.23606477,-73.75313483,-68.49242213,-57.44819799,-59.02294798,-64.27689949,-73.51595293,-59.13973668,-60.78145359,-70.1563597
4,12,-62.54767044,-54.24773947,-65.87395802,-60.80813148,-66.19530384,-62.59934084,-62.34654904,-66.08913028,-61.31850862,-57.02897003,-58.44680935,-58.22479689,-68.69769463,-60.40165622,-63.028177,-71.51274412,-63.20044046,-57.45631264,-60.76444232,-60.49302432,-70.87683456,-60.09204883,-64.77319255,-69.37244489
4,11,-61.56504852,-56.72737752,-65.45448652,-58.70265259,-70.95524871,-60.76371675,-60.8517917,-65.5042962,-61.7798807,-58.31884462,-60.25222435,-58.94409683,-69.20520795,-61.07577132,-61.14674056,-69.41661097,-61.80039652,-57.79197022,-62.64521018,-58.64258406,-71.78727734,-62.26252088,-64.13952313,-67.3256099
4,10,-70.9168849,-57.39403167,-65.31914866,-57.83195941,-66.2319623,-57.23664512,-59.30761846,-64.38925136,-74.25096871,-60.78302106,-60.42109422,-63.46102929,-70.09166621,-57.51625714,-57.99181757,-68.43425731,-70.32029223,-59.5720427,-62.33925455,-61.66660472,-65.20366939,-56.64988897,-57.69976016,-67.00757158
4,9,-61.93951148,-56.5206622,-65.06080051,-53.39015331,-65.72113292,-59.75964338,-60.33836127,-65.66380452,-63.06707188,-57.98574919,-66.16424097,-56.24264723,-63.97131747,-58.605187,-59.10921904,-67.73161657,-64.29117943,-58.18571394,-61.62491194,-56.2564028,-69.20674869,-57.78018761,-63.95047188,-69.3034818
4,8,-66.2335387,-59.62571881,-66.47676151,-58.32177879,-67.13175583,-61.23586168,-63.64614043,-64.6255767,-69.667829,-61.58185445,-65.629064,-55.92094329,-65.43938726,-58.06944959,-60.61495378,-67.9488033,-71.32803981,-61.78774008,-69.49311404,-57.1367943,-62.28966913,-58.1742276,-59.06065299,-70.33699911
4,7,-63.43094702,-59.96530462,-67.30972542,-58.68184587,-63.40867201,-58.38703582,-58.94150532,-65.60054712,-65.74841464,-60.75709168,-65.1157036,-66.57509281,-64.63855794,-57.72160772,-57.51094579,-69.90608847,-67.49704827,-62.14718246,-66.62632034,-66.10232661,-66.64400974,-57.23995453,-56.88816604,-69.8236377
4,6,-61.11639997,-62.10938358,-70.00178096,-62.73426079,-64.67481252,-90.50950248,-62.74766961,-69.46276757,-64.78019674,-63.46560024,-67.13509896,-64.58494917,-61.49618475,-58.77130452,-59.04203091,-71.6792852,-65.91903702,-63.80492773,-72.32051352,-63.32515984,-61.71832998,-57.92424564,-58.88502925,-71.37943526
4,5,-65.23172127,-65.40011439,-71.57882759,-73.55677195,-63.87952496,-54.58012159,-61.45561868,-73.27415713,-67.41675154,-67.6561288,-67.90148006,-64.00355401,-60.16142515,-56.41563162,-61.86811167,-73.70057167,-68.10961924,-63.23117816,-67.13964517,-66.16271119,-59.23521442,-56.68606921,-60.67012837,-72.02839173
4,4,-68.43676294,-67.37640854,-71.21007156,-61.19913741,-65.29965049,-55.20761483,-58.39559381,-70.15169694,-70.74915194,-67.02674923,-68.55366937,-62.35931092,-60.3176142,-54.53741335,-60.20389839,-73.31080803,-69.91100894,-63.70809023,-66.73827718,-62.69300949,-61.47667266,-56.10912227,-59.72737174,-74.94001014
4,3,-67.10051035,-65.49815249,-70.74185651,-71.29392402,-63.12519635,-53.59709636,-55.16181689,-76.70594744,-70.22079246,-63.02814177,-68.4709267,-60.42188567,-60.03799093,-54.70746705,-58.23180293,-69.51664625,-68.62339557,-61.78493438,-69.81813905,-61.12655649,-60.0939179,-54.70755564,-61.37876143,-73.1413272
4,2,-66.78020527,-66.85387439,-68.69235396,-100.0,-62.35671821,-56.07597932,-59.4264934,-96.10309284,-71.64999783,-64.54885471,-68.89731628,-71.39916678,-60.68154658,-56.87659923,-59.47442559,-67.89455726,-70.26786431,-65.4268877,-66.81682263,-74.32465144,-60.24305134,-56.02915706,-62.6736045,-70.26655506
4,1,-65.46677282,-67.32189745,-73.33165822,-74.90426303,-64.7225478,-52.04602568,-57.43261126,-65.579011,-71.0557193,-65.99950296,-69.55132674,-65.04829505,-62.34131258,-56.96368015,-61.58323925,-65.57465405,-74.95816927,-65.39642552,-66.40193023,-65.16200281,-61.69249224,-55.98273744,-61.14790325,-66.02832614
5,1,-66.1195673,-67.42033808,-71.10291513,-65.51773111,-65.84293096,-57.84615367,-57.31636417,-62.26370481,-71.0896217,-64.99545868,-71.47138703,-65.77208348,-62.18240922,-61.97295105,-60.23596134,-61.59229449,-69.80869218,-62.94842595,-72.33965063,-73.08733861,-63.60898967,-61.56494134,-57.61014356,-62.42381883
5,2,-66.51243137,-65.03283682,-73.67255357,-65.63449822,-67.78473814,-62.01556963,-56.01828073,-61.74058317,-69.77015842,-64.01084213,-71.01759957,-64.63744394,-63.67585979,-58.70576227,-52.79458075,-61.65327844,-71.22763201,-61.75970723,-71.07212339,-66.34294492,-62.74257592,-58.43551983,-54.56645785,-62.95969651
5,3,-69.0392853,-72.80977956,-74.05126692,-63.46124933,-66.1182237,-56.11038129,-52.5346982,-63.03990396,-72.38366032,-66.09465313,-71.64484009,-64.61735328,-62.57856297,-55.84931227,-53.31312126,-63.10144151,-71.68492013,-61.63582409,-69.1556112,-64.04521247,-64.20075468,-57.0558099,-54.56406627,-62.15058419
5,4,-69.00541558,-67.1511735,-71.58736741,-61.85481535,-70.42855084,-56.20436348,-53.37140253,-65.64034486,-71.89855202,-66.00252803,-71.12854492,-62.76446435,-64.74401023,-56.80630479,-56.723309,-64.88231094,-72.95956897,-61.43230773,-70.10105046,-64.30254489,-64.91032097,-56.88051871,-57.17387037,-64.9918274
5,5,-96.84024308,-65.23119202,-67.63334684,-70.88046922,-69.5863662,-57.05000146,-56.60633085,-67.28649388,-70.15425553,-66.00179086,-69.19802693,-69.67648039,-63.28726192,-58.18616023,-57.94270013,-67.60014996,-74.68034106,-60.94716463,-69.71970334,-69.78911352,-65.9709313,-60.69213868,-58.95696207,-68.06540592
5,6,-88.36280614,-61.15057301,-66.1246387,-61.04770483,-70.26856953,-60.24316068,-62.02082151,-69.04497253,-65.59389884,-64.26361312,-67.26318009,-62.02456605,-64.24301167,-58.88255246,-57.96998371,-72.24475255,-67.15079034,-62.52090115,-65.25820571,-61.50557842,-64.59534574,-58.07697179,-59.45653704,-69.261603
5,7,-63.61068166,-60.56964888,-67.50442818,-74.25740835,-68.18441246,-62.16789356,-63.13572014,-67.03327871,-64.8379121,-64.04215635,-63.60965648,-65.98548449,-65.3780902,-58.51527512,-58.94251043,-73.48240393,-64.87832776,-61.91134082,-61.5463562,-66.90181351,-65.86428112,-58.54421434,-57.80097443,-74.63824968
5,8,-66.94786638,-58.00520241,-68.15423016,-58.21377656,-68.08462606,-61.61243565,-58.72189411,-65.74010951,-71.75984324,-62.65640616,-61.80462684,-63.24506904,-67.64057546,-57.69320207,-57.4114546,-71.35766071,-69.29988333,-61.43196157,-62.03662961,-63.6732379,-61.87324726,-59.29056511,-59.93616403,-69.6026298
5,9,-65.88895376,-58.6386637,-65.47920379,-58.67127501,-69.36976891,-59.29355024,-96.23173364,-65.64036079,-64.83491502,-60.40148374,-62.34142916,-66.46667726,-69.15902191,-57.8884335,-57.93980506,-68.31736629,-67.85369349,-60.64550381,-59.88215163,-66.58027387,-70.34137247,-58.70481585,-59.61004274,-67.22722838
5,10,-63.52568099,-56.53051604,-66.43057064,-72.35138342,-70.3471431,-61.57648096,-65.72610643,-65.20152307,-63.22073091,-59.0873043,-60.50450814,-59.95115754,-68.7617662,-58.93133512,-57.03179808,-67.53579159,-64.92343361,-58.78848734,-62.99811344,-62.28388639,-66.61263876,-59.96498657,-58.52740297,-66.67346993
5,11,-68.77786088,-55.86103863,-68.39664396,-58.9067749,-67.20584675,-64.15779558,-59.51637399,-64.18018414,-70.85494534,-59.00355468,-60.45869698,-56.36481449,-68.31128733,-61.06769141,-59.38428091,-68.5178299,-69.1515574,-59.25560404,-59.83700663,-56.60218091,-67.04211243,-62.50899615,-63.81381987,-70.28062436
5,12,-60.46509266,-54.89349834,-70.58919387,-59.85276646,-66.52445606,-60.50210503,-61.18649494,-65.86835716,-64.66900667,-56.85928485,-60.80828827,-63.59216329,-67.54069744,-59.15736422,-62.71777826,-68.42722918,-65.51976467,-56.12042561,-61.34396425,-65.38473794,-72.06984304,-60.31394708,-65.65387868,-68.54684019
5,13,-61.90696551,-54.33761549,-67.28552365,-58.76403829,-67.96761503,-58.9840547,-60.13283993,-66.7386642,-68.73504929,-58.26858594,-61.3196485,-62.55789267,-69.49944065,-57.89101091,-62.60586361,-71.03216307,-71.40643589,-54.0618624,-63.44160605,-62.65404103,-68.87232765,-59.33646167,-64.61821146,-68.16488963
5,14,-70.23390151,-50.51856837,-65.89391601,-65.52980807,-65.38588713,-58.86735695,-58.69821337,-68.16544709,-66.47749769,-55.09547978,-62.79320641,-66.22607778,-68.71497297,-58.41727504,-60.00235343,-73.11712256,-63.29062762,-50.98522519,-60.49960563,-69.95846567,-66.39659526,-58.18733265,-60.78564841,-73.05712743
5,15,-65.16797346,-55.61318121,-68.35902425,-61.74524509,-66.24228838,-60.5613096,-58.58305244,-69.02004683,-66.72798736,-56.38611303,-64.28173826,-63.80542432,-70.33456431,-60.16065496,-61.59824233,-75.98284243,-70.40375302,-53.95489172,-63.59099903,-62.22312675,-70.9783987,-60.16749103,-61.14409684,-73.53865958
6,15,-70.09327795,-50.85567104,-70.22203725,-65.30117726,-63.82419653,-61.01135768,-58.90354074,-70.27963245,-67.1280852,-49.74389416,-65.06443796,-66.38548892,-67.94701043,-60.50768307,-61.06681672,-72.4266581,-70.35271507,-48.41119552,-67.35845462,-70.27401875,-66.25202488,-61.77926737,-62.23585308,-68.50895199
6,14,-69.76950041,-54.63987608,-70.39064691,-61.28980484,-79.63241493,-58.35009175,-59.27567096,-67.64714357,-65.46349851,-54.90444108,-62.89232011,-63.47643265,-65.75190665,-58.63484933,-61.16539454,-71.45901567,-71.09659216,-51.64779896,-62.20417419,-62.14324254,-64.49107644,-60.47550738,-61.97481835,-67.41699514
6,13,-64.86201679,-48.23790286,-71.92454993,-62.7488808,-97.66032,-59.73562994,-61.04201105,-64.85102383,-68.59424692,-55.17398978,-63.13633802,-65.410703,-68.00997724,-58.69178456,-62.49555408,-67.48016103,-68.26436972,-50.426744,-65.20147432,-64.01239996,-71.29754833,-59.2864883,-63.21948252,-66.70457744
6,12,-67.01391042,-55.75790322,-75.12962966,-59.99814566,-66.49102298,-60.98954293,-60.09870199,-63.74224432,-69.37945919,-56.61109757,-63.49352976,-62.47364396,-68.93466731,-58.56513985,-62.07651267,-68.27810701,-66.45589015,-56.12550892,-65.56451341,-63.1930504,-67.55793589,-58.28655249,-62.18493338,-65.72812975
6,11,-63.94289052,-56.76844919,-73.46500957,-60.9934442,-70.12940145,-65.12784345,-57.56764362,-62.79001668,-68.15318148,-57.23699123,-65.18126759,-61.70594845,-70.89865571,-60.37274362,-58.82718942,-67.16848734,-65.65692424,-57.93297779,-64.43265195,-64.31302942,-74.40994071,-60.30289196,-62.66127094,-66.1292914
6,10,-62.34101087,-88.53770346,-68.25923448,-65.61268562,-68.12444925,-63.92105869,-57.40417163,-64.07787002,-65.23740109,-60.55608359,-63.12640709,-64.0754493,-71.04918978,-61.11103553,-56.48951831,-68.54945915,-69.15949724,-62.65996931,-59.04724985,-61.63273984,-65.77691822,-61.39329699,-58.42168143,-64.70421942
6,9,-72.50006643,-63.46101521,-68.50917642,-62.38850972,-67.97785918,-59.67580908,-60.75337925,-66.4900566,-71.51283009,-63.35417099,-62.87521897,-68.47522133,-64.54996436,-58.97073785,-57.65077397,-71.24063386,-71.07844064,-61.7769233,-60.28845178,-62.66027773,-66.07300515,-59.25880255,-60.14315165,-70.34468979
6,8,-67.19662662,-57.1376549,-66.8592009,-58.54958777,-62.45743649,-59.80831415,-58.86999702,-66.9810014,-67.64936211,-60.45313006,-61.76905312,-65.40669797,-63.35794486,-57.78330834,-55.12171938,-73.3385547,-70.17682892,-60.03715702,-64.28547724,-67.38768117,-60.94784409,-61.30675974,-57.88035629,-71.26669217
6,7,-64.32190299,-64.98503967,-66.32260786,-63.17563032,-65.58663846,-66.24902639,-65.02699373,-65.69294042,-65.41948571,-64.19570869,-64.43057523,-68.45820585,-62.22133661,-60.72746665,-58.99555692,-68.67365302,-69.74888101,-61.33081869,-62.94516337,-69.53756063,-60.90195987,-60.01032776,-59.345808,-71.96265404
6,6,-67.03634064,-64.21809566,-66.10003119,-65.82899109,-70.88469035,-60.01483722,-60.91596699,-65.2289149,-67.68159016,-63.41367267,-63.97062025,-62.04452012,-63.78192198,-59.99341667,-58.96404635,-65.04954271,-72.36170569,-61.00254531,-62.03152091,-63.52653795,-63.56917061,-60.18011413,-60.13561203,-64.27183579
6,5,-68.38642225,-61.95285925,-65.78515644,-64.09077366,-66.49522,-55.84857264,-56.42388858,-62.49332112,-70.85201585,-66.22633396,-68.9433007,-62.8325976,-67.8348599,-57.52456885,-56.69178821,-62.89942638,-70.3803075,-62.14236187,-67.28680414,-65.17560167,-64.33617537,-57.00092249,-55.96458237,-64.57540242
6,4,-71.20852761,-66.46638212,-71.35677197,-66.51272954,-69.91328311,-56.97214494,-52.98330061,-64.45499243,-72.57959355,-68.35232582,-70.67241567,-71.19116386,-68.37328086,-59.06179433,-54.58521133,-62.85257814,-70.46948685,-64.08448633,-68.78172234,-76.39773172,-65.5422456,-58.85822469,-57.83871603,-62.88586278
6,3,-66.68508321,-67.21947812,-70.4998518,-65.22117927,-70.65834473,-57.80403279,-50.68873898,-62.47306641,-71.85008999,-66.71262439,-72.99585312,-67.32579112,-68.71848808,-58.43312016,-49.61394946,-63.08342605,-75.10834499,-62.30664782,-71.35094584,-65.15169558,-71.51905936,-59.70543761,-50.38109769,-64.32050016
6,2,-68.31185762,-69.88396537,-73.32881197,-63.14074754,-70.74484255,-57.02933782,-49.24688931,-66.15879184,-71.87546321,-64.83110442,-73.05619461,-67.43396157,-67.31405244,-57.34914533,-51.0610555,-64.37242308,-68.8308489,-64.36689292,-71.92703776,-71.25431514,-65.2708566,-58.17358192,-51.46150051,-65.57252776
6,1,-66.32341044,-71.16751665,-69.48819679,-68.23327177,-65.93577625,-62.32459802,-54.30066807,-62.65758763,-70.35309383,-66.75347043,-70.72171329,-70.43633194,-64.34749407,-57.5216263,-53.94085109,-63.00715696,-71.80428599,-64.83469222,-70.89767794,-70.01082781,-63.64438826,-62.65527153,-57.04630609,-64.08062592
7,1,-66.20089162,-66.54159264,-74.11025583,-76.09064615,-67.15104852,-91.94780291,-48.0922253,-67.02060769,-71.5049067,-66.97780946,-74.10902661,-73.58851788,-66.66234684,-59.84840993,-44.0774931,-68.17395636,-73.05547072,-64.03348647,-74.01225523,-69.25623711,-64.10039315,-63.34054786,-45.43100274,-68.54689947
7,2,-66.95882476,-67.05448698,-68.54000829,-72.39267435,-67.91925847,-57.38173611,-46.42405219,-66.96677111,-71.98582922,-65.74692913,-73.32518725,-76.05045088,-67.006994,-58.84915319,-47.49048161,-69.20836745,-68.76478559,-63.14610883,-74.03128657,-76.63133282,-65.12171376,-59.76245044,-49.29170088,-69.68309065
7,3,-69.81300482,-65.20143302,-66.13029184,-67.12057543,-65.67268507,-55.99968245,-48.1267769,-97.47795283,-71.90773122,-67.64658494,-70.49633241,-65.35694648,-65.68649461,-57.66754088,-48.14506355,-68.40863394,-69.4704791,-66.1677317,-71.80240925,-68.21951605,-62.70711831,-58.93237998,-50.18290914,-69.92593416
7,4,-70.7739842,-60.63079969,-65.68752229,-64.46907928,-65.72483989,-56.36663029,-50.93185126,-73.95335946,-73.37183644,-66.23935747,-66.87464228,-63.92450681,-65.65637693,-59.09226259,-50.6643229,-66.39372302,-73.29694779,-61.06636662,-68.52488541,-65.37311658,-65.58210294,-62.54237608,-51.55440038,-67.50764052
7,5,-71.79430894,-61.57623207,-66.37461308,-68.70042236,-63.620737,-60.29470467,-54.19921715,-64.89637184,-74.96378442,-64.61623797,-66.50535291,-67.67703853,-62.09767918,-59.7956536,-54.742056,-63.65279163,-76.91441672,-60.89454526,-65.78875554,-67.16723805,-62.95916889,-58.92225596,-55.10771448,-64.74436404
7,6,-68.74313634,-68.90754285,-66.18348652,-66.45143442,-67.54549871,-60.77884656,-58.03337047,-62.45294447,-71.48396507,-66.53155713,-66.58885081,-69.52121,-60.31798128,-61.76018759,-57.67386864,-63.26568216,-72.91415312,-62.00468929,-60.18078605,-73.1311975,-65.2450734,-60.43334052,-55.87740052,-63.20760012
7,7,-65.74885931,-60.73191474,-68.81960226,-61.64461256,-62.44897203,-58.39443563,-59.57972637,-62.27487771,-65.83824896,-63.73586508,-65.40205521,-68.10618276,-60.3024155,-59.25714822,-57.31311957,-64.65621518,-70.13968675,-59.58368019,-62.50195416,-69.41518751,-60.62083866,-59.4013492,-57.71297523,-64.30638511
7,8,-65.0168172,-60.19342129,-75.53459194,-63.55907494,-60.3909949,-58.54073484,-58.24607747,-65.22447551,-68.20810924,-63.91125695,-64.71354409,-65.81556631,-60.92727745,-58.87778828,-55.73969009,-68.18743206,-69.68755844,-58.97472878,-63.64759146,-64.5284415,-60.91050424,-59.65296702,-58.0058888,-65.44811425
7,9,-68.25796323,-56.21140007,-70.60330701,-65.6773557,-62.05226176,-60.44691797,-59.58827797,-66.15846382,-70.60910035,-61.61713374,-63.85918361,-65.3912126,-64.17208337,-60.80055914,-59.22063286,-71.10910882,-70.71647035,-64.1837687,-62.92093528,-64.97904777,-68.66620843,-60.08849057,-62.86400676,-68.92030148
7,10,-69.14776743,-56.26377638,-66.17811542,-63.22711908,-63.87888006,-65.55939019,-58.37476992,-67.82628404,-68.04774485,-59.6326527,-63.15748433,-65.44817476,-67.60736962,-60.94706744,-56.49865112,-72.45943623,-68.24363157,-63.05453539,-63.62008268,-63.44528276,-66.84543358,-63.21259652,-59.16340703,-68.25581505
7,11,-67.9142622,-54.85806739,-68.50874146,-62.96240896,-67.30264588,-62.2179488,-58.58586586,-63.25999684,-69.64981491,-56.303728,-66.07249061,-64.54452335,-71.73939653,-58.62854222,-58.26201201,-67.30255104,-75.49712262,-60.38406845,-63.68658778,-66.00344977,-66.15375951,-60.77385676,-60.48990609,-66.9179136
7,12,-66.37959885,-54.53628954,-67.9904689,-63.25001726,-68.26792961,-60.23971378,-62.58887407,-62.6165689,-66.90130635,-54.53794858,-66.66837152,-66.68575167,-71.18345014,-58.31056094,-62.85705964,-66.09939201,-65.82620781,-54.97865358,-64.08153543,-66.91759104,-64.22981087,-57.70091387,-64.81207076,-66.16870165
7,13,-66.13473322,-51.08444471,-72.85434895,-62.28191341,-68.19661187,-58.6951086,-60.52493261,-64.91512079,-65.89280539,-55.12272461,-66.43424106,-63.46262158,-68.20954802,-57.91995208,-62.01193285,-67.09559785,-67.11732976,-53.42866194,-64.61253307,-63.99833088,-68.8984844,-58.91029151,-63.59119436,-66.02778982
7,14,-70.67212359,-49.33026681,-70.07547655,-65.53734189,-66.30831902,-58.77702685,-59.26116496,-65.78417851,-71.37618815,-46.62426948,-63.67091897,-67.06453635,-66.46277868,-59.29294043,-60.64279406,-68.27853109,-67.6579765,-49.5430917,-65.28429739,-68.48239674,-68.14360653,-58.36947461,-60.03343498,-66.97584598
7,15,-65.60158513,-46.33961375,-65.76688537,-94.78215919,-61.25419493,-60.57326142,-59.14338211,-66.49786732,-67.94231996,-45.92373279,-63.91628129,-68.121272,-64.00299658,-62.18907464,-61.22650681,-69.8239065,-73.04375666,-45.20408001,-63.41902077,-72.04012329,-63.57875169,-60.26557737,-61.60788513,-69.42610237
8,15,-94.5799525,-43.0276346,-67.74309608,-64.82792064,-62.01337502,-62.58226397,-60.18541652,-65.91654713,-65.99277079,-45.45387987,-64.3279937,-65.1726433,-64.35433513,-63.28155315,-59.72567925,-68.03683894,-69.90189881,-46.31549863,-65.71418288,-63.77351932,-61.79943641,-62.50231333,-59.92103423,-66.44211905
8,14,-73.48532304,-46.38779851,-67.20499575,-65.24923124,-65.16959804,-59.75030499,-60.3148526,-62.88680805,-64.89209559,-49.09125159,-63.68868615,-66.27823571,-67.66809572,-60.79748317,-59.96586851,-66.11027544,-64.13747055,-48.39813628,-62.38877662,-67.37236777,-72.97729814,-59.95745427,-60.05352094,-64.64463188
8,13,-65.57155407,-49.22494327,-70.39316213,-67.39109378,-70.13884247,-60.28265836,-64.21944834,-64.02191589,-67.82604451,-52.52395467,-64.31969008,-66.80643769,-69.59738792,-59.32269649,-63.10020721,-65.39026907,-72.08020343,-49.711828,-63.98944274,-69.16034923,-69.89376019,-59.95346402,-62.44581153,-64.7518443
8,12,-76.68373971,-53.49664494,-74.19362696,-66.00277366,-62.6662425,-59.99837128,-60.81794396,-64.88469404,-73.93584506,-53.35841117,-65.28805061,-66.74751342,-67.02432353,-58.67456329,-63.34611409,-65.67647423,-73.16166127,-54.38298195,-62.87407657,-68.12384973,-68.66088678,-59.83202302,-63.68708664,-64.1899105
8,11,-71.08590543,-56.2887156,-69.74153346,-66.83283528,-64.13630176,-61.31094228,-81.7515243,-65.66991924,-69.41852788,-63.07127232,-63.81933638,-65.83707552,-67.37406471,-60.10095217,-59.18083475,-68.51248705,-67.98705368,-66.07846704,-61.82186812,-65.13957458,-73.49494558,-60.55181894,-59.97106503,-66.41584125
8,10,-73.7815764,-57.30716483,-65.20079111,-65.70204607,-66.86498544,-62.86931615,-89.61980871,-65.33910121,-68.2824283,-64.04250353,-64.77410315,-65.12449587,-70.28623793,-61.5538571,-58.769743,-70.49534788,-68.64358006,-60.55853503,-60.96841759,-63.50042015,-72.03952361,-61.09607491,-57.98484104,-67.94222997
8,9,-66.75658924,-56.50001041,-65.62967428,-70.82705732,-69.39471899,-69.39266603,-58.19151008,-65.06684596,-68.98550647,-62.92251241,-63.25539671,-66.76667486,-66.3716106,-64.27241563,-58.49935698,-66.91608433,-72.54688576,-62.03445817,-61.6882684,-65.88529347,-74.1929861,-62.60970641,-58.31519613,-69.21381489
8,8,-65.54217928,-60.5284875,-68.85516488,-66.38476315,-65.98260682,-63.45035559,-56.40598384,-62.67215984,-69.63459476,-61.92605684,-65.20208768,-65.6543361,-66.55909315,-61.73697616,-54.89857201,-64.54690872,-72.89709887,-60.50524786,-64.46926293,-70.54737289,-66.32224685,-61.02010355,-54.8262032,-62.81481688
8,7,-71.5891555,-62.39267955,-72.67134776,-65.71587152,-68.78073495,-56.8678257,-57.68206111,-63.24541879,-67.75798186,-64.71438848,-64.6451217,-66.685075,-65.79914628,-59.98318847,-55.85855469,-64.55697852,-71.30816778,-61.54100226,-65.46621825,-66.27653578,-61.96286506,-62.17192195,-57.12578811,-64.35492726
8,6,-71.5027248,-67.16459784,-71.53175909,-65.37485552,-67.27702085,-56.82577043,-56.60291227,-65.02884973,-71.49790415,-65.32960388,-64.67162105,-66.66265369,-67.37847989,-59.08319468,-55.44399143,-66.30543059,-72.13927416,-62.93167795,-64.4214171,-66.79988914,-62.83284897,-61.0928925,-55.18957167,-65.10585452
8,5,-70.38179526,-61.97284435,-66.06225727,-66.07647177,-67.87096172,-58.5696304,-53.45726323,-65.53330642,-74.84068718,-64.80342603,-65.55764481,-64.35373331,-67.67509581,-61.22937646,-52.17660167,-67.30762026,-73.98320623,-62.70884636,-64.8613608,-65.68103929,-64.65884366,-60.11238508,-53.10728093,-65.3282019
8,4,-68.6555813,-64.08777399,-68.00366832,-66.62820999,-68.03914924,-60.25418614,-51.36866554,-62.98275392,-72.81339557,-68.67594124,-66.4783069,-66.94093044,-64.92844691,-61.53737192,-51.88012782,-64.68364365,-71.53013632,-65.28954316,-64.25336693,-71.03854139,-61.94991969,-63.63058417,-51.72226994,-63.48234035
8,3,-67.48401346,-68.52537505,-93.75540761,-65.84418967,-66.9613421,-59.68656043,-49.16279807,-61.21500136,-72.1929241,-67.61557984,-69.21685928,-70.82889776,-64.36221605,-61.02769677,-49.15173576,-62.31526984,-77.90390169,-67.64852147,-68.53969194,-70.35793132,-62.39437304,-61.02583993,-50.02514234,-61.79973796
8,2,-71.11061943,-67.77890724,-97.93557647,-69.61220384,-97.45387765,-58.7860449,-46.96244019,-60.34196399,-71.88355112,-65.51706566,-71.2790843,-71.36521509,-64.59712054,-59.9479494,-46.11270099,-60.84432603,-75.87647114,-63.85984631,-72.35561925,-72.16015589,-61.9642361,-60.62767411,-46.67021588,-62.27973185
8,1,-68.24779518,-66.29132229,-73.28443633,-68.80530563,-75.93909138,-59.96812355,-40.06006086,-63.05616018,-73.63071502,-64.8265688,-72.71668718,-70.20303204,-64.43125917,-61.20680555,-38.85333401,-60.92034237,-76.12862226,-62.76432208,-73.45435004,-70.56482399,-62.24214074,-60.14100011,-39.63019175,-62.59214534
9,1,-69.50422036,-66.75932579,-70.01014809,-71.94695749,-60.92317781,-61.82810091,-42.13772663,-66.28425206,-73.60289993,-69.54367621,-73.33548482,-68.96281365,-61.11977654,-61.29514706,-40.27219963,-64.83357032,-76.37905689,-63.92267917,-73.28316056,-73.61633072,-59.12402356,-60.40054211,-40.89066535,-64.44965818
9,2,-70.7474495,-66.63516835,-67.91740872,-66.45632599,-64.45733097,-58.6894328,-45.37805802,-64.76633857,-73.37578997,-70.71904285,-69.97083408,-66.9446716,-63.48595546,-60.62148311,-46.29152138,-64.24262884,-76.52417752,-69.9991393,-71.64950491,-71.57460736,-62.01598722,-59.88131483,-46.93251467,-64.41455742
9,3,-67.4188833,-67.19256579,-66.61706741,-65.54490939,-63.75026933,-57.10355484,-47.27182302,-68.21630948,-71.87956556,-71.79956615,-67.97534486,-67.65401795,-62.64063589,-59.73627226,-47.44455411,-68.07690463,-83.30946246,-68.34383913,-69.64148394,-67.53341809,-59.87328164,-60.55482049,-47.91529502,-69.65735805
9,4,-69.63558206,-76.84273686,-65.93332386,-65.6907217,-61.29149847,-56.78445688,-49.70090328,-65.16730196,-73.12888956,-68.26072293,-65.52961836,-68.70299394,-65.35077959,-60.81199599,-49.92469464,-62.9673904,-69.15838225,-68.97966967,-64.20961545,-71.80337957,-63.52935292,-59.8052768,-49.70188637,-65.36896878
9,5,-71.00049947,-96.24392232,-67.01246807,-66.45077391,-63.78215616,-56.47085867,-53.29495839,-62.19095479,-72.94412825,-64.92951078,-64.85619899,-70.7359801,-66.48321207,-60.95027636,-53.416846,-60.82323529,-70.65674311,-64.16137896,-63.49361765,-68.84132552,-64.95991941,-61.44782268,-52.76491676,-61.16415899
9,6,-70.23303217,-65.83693986,-70.34598418,-65.52833436,-63.8656635,-58.16452108,-55.59328523,-64.00875866,-71.14811561,-68.46008985,-65.95397814,-70.82440742,-68.91383524,-61.53022332,-55.41346564,-66.33478261,-75.01109855,-68.87781316,-64.34619592,-70.09783752,-65.83257454,-62.36604034,-54.24141053,-66.0585469
9,7,-75.17590418,-60.76373318,-66.41765266,-69.20228762,-67.96201636,-59.9568575,-55.83938287,-67.38923276,-70.34989698,-63.0286936,-69.29207857,-69.8933404,-72.47117325,-63.37287153,-56.37046993,-69.08801206,-71.37433579,-63.53613099,-66.60944695,-67.20317337,-67.06950219,-64.99171282,-57.07508933,-67.67393291
9,8,-74.881433,-58.85917752,-62.00772326,-72.5356263,-68.40276814,-64.8495653,-55.95783221,-63.21329008,-72.26974743,-58.25573989,-66.95473733,-66.44989978,-70.27392369,-66.26266968,-55.21058001,-64.48779261,-72.55666178,-60.73045226,-69.63974615,-66.42437314,-71.03480002,-63.34278279,-56.36373124,-63.19297724
9,9,-69.87229643,-62.41269897,-60.76455804,-72.47819105,-64.00323001,-64.18126147,-58.80954174,-61.57808756,-73.16369253,-63.38041832,-65.3132852,-66.18721665,-67.82785855,-63.24074902,-58.15442926,-63.37683756,-72.12703813,-63.07263027,-68.80066816,-66.98113539,-72.72661195,-62.6979377,-61.26855292,-62.07228077
9,10,-69.4084079,-65.74174289,-64.42549962,-70.53552895,-66.55889352,-61.86554827,-57.70304497,-64.20215491,-67.93773739,-60.75032907,-63.01412066,-65.60791139,-68.63519785,-60.2964269,-58.34442611,-66.9203778,-70.22006225,-66.17697283,-64.90413305,-69.78815526,-69.80215345,-62.1523275,-59.46014687,-63.86655621
9,11,-67.07777959,-65.76087996,-65.0303909,-70.28401988,-66.40052073,-93.87529835,-57.85630848,-97.25972837,-65.94453915,-62.06089715,-61.59165499,-66.48937481,-71.37290368,-60.35620973,-58.91424982,-68.80208213,-66.34039873,-61.51124346,-61.03825466,-63.93074789,-69.43661161,-61.1322789,-59.6246046,-64.37148409
9,12,-65.76507156,-52.72181185,-61.15108722,-64.32569633,-63.85836525,-58.88480767,-61.3150102,-83.18679682,-66.78633727,-60.42774198,-64.03802661,-65.07847153,-67.13669442,-59.65348247,-63.35443883,-65.79763289,-65.22475126,-60.42960012,-63.20447037,-63.65177197,-65.67602715,-59.54960631,-63.75876127,-63.90298108
9,13,-68.04664976,-56.77255321,-63.32096388,-62.56295063,-60.39486834,-60.27154366,-65.31276076,-62.24817327,-71.24801748,-60.04622117,-64.0539679,-65.19984783,-63.54061014,-61.41381573,-63.35530005,-65.17528443,-72.39382466,-59.15548291,-64.32296652,-65.88601137,-66.49628031,-62.80715435,-62.12152465,-64.03551907
9,14,-73.28736531,-53.60818695,-71.4847178,-62.44545028,-63.14517696,-61.93187356,-62.0474197,-62.50359566,-72.59748751,-57.43075977,-64.98151764,-64.23736068,-66.32664322,-63.62283526,-61.45304414,-64.73077593,-71.10509967,-54.36741343,-61.78948921,-63.6699856,-66.75346148,-63.51125433,-59.18664679,-66.56808103
9,15,-73.21269182,-55.06485437,-67.67650955,-63.74561072,-63.79828887,-63.71247433,-60.95685466,-62.34018492,-72.10625344,-56.37961977,-65.26750451,-65.26547468,-66.721365,-65.26287591,-60.84289009,-66.94727535,-69.55715391,-54.35422512,-63.07735615,-65.24532248,-65.60396955,-63.85541041,-60.11013719,-65.08107671
10,15,-69.02151426,-59.15363087,-68.61047068,-65.54822974,-64.25573198,-65.64927431,-60.48046197,-62.53439269,-67.27552432,-56.66849273,-64.16089718,-69.30768538,-67.68322616,-67.83459854,-60.51289169,-65.69752886,-68.77345736,-58.91454936,-63.8703911,-71.20359291,-67.54415866,-69.19762634,-60.49188052,-63.50050472
10,14,-67.29074291,-54.80144193,-65.99248709,-64.50676236,-60.35824911,-68.20251382,-61.316747,-61.19888913,-68.35532562,-56.16679432,-63.44488659,-67.83111348,-63.9103779,-66.79546398,-60.81328668,-64.36814456,-66.15702617,-61.60836768,-65.93674419,-66.63630105,-61.88968687,-66.5844173,-60.96419731,-63.65695164
10,13,-65.86222119,-50.56042916,-66.10160935,-63.00697131,-63.35711216,-62.46477331,-63.13335631,-62.19636427,-67.13177176,-56.45456993,-64.45861813,-65.28454985,-64.97656275,-64.5501102,-61.57705546,-65.05197267,-65.74463399,-54.44650129,-63.15601829,-66.90653816,-68.23238155,-63.06905157,-60.74711088,-64.24630884
10,12,-65.50826714,-61.41862434,-60.88053677,-62.7053572,-67.11205963,-61.55528666,-62.35439039,-64.88975026,-66.78300733,-64.48044086,-63.07068692,-64.65849411,-64.14955953,-62.70796685,-62.76353674,-67.2090291,-67.72630112,-58.53814758,-64.14092669,-65.21093982,-65.60353178,-61.59136001,-62.68778291,-65.30612492
10,11,-67.4256915,-67.46980821,-59.89628143,-64.00908918,-65.92979264,-58.8484311,-57.96222327,-65.4251721,-67.95515367,-60.26429305,-63.29082026,-63.80004702,-66.14855006,-61.14038972,-59.11872348,-66.38013131,-66.5554114,-65.07618624,-61.67568923,-65.05299481,-66.92419953,-60.90198353,-60.12602669,-64.35501291
10,10,-71.08678172,-60.6128723,-65.40214303,-64.41157052,-64.7063949,-59.90253717,-55.66199183,-62.1309099,-72.93358286,-59.62017701,-64.20292609,-62.32658495,-66.79127018,-61.50073789,-56.6259628,-63.88958196,-74.00166594,-61.90099466,-61.4769217,-66.10992002,-61.13227419,-62.18486611,-56.6061964,-61.32921959
10,9,-78.38384597,-66.78376499,-61.74116249,-66.02518663,-62.02358653,-61.34431491,-58.08163998,-62.14808611,-73.72834979,-68.28478516,-63.26273894,-61.9956813,-62.03512765,-62.99466941,-57.88874716,-63.71621893,-71.58922893,-71.95805141,-62.32895096,-64.96348838,-61.97621057,-61.26125584,-57.405345,-61.22253084
10,8,-76.50709008,-59.52466426,-61.02964088,-64.13589822,-65.47645856,-67.89157282,-55.99830781,-65.36780011,-73.12761248,-59.31735509,-64.14730884,-62.94088862,-66.94722008,-65.5042142,-55.09320747,-67.03090386,-74.05704704,-61.14923418,-66.87686944,-63.04813916,-63.04045835,-64.21439797,-55.64664845,-62.41515285
10,7,-72.2916723,-64.63818824,-64.09473483,-67.65819439,-59.7549482,-64.11058845,-60.95993068,-64.2963299,-71.08945114,-66.11200498,-67.93250193,-64.25827038,-61.52884659,-67.21593894,-57.58564211,-67.30657259,-71.24407257,-70.10759458,-63.49768708,-65.91541367,-61.16580715,-66.30198524,-58.4652669,-67.51775613
10,6,-70.61422761,-61.15602943,-69.11419489,-64.3412795,-59.83685158,-58.93679512,-57.68027202,-61.93908285,-72.7691884,-65.1871816,-66.07227576,-68.25548545,-62.18670708,-64.98277955,-56.20043615,-62.02711662,-73.09295247,-66.63268926,-65.6643606,-68.77205342,-59.29420896,-64.06344337,-54.87191894,-60.77494715
10,5,-70.66372042,-60.42315406,-71.64227703,-65.60223635,-59.87024057,-59.8087534,-52.89301056,-70.15750347,-73.2059573,-65.41594959,-66.37667574,-68.43627556,-62.90374738,-64.44610375,-55.75172675,-64.42945023,-75.43746449,-71.32304868,-64.66649114,-71.82276131,-60.31268229,-63.36574798,-54.0683997,-64.82051173
10,4,-69.54169065,-62.71282578,-65.35201862,-65.80248677,-58.38091923,-57.95849077,-51.42457287,-67.27626132,-73.56889761,-70.08711615,-65.50224364,-67.87217636,-61.41499539,-62.11310856,-52.84144851,-65.55425413,-76.44601181,-67.63687683,-61.71844515,-68.03507578,-60.96519576,-62.64559032,-53.46967754,-62.2977018
10,3,-85.98309331,-67.29809415,-66.92557426,-66.23855979,-61.60629704,-56.99404127,-51.48978641,-65.59786361,-73.23636042,-72.07442245,-66.62991588,-69.22728991,-62.55251567,-59.50912855,-48.76764285,-61.3682072,-72.4467578,-69.4517062,-64.68071217,-69.39054513,-59.54965715,-59.77464198,-49.0645087,-59.57749076
10,2,-96.47820213,-64.5432533,-66.72238761,-72.69642299,-64.4795641,-57.19783042,-49.41437651,-72.32732693,-72.1352677,-70.24375181,-69.72191687,-69.48950116,-61.692221,-59.39196739,-48.69760351,-62.63917432,-76.1213996,-70.82058283,-68.52012447,-70.69879648,-60.26215353,-59.43066883,-47.12057931,-62.75923374
10,1,-74.73422141,-64.1515922,-70.0966812,-71.27683366,-62.52581223,-60.2892479,-48.93153186,-64.71749684,-73.4758353,-68.60965206,-72.03970988,-72.26150711,-60.30979531,-60.65650945,-48.42433706,-66.19680141,-77.16561397,-67.09730611,-72.85937367,-71.74122871,-59.71751193,-60.41080721,-47.7083336,-66.15587379
11,1,-76.25674371,-65.7691302,-71.83351045,-69.40966126,-59.24642422,-60.54251994,-51.94496184,-61.37456275,-72.38313189,-70.65695331,-70.16392832,-72.78750736,-58.00186027,-63.13644648,-50.73844827,-65.61301044,-74.47582006,-69.34488019,-70.46720049,-69.87986542,-57.93654452,-62.62768714,-51.39500435,-63.60092366
11,2,-72.3989643,-64.35193692,-68.42788893,-97.0965373,-60.27729363,-61.00300228,-49.77296771,-65.63370574,-70.87048521,-69.80339634,-68.93229565,-73.10875075,-60.01406472,-62.76562484,-49.7629449,-64.76796186,-73.15159069,-66.27422658,-65.5412821,-71.37114605,-56.68382854,-64.96628511,-49.8936171,-61.5592157
11,3,-69.66614646,-65.98819188,-70.08337253,-97.81211984,-58.65233622,-60.52196543,-54.56247361,-60.26078769,-72.04042328,-70.00331728,-67.67498944,-72.22777632,-59.53729281,-63.90637193,-50.44724289,-63.06959208,-72.88125972,-68.29620427,-65.71815192,-75.5332108,-58.45780952,-62.76992274,-51.28298902,-61.14433926
11,4,-70.47430296,-65.38640539,-69.0886857,-71.24560809,-57.00528058,-60.52947605,-51.53985919,-68.29312155,-74.74977756,-69.01919449,-66.93110596,-72.97363833,-61.97121535,-66.2444956,-52.72714918,-64.81769223,-71.94667647,-70.83201481,-66.76123597,-72.38382695,-58.61414234,-67.33498285,-54.17196543,-60.40666782
11,5,-70.41441875,-61.48070216,-68.84910949,-69.19348496,-56.97073938,-61.78466899,-57.56159201,-61.70731466,-74.60062686,-66.86728225,-66.36384032,-71.88555112,-56.10460041,-67.7827334,-56.33399032,-61.3877424,-71.79553192,-69.33038058,-64.47407318,-72.7882562,-55.15479264,-68.41641641,-55.34310136,-60.06523018
11,6,-71.79552415,-60.68591221,-69.61488433,-68.48370416,-60.51740878,-62.08893859,-58.75039374,-63.72996924,-71.28930662,-67.17509831,-66.70385676,-69.35213929,-58.90526686,-67.59269854,-57.10182721,-65.2179532,-70.26189671,-63.86939007,-65.10672092,-71.70065132,-57.66591442,-68.22777089,-55.60406882,-64.52727846
11,7,-70.77037846,-67.51258486,-65.76856894,-67.23936387,-59.85808308,-60.99498062,-60.61692425,-61.48810621,-70.21159438,-72.75514142,-65.40280179,-65.39150039,-65.1179008,-65.09313021,-56.35397735,-63.41998641,-70.80707622,-69.57188077,-65.07949441,-63.73255627,-61.8897194,-61.86601742,-56.45179498,-60.87588412
11,8,-70.12279834,-60.79359956,-63.86677616,-66.10930006,-88.7160734,-61.48210463,-57.94651397,-66.2437155,-69.97169728,-62.50950278,-61.41936712,-63.79886061,-65.55344721,-63.5673512,-55.46719892,-66.77594107,-70.56666414,-62.62466526,-61.59614649,-67.96071907,-62.77821666,-67.99543471,-56.19239187,-64.19306979
11,9,-72.94285757,-64.20175959,-64.90821062,-67.60009715,-61.00778464,-59.87365073,-58.80369361,-64.21359426,-71.25466499,-64.28019299,-62.89040478,-62.54689734,-60.39167958,-62.6006917,-56.83903274,-63.34787675,-70.46523291,-65.15869248,-60.90289022,-62.92880856,-58.65648363,-63.08877322,-57.13455602,-62.69424784
11,10,-72.98235908,-60.32109566,-59.71444708,-66.72733288,-60.47719817,-61.19274421,-55.89965131,-61.99756425,-74.02404688,-64.27600069,-62.69790786,-63.58893046,-58.6371484,-62.2304366,-56.26541872,-62.0831428,-81.83861262,-63.65727261,-62.65110359,-63.96409758,-60.03120541,-62.06818697,-57.03043555,-62.21573345
11,11,-74.27599996,-69.47607196,-62.27649508,-66.70923493,-62.2814902,-61.90310132,-58.91114122,-62.63773966,-75.62299622,-64.39398807,-60.04380538,-64.949384,-64.45384839,-62.60363828,-59.96668466,-63.95191957,-76.36904505,-65.5130769,-60.67684976,-64.9447131,-68.92905148,-62.4502484,-60.23336701,-63.97474027
11,12,-70.4356662,-61.10546049,-91.43701505,-66.55273069,-68.3695514,-63.17978704,-63.6850518,-63.01340647,-75.76048819,-59.13082283,-62.20207263,-68.39637639,-65.66596252,-64.6377261,-62.94422717,-67.28215034,-71.8649285,-59.70684168,-62.02929409,-68.08408577,-64.97522965,-68.47397686,-62.88119312,-66.62569295
11,13,-67.14909607,-60.03963087,-91.96255677,-69.9817223,-59.66980134,-66.21533871,-60.36878767,-62.95838217,-72.10841356,-59.75891119,-59.1838833,-70.43538809,-62.16852336,-67.873379,-60.21065243,-65.63179339,-74.80367672,-61.24134726,-60.76970523,-72.55405614,-60.51912655,-64.42854402,-58.89500214,-65.44753481
11,14,-67.67459272,-57.12213008,-62.33546595,-66.47746277,-61.46051944,-68.40453498,-59.65912347,-61.58319469,-68.78859162,-61.55939496,-63.74833043,-72.24098427,-65.54076057,-70.47504886,-60.01990472,-64.4553012,-67.7841837,-59.93855051,-61.53082767,-66.22556387,-64.90642872,-67.98881219,-58.68214903,-65.7595212
11,15,-67.54791639,-58.34636543,-59.5651419,-68.20302033,-59.71528791,-67.45278904,-60.87586275,-61.48161392,-66.36214338,-65.0234513,-60.61071952,-72.31930168,-62.91078726,-67.66994108,-60.25610441,-65.85284848,-65.99730294,-61.64840644,-59.80177322,-70.55070039,-59.37298149,-66.60996793,-62.82208138,-64.89708505
12,15,-67.23200398,-63.05760964,-61.64216313,-65.29832065,-58.68138286,-100.0,-59.09705444,-69.33372274,-68.14040535,-64.06722618,-52.21121765,-70.23767179,-59.98241416,-66.97140209,-59.66154626,-64.37858678,-70.3110449,-59.28603702,-54.83748012,-66.61513713,-58.89793086,-68.04873586,-60.27679239,-62.7066184
12,14,-69.75585261,-64.39740883,-63.74851537,-65.55212644,-62.16067068,-68.67314632,-58.84218723,-62.10478039,-70.63543358,-63.82071286,-55.25647113,-71.19456994,-61.20924948,-69.32783016,-58.66594591,-65.17368405,-72.67671463,-61.96112759,-57.18073467,-72.12481746,-62.38726582,-69.8323711,-59.69179343,-66.28028562
12,13,-74.04586553,-60.40744521,-54.61636096,-65.05185929,-62.99884053,-68.471508,-60.23903023,-62.46385887,-71.92217302,-59.75919195,-52.43194313,-70.10132598,-62.56605206,-68.96547386,-59.11741302,-66.24318622,-75.55564806,-65.74450912,-55.12374789,-76.70509133,-65.85203473,-71.21040141,-57.95471403,-67.81552377
12,12,-70.86648655,-65.48896346,-60.45929474,-65.25991414,-59.92958033,-66.58228946,-63.07108918,-64.82414466,-74.83412268,-62.99943031,-58.18699999,-69.126651,-61.05682724,-67.13214509,-61.36573738,-67.70322681,-72.65954443,-65.24721931,-59.66374577,-71.04190113,-60.30293071,-66.32046898,-64.03582419,-65.79165805
12,11,-72.00124314,-59.42942653,-60.67827684,-66.17594111,-58.97312847,-63.9908936,-64.64725156,-62.06526296,-73.25232472,-61.75962956,-62.30004103,-67.48127275,-62.1892615,-66.67276885,-61.3132892,-63.2551632,-72.18268735,-63.69379577,-59.86170801,-68.71953335,-68.31990598,-64.71811532,-60.13510834,-63.33051732
12,10,-71.6922801,-70.17608994,-58.8768656,-65.75653621,-58.66638781,-61.83202293,-58.43350662,-60.44346942,-72.89872306,-74.48260234,-59.80566059,-65.91202874,-58.84576702,-65.81886156,-57.08138259,-61.9113112,-69.42676812,-71.61683956,-59.08407651,-68.28413584,-60.58335484,-63.23420606,-59.01971788,-61.04239794
12,9,-70.91161294,-60.41943136,-60.77153324,-66.63566899,-65.66470525,-59.59090795,-58.42954971,-65.46930335,-69.64567747,-62.04063575,-63.33187233,-64.66911334,-65.85502619,-64.22582197,-57.04372808,-66.93449608,-68.27369612,-64.9430759,-63.30063518,-67.40395436,-67.29597595,-63.68437598,-59.60714582,-65.23304607
12,8,-68.06567985,-64.62251081,-66.79965198,-67.21699674,-53.31148752,-59.82862426,-67.96608787,-60.39012906,-69.75935817,-65.8338333,-61.1497573,-66.27818949,-54.1023826,-63.82973529,-57.72841544,-62.79059592,-70.25352572,-64.54848622,-61.24223271,-72.68924123,-51.22945161,-63.22246416,-59.14593359,-60.40299413
12,7,-69.39816071,-66.72778283,-65.62932672,-75.71872231,-54.28184367,-59.85734992,-60.78517681,-64.84145672,-74.4978934,-68.82577678,-64.53920016,-69.27782131,-55.30385805,-64.62658729,-56.53121701,-63.88442993,-75.6735194,-67.60003884,-64.81073048,-67.26922434,-51.9915094,-64.63829631,-56.9917399,-62.84777961
12,6,-67.40930281,-60.1650382,-68.117145,-74.20522314,-56.95708373,-57.92580687,-60.54164114,-60.79816327,-71.21136382,-64.60271676,-67.87564518,-73.82972116,-52.27526148,-65.96634188,-58.75378316,-61.75936431,-67.84764709,-64.78363958,-65.66464409,-77.4339993,-55.25384507,-62.75704703,-57.19731057,-59.6370672
12,5,-68.66494929,-62.56930213,-72.05169872,-72.51501009,-51.89138851,-59.03418941,-55.92753168,-64.72697361,-74.91077135,-67.44318778,-66.31859726,-72.06553152,-53.35701274,-67.93216023,-58.64180851,-64.56171781,-74.56455577,-66.96758111,-66.60585144,-80.11335231,-51.97006888,-66.62601169,-56.83739969,-63.80882018
12,4,-70.23731871,-67.28254204,-69.62987042,-69.80983172,-54.65395084,-62.78947053,-59.86861871,-60.04623055,-73.93285252,-70.39818166,-66.65767186,-73.34273069,-52.95574427,-67.37148316,-55.09942914,-60.0250192,-73.74475152,-73.02447561,-63.69009971,-75.11532781,-52.28851701,-69.39615742,-55.02316001,-58.5032489
12,3,-72.81952472,-66.00011225,-74.2291571,-68.8016593,-54.32121664,-57.35620223,-54.92663861,-57.381474,-70.3022874,-70.8270104,-67.23322528,-72.7394034,-55.53920841,-64.82102058,-54.92269896,-61.74971682,-73.37573626,-68.50521152,-66.13355041,-72.35583303,-56.2930977,-65.72442249,-56.0331771,-60.25188629
12,2,-78.46696086,-66.50314027,-74.30539083,-68.07184766,-55.87807224,-58.49111553,-58.09768867,-55.26331581,-72.37857858,-70.72932749,-69.06312627,-72.6617384,-57.21619923,-66.62918502,-55.33759904,-62.40800361,-72.80761474,-68.70568981,-68.28976214,-75.32056939,-54.58207993,-67.28086891,-53.7479377,-64.45766135
12,1,-75.03624606,-63.95418312,-73.3152372,-67.14151337,-61.53237756,-59.81604412,-56.58156131,-61.77468742,-72.38777265,-70.22838088,-69.35713309,-71.18644794,-57.07327035,-66.23915177,-54.51957693,-58.02884851,-72.96344783,-66.63264743,-69.40612224,-70.09190663,-55.77521541,-63.78541422,-54.49063938,-59.10932765
13,1,-79.84480544,-65.09915382,-73.44535989,-69.10665622,-57.7409483,-58.78193239,-61.79128685,-53.21976814,-73.02140433,-71.44408996,-69.07481286,-72.54733276,-60.05788587,-64.11216502,-61.41624868,-57.40766586,-77.56639111,-66.96984022,-70.79577438,-71.84081712,-59.54563914,-64.88815016,-58.77535925,-56.27583611
13,2,-79.72982375,-65.37363977,-72.54436847,-69.59209073,-57.83046656,-58.40453363,-58.88347881,-53.20911973,-72.12845892,-69.58067158,-68.43408823,-71.43934597,-56.1852154,-63.86855926,-58.43372099,-54.86844418,-71.71280675,-67.59350426,-67.64663501,-71.81382257,-55.97701641,-63.43185222,-56.17329278,-54.15666781
13,3,-75.08084549,-66.92865882,-74.40981295,-68.6807955,-54.57004604,-58.10401487,-58.17521634,-52.0304942,-70.68842105,-71.20037985,-67.77217394,-71.90367909,-56.54473768,-64.81821537,-54.63492568,-58.79414399,-74.60377627,-69.9942822,-65.41939098,-71.82672435,-55.45800669,-63.79593354,-54.80055849,-57.66515564
13,4,-74.38709651,-71.32455012,-80.784123,-67.10230816,-59.62507964,-58.19347356,-60.2210673,-56.20943997,-71.68174509,-72.76341463,-68.10334035,-70.42478264,-54.07539169,-65.36449104,-57.7940511,-58.76463084,-71.56101818,-69.7498301,-68.42375673,-71.29498459,-54.75744104,-64.79155385,-55.75988144,-57.84468968
13,5,-79.48268929,-66.2911745,-69.66395183,-67.32382506,-50.09252072,-58.6396115,-58.19542316,-57.45566474,-73.27099516,-69.71501558,-66.759239,-70.532858,-54.85384605,-67.7737524,-58.2507454,-59.81141967,-73.01777045,-69.55820599,-66.25834295,-74.33036874,-53.3826762,-65.51361235,-57.07595334,-58.22418674
13,6,-100.0,-63.50079975,-68.47338978,-65.51349646,-54.96815626,-59.17355461,-61.00751412,-65.12214412,-73.94399648,-66.7392996,-68.54138656,-68.89115883,-53.15904656,-65.65893727,-58.32508235,-60.29488576,-73.6022228,-65.87572933,-67.1349411,-69.83931366,-54.98235993,-63.91895594,-56.29726089,-59.06526691
13,7,-75.17389042,-62.79560579,-67.19742633,-63.5312485,-48.11724435,-59.37186236,-69.5331975,-62.12914626,-73.22711549,-66.49501635,-64.16636409,-68.26201237,-63.56492087,-64.86003463,-57.99869481,-64.09476052,-77.59981568,-67.55005375,-67.33595413,-66.57527717,-57.4834814,-63.84403496,-57.04049448,-61.59628193
13,8,-70.39516006,-63.34730512,-63.85497454,-61.7178906,-53.64393872,-60.6085238,-59.31358766,-61.23960028,-70.78295537,-74.23587251,-62.08237822,-67.33272937,-53.97397169,-65.30907145,-57.30813556,-60.68064157,-72.87218859,-73.27067838,-63.10735999,-69.05968031,-52.33241081,-66.27020045,-58.57883586,-59.87611487
13,9,-67.05203627,-75.14068821,-64.06548527,-62.72141591,-55.50323984,-65.72061308,-60.71939193,-61.4361099,-71.03663534,-63.58668846,-63.68622006,-67.17920544,-61.42342462,-66.16349324,-56.23717838,-62.81941084,-72.26487694,-63.15160339,-62.929756,-69.49083595,-60.12065777,-64.06452362,-56.98501179,-61.75576875
13,10,-67.32163505,-61.02346043,-60.56685656,-61.74537307,-51.52882415,-67.33205826,-70.59468303,-60.78236309,-69.29327308,-62.43533717,-61.16488915,-68.29063009,-55.21477709,-69.71012564,-58.03379307,-62.46882579,-68.47653443,-63.87764877,-60.53438268,-70.90547667,-56.80479539,-64.33452049,-57.78533764,-60.26440336
13,11,-67.728005,-64.22367075,-57.58675381,-62.99525445,-51.6287678,-70.90291983,-63.38594088,-60.55253102,-69.10709132,-69.55171789,-59.55682548,-67.96165021,-55.29332647,-68.99199722,-60.11414287,-62.5387995,-70.72853387,-71.22563582,-63.48111958,-67.55920525,-58.41848631,-68.93715341,-61.8941843,-63.26659763
13,12,-93.30001969,-69.16146423,-60.39042196,-62.70745973,-53.12280228,-68.81021509,-58.65636913,-62.23644735,-67.26318791,-66.19666088,-55.33167947,-69.86197106,-59.42273047,-68.31232317,-59.614818,-66.07860711,-72.15862849,-69.98856611,-56.0159823,-71.1272194,-61.87904596,-68.64199726,-59.57995637,-66.08223473
13,13,-66.72187986,-68.60949704,-56.35577061,-62.23116359,-56.07499827,-68.79201434,-58.14917129,-62.50971519,-68.16607356,-65.94543479,-55.5420351,-69.41104825,-60.50516708,-67.89760439,-57.88035583,-67.18870188,-66.86118979,-64.69493561,-54.95904382,-67.26837563,-56.68723235,-69.56658762,-59.7578833,-66.49461756
13,14,-62.83444661,-61.74036101,-49.10945616,-65.44506393,-61.32307197,-66.2874174,-58.91323811,-62.20895538,-66.757089,-63.03226919,-53.31816215,-71.85655348,-59.55432557,-66.74742267,-58.55656505,-65.45236139,-66.01445773,-63.6261933,-53.53053121,-66.97977603,-58.47666772,-66.34267257,-61.39623929,-63.42669925
13,15,-61.97238057,-62.65777319,-54.65958275,-65.63145675,-62.35498951,-62.28473897,-62.28882943,-60.72243945,-67.70774108,-63.70513824,-55.68371407,-69.92119766,-58.71821786,-64.8065798,-60.43368308,-64.36112087,-66.71081158,-67.89422439,-56.86575168,-67.55400305,-61.17440451,-63.54600165,-61.38196253,-62.59258012
14,15,-63.60610467,-69.7993078,-58.06153928,-64.72618258,-62.95281694,-64.4895171,-60.19702755,-62.23659817,-65.59265609,-69.22117738,-48.89754702,-70.14163604,-58.87241304,-64.46043006,-60.95158878,-65.34358318,-65.97937517,-68.27691245,-49.14145714,-69.74188184,-59.66995302,-62.687434,-63.09431756,-65.47720209
14,14,-64.68856314,-65.25379751,-52.08143756,-62.63557964,-63.94757726,-65.28533834,-74.37500526,-61.82853522,-66.25648394,-64.33776916,-58.50162864,-69.8225982,-59.44886464,-66.03594184,-58.74834874,-65.46797568,-68.37159799,-64.77387124,-56.7633604,-69.15266419,-59.54749657,-65.98616448,-60.22935951,-64.1545777
14,13,-66.66642518,-68.21771087,-53.34159077,-61.71072796,-55.95709684,-66.36696221,-58.84275765,-64.37678526,-66.1946982,-67.75767746,-52.19287583,-69.41066105,-59.51458345,-67.13374588,-57.33244205,-68.28406218,-68.92615314,-67.17051099,-51.34125504,-70.50820134,-58.73816525,-67.96093336,-55.94838022,-68.61000223
14,12,-66.45018327,-65.31029596,-62.91899538,-61.65042081,-53.26764237,-66.9361119,-59.21530974,-62.23523876,-68.21276755,-65.3061226,-61.54339978,-67.70556752,-56.56982072,-67.56494892,-57.29319383,-64.68574481,-68.40903758,-64.06077394,-58.8829477,-68.44830162,-59.3938812,-65.9961664,-56.75585065,-64.62816119
14,11,-67.5671683,-65.74868044,-58.64936706,-61.78255125,-49.58271003,-67.60751628,-62.24910258,-60.50812391,-69.34765942,-67.30571759,-65.74317767,-68.33428408,-50.45092323,-70.67842262,-59.4940598,-62.12980933,-68.72084618,-66.58610379,-63.25742413,-66.36483857,-51.45247733,-67.73257831,-59.51097062,-61.63669988
14,10,-66.70821455,-60.44292143,-62.6422572,-61.14698372,-52.67414898,-65.23026445,-67.9380148,-61.6580326,-69.9800612,-63.10629819,-65.13587328,-67.03298988,-55.85822972,-70.7161707,-61.34244487,-62.73105754,-68.7299805,-63.96590417,-60.53110754,-68.10620214,-58.77668961,-67.90855802,-62.30982517,-62.58526542
14,9,-69.82796644,-75.24549048,-65.6742981,-62.63947626,-55.01743111,-64.10499298,-60.12223834,-62.34692674,-72.17063787,-73.94080212,-62.7808096,-67.00042185,-55.48991366,-68.39317154,-58.09653889,-62.48047979,-73.44177095,-74.18803856,-60.51475867,-67.72058587,-58.33966826,-67.60875346,-58.64445686,-62.68001894
14,8,-70.00249736,-64.40451663,-65.33676831,-62.88012885,-55.53124026,-60.56415425,-59.19868398,-61.42801709,-72.11071786,-67.48359901,-65.84563821,-65.74171022,-57.34309132,-67.42387891,-57.26620138,-60.4737413,-77.62716626,-68.83358782,-63.98386431,-67.03705693,-54.91224063,-65.42064302,-57.00498297,-59.53330267
14,7,-74.31419064,-61.88395957,-66.50201369,-63.83575167,-48.31678494,-59.69551136,-69.90143274,-61.88296037,-73.84383701,-67.16189732,-67.59476845,-65.71231684,-46.11186998,-68.81252199,-60.34161617,-61.34112269,-70.90774709,-65.57071091,-64.264399,-64.07012424,-45.33257443,-67.00284072,-63.4940434,-59.66033466
14,6,-74.84901511,-63.34492297,-68.2525067,-66.37450388,-54.94942986,-58.79252239,-60.98303261,-64.82384395,-74.58701077,-69.29059696,-67.11083849,-67.05943928,-54.59939237,-66.80264932,-60.02219852,-63.28137029,-77.57330789,-68.88700297,-63.72970933,-69.6780575,-52.10097739,-65.24475831,-58.06010996,-60.86190046
14,5,-76.39799065,-66.05877001,-69.5078938,-66.67368231,-52.42748876,-57.19263502,-57.53879313,-58.52972411,-72.48841178,-70.57769592,-67.03299362,-69.80826257,-52.75521627,-66.31195998,-57.20807639,-62.71226698,-72.48780623,-75.58045818,-62.14717216,-70.76898719,-51.64474683,-65.69479517,-57.22401998,-58.509033
14,4,-73.87098873,-71.22023517,-74.62843069,-67.77611925,-60.2784252,-58.65339702,-59.83765504,-56.67179384,-73.22413763,-71.99624727,-66.26596228,-70.55326562,-53.39291468,-65.76935937,-58.52044908,-60.37214097,-71.33203479,-69.25730422,-63.61304211,-73.87362009,-54.7714621,-67.05380264,-58.13801176,-57.41128482
14,3,-75.20474466,-67.42482253,-77.32502486,-92.57819377,-55.47552859,-57.30006909,-56.74640005,-53.21777315,-71.89790948,-70.06936405,-68.18647433,-71.15074623,-55.64388101,-65.41365108,-57.26140782,-51.24630836,-71.30868478,-66.16860298,-63.97999544,-71.95510317,-57.20283078,-64.26816652,-56.81359392,-50.91863836
14,2,-78.90590097,-63.4427761,-70.24817295,-97.42092082,-58.07636064,-58.28508282,-58.67263075,-50.13470065,-71.82812237,-69.84179993,-68.99301362,-73.7317842,-59.54629462,-64.35659217,-58.11568525,-57.97094707,-73.75785596,-66.86296648,-64.54129477,-72.79550963,-58.85268433,-65.75944903,-56.88457462,-55.81835828
14,1,-81.32682166,-65.51518405,-72.51679435,-70.74678487,-57.75274538,-58.81041088,-61.35766259,-50.0624318,-71.87084671,-70.43381498,-70.3510186,-74.02226789,-61.08477463,-65.35882656,-61.52270063,-55.00967236,-74.0553181,-70.05238527,-67.16750795,-73.42197971,-59.86983464,-63.03557783,-59.47977369,-54.76524638
15,1,-75.67341338,-65.35434746,-69.75571753,-73.93355171,-54.66952794,-91.93688745,-62.54992424,-46.93940764,-74.06720944,-72.47854587,-70.06683357,-77.20387648,-57.41672697,-65.2090828,-58.45872192,-45.83775269,-73.16020535,-70.98961512,-67.69273493,-79.87581461,-62.27866251,-65.66711415,-59.56297215,-45.68057358
15,2,-78.41838732,-66.1811801,-71.12604877,-72.20848116,-54.49205438,-58.90890278,-58.30013676,-48.41915492,-73.42584026,-70.81016334,-68.96438237,-74.39724163,-58.88902801,-64.10696465,-58.18980993,-52.5677079,-73.52971734,-69.197145,-66.01546199,-75.94183181,-59.97262582,-69.64265318,-59.26083191,-51.00904555
15,3,-79.02309384,-67.77867691,-71.23285237,-70.13364743,-55.24722756,-59.26456135,-58.19259315,-49.38747478,-72.64657018,-71.73998098,-69.38134677,-72.50448893,-54.66243867,-64.12846458,-58.45368904,-50.64431292,-75.67400113,-68.35372655,-68.09801885,-71.27138692,-57.26159326,-66.51506253,-57.65860395,-52.20774957
15,4,-76.45971297,-75.99705598,-75.29136517,-69.35633077,-52.58746397,-59.0535945,-59.89922181,-54.3792451,-73.06246729,-72.6438418,-66.64193045,-70.92876616,-51.26236749,-66.08404486,-59.20898097,-52.90541304,-71.36812408,-70.23984705,-64.96699221,-72.68957591,-51.07083419,-66.16260387,-58.97732266,-51.60785179
15,5,-76.85737023,-73.58042516,-95.07402163,-67.13082032,-49.75012388,-58.73436753,-62.45221829,-55.09511776,-73.61160747,-70.40526864,-67.0005871,-68.70597083,-52.48478092,-65.42237043,-59.59291249,-59.76695523,-72.36847572,-76.33798671,-64.11919807,-69.64292545,-51.22337866,-70.02125411,-59.91879503,-57.30753854
15,6,-83.48785416,-96.68001512,-65.66489354,-65.48734856,-49.77681836,-58.76052126,-61.70115582,-59.32922188,-74.6474307,-68.05562755,-66.84218016,-67.83645374,-45.60785595,-65.79930847,-59.14431705,-61.9829828,-80.42836556,-72.4496422,-62.97619821,-75.4426378,-46.78764803,-66.13377728,-60.22753875,-59.69448228
15,7,-74.82336808,-64.08586757,-64.91603558,-62.73219596,-46.47345681,-62.45364436,-60.58605757,-59.9794909,-76.2974962,-65.7411828,-65.55410053,-67.35679802,-42.02517108,-69.82382195,-58.48211019,-59.38944006,-74.2399261,-68.09813825,-63.84844204,-69.56729734,-44.39955571,-65.20173697,-57.98456678,-58.6442307
15,8,-74.34223266,-62.16750402,-62.57993263,-61.55757606,-60.60031364,-65.7052663,-58.88772208,-61.22921214,-74.24053942,-68.75449973,-64.45554512,-68.78701907,-47.55629831,-69.35155713,-57.45062253,-61.42297413,-73.47039146,-66.7786235,-65.54120934,-69.72866568,-48.71237068,-67.47614332,-56.79916219,-60.81426624
15,9,-71.62709571,-70.82534196,-60.21386901,-63.24206533,-46.63859324,-68.00481322,-65.7196841,-61.71886825,-71.73457959,-71.18223526,-64.31413886,-65.58407188,-47.78521631,-69.8079673,-59.99869414,-60.98759727,-72.69490358,-68.16292741,-61.94343311,-68.97842244,-48.90061696,-66.77890085,-60.5356542,-60.29752765
15,10,-70.19230871,-73.04991216,-59.17328844,-62.25135645,-44.71748306,-72.75155723,-65.49133293,-62.32278631,-72.1402226,-66.66731733,-63.84013852,-66.60666272,-49.93518704,-68.95351256,-60.52999824,-63.95423328,-70.79582096,-69.32574339,-65.33244884,-68.36203714,-51.71411885,-69.75566909,-59.78563566,-62.85587087
15,11,-70.18556567,-69.04297066,-57.0514113,-62.30715227,-47.76673426,-74.18676072,-61.70190241,-60.70752489,-70.21888452,-71.57046784,-60.60211039,-68.2719204,-49.49237318,-68.12166991,-58.11121981,-61.86504098,-69.13099625,-67.64927293,-61.5174977,-72.63547499,-49.6713202,-71.05024536,-56.87943016,-61.67605138
15,12,-67.31123963,-67.34643793,-62.40958542,-62.34044563,-50.90143277,-67.57737984,-58.66341097,-62.41131351,-68.07629237,-66.4010818,-55.7664071,-67.83962644,-51.66821346,-67.03905206,-55.7587177,-65.45499623,-66.86867263,-65.29592562,-55.80098771,-69.97855443,-52.77607027,-66.51234229,-56.25299777,-65.07039105
15,13,-65.73690818,-65.5967582,-54.21619544,-62.54545494,-53.25433522,-62.85716271,-58.91927594,-65.82585762,-65.91692791,-65.25745396,-55.40160243,-68.82185159,-56.12168795,-65.79948103,-56.75190327,-69.80264021,-71.42886035,-67.36182359,-53.45061559,-69.56543256,-57.03956178,-62.60332116,-56.07666633,-66.1334869
15,14,-67.3573921,-71.08681898,-54.1097908,-63.78445143,-59.64244137,-66.91623101,-60.82866306,-64.42033044,-66.29830255,-71.08309246,-50.93189421,-69.88457384,-57.68625336,-64.12474101,-58.87108768,-65.98103227,-64.68107592,-73.89355156,-51.27135604,-68.01800393,-55.5852269,-68.31484458,-59.23880464,-65.16109846
15,15,-81.83425681,-65.86498968,-47.27625908,-64.21075045,-60.29931501,-63.61221246,-64.01041219,-63.49266845,-67.31235733,-68.9638967,-46.88698699,-72.36401087,-56.89252015,-62.61477994,-62.11403202,-65.36538346,-71.17534258,-67.67331966,-44.69657429,-72.7252909,-59.59865629,-61.92919916,-64.12621009,-64.32971161
