x,y,ble_rssi1,ble_rssi2,ble_rssi3,ble_rssi4,sle_rssi1,sle_rssi2,sle_rssi3,sle_rssi4
0.5,1.0,-50.97885614,-51.72903759,-42.1553635,-47.57759647,-50.73425959,-54.80312044,-43.37711468,-48.44154735
0.5,1.5,-51.23184388,-48.56540895,-43.70420645,-55.91110878,-51.75027361,-52.70209499,-42.50772175,-52.09606095
0.5,2.0,-49.11651619,-51.17349891,-45.92754718,-59.87652694,-53.6150321,-52.69198593,-45.60036438,-57.72885809
0.5,3.0,-56.13413974,-51.49188315,-56.85519565,-60.17661342,-49.73627398,-55.8118425,-51.41032164,-57.84624467
0.5,3.5,-49.06702644,-59.18472123,-48.49114058,-57.19928043,-52.60033337,-52.20650209,-49.79880562,-59.79653701
0.5,4.0,-51.40580196,-56.05286014,-47.26427784,-58.67969795,-50.53236276,-58.10786902,-50.78771667,-57.19426744
1.0,0.5,-54.07460861,-54.28157483,-47.14559508,-53.24339392,-57.60610259,-51.56963547,-41.72088181,-49.81404976
1.0,1.0,-56.29776775,-60.11196917,-43.40761057,-56.49655197,-56.23092551,-55.59282533,-41.73279878,-52.6003139
1.0,1.5,-50.22859592,-53.20763563,-44.89143025,-54.41053537,-50.27183323,-54.62885516,-43.51721205,-53.12367165
1.0,2.0,-51.16378821,-63.92481922,-50.19417465,-54.17870402,-52.34992472,-55.07904131,-50.24126758,-53.45009543
1.0,2.5,-57.92789309,-51.58998129,-47.21984156,-53.57250566,-53.74822974,-50.90925899,-45.60701105,-56.09884281
1.0,3.0,-50.69214101,-54.97257798,-48.37528349,-57.98968381,-51.90369181,-52.87188748,-50.41380273,-55.46904534
1.0,3.5,-52.40810195,-49.26110231,-54.36583609,-58.43810104,-49.16720786,-55.92997663,-52.1899296,-56.44298326
1.0,4.0,-49.08458231,-53.00417425,-52.78997079,-59.66520659,-50.56563259,-51.01753097,-50.17332572,-58.43674964
1.0,4.5,-41.95172331,-53.6277126,-52.54481198,-59.3228432,-40.15194418,-51.78195689,-52.9470056,-59.81155124
1.5,0.5,-55.76879781,-53.56871412,-43.41818841,-50.81216818,-54.95459122,-53.42269849,-42.31575246,-54.20244321
1.5,1.0,-53.65292475,-53.32617158,-46.50844632,-47.47946001,-53.63986587,-57.30955235,-43.39801026,-50.89255278
1.5,1.5,-53.1161138,-53.31273161,-45.17020912,-55.95517691,-56.87669647,-57.04289418,-45.76087089,-56.11769193
1.5,2.0,-52.53419338,-51.99755157,-46.43227188,-59.00870729,-53.48839248,-51.1597516,-49.45395879,-52.77233506
1.5,2.5,-48.73779892,-54.77160577,-47.52081079,-62.96592146,-49.37074164,-53.95884882,-49.00360358,-57.16914602
1.5,3.0,-52.69996288,-53.51492759,-52.81464357,-56.05646245,-50.38211701,-52.57374711,-51.24066396,-56.39372475
1.5,3.5,-52.93310689,-51.84891143,-50.29166102,-58.81321645,-52.00620823,-53.13100501,-54.42911716,-56.22505008
1.5,4.0,-50.44604912,-52.3306114,-54.8217092,-56.07010791,-50.66280685,-51.53470285,-53.79605287,-57.99511569
1.5,4.5,-43.59376574,-50.14894952,-54.79108075,-53.62425898,-45.64937083,-51.40957463,-55.05472325,-53.90344638
2.0,0.5,-55.40552526,-52.23522585,-51.19403212,-57.4686701,-51.75829129,-51.08013205,-47.94812433,-54.11044791
2.0,1.0,-51.52062759,-54.41023244,-46.60758366,-51.74781629,-52.80983433,-50.94126938,-48.02677376,-50.39957978
2.0,1.5,-55.85255408,-52.75664946,-54.70134795,-53.85820933,-55.46461973,-52.08893414,-48.16130396,-48.08606979
2.0,2.0,-53.14389664,-50.21742723,-52.29988804,-55.18746979,-52.33479603,-54.78743653,-50.82122446,-57.71430978
2.0,2.5,-52.0687079,-49.88390609,-45.49802446,-59.11601545,-55.10768999,-52.8319006,-49.32454645,-55.84979953
2.0,3.0,-56.09018489,-51.60262924,-53.20956256,-53.74819949,-53.47271221,-52.97544241,-48.78743742,-51.90158551
2.0,3.5,-54.07708459,-49.67890748,-54.99877904,-57.0728579,-55.23402037,-52.02558563,-50.71205168,-59.14825053
2.0,4.0,-53.17689824,-52.59038331,-53.43149211,-53.22044588,-52.65600053,-49.45410215,-56.41280308,-51.36088186
2.0,4.5,-48.1851516,-49.93014941,-51.81793114,-52.54958232,-49.84830242,-51.13624955,-53.70781622,-54.81521977
2.5,1.0,-52.74590319,-48.68881225,-47.13402139,-54.15700181,-54.64336659,-50.27447268,-48.48857324,-50.93312558
2.5,1.5,-54.94437533,-54.60108409,-54.26044618,-60.37308789,-52.19950379,-52.31365848,-49.97284528,-53.7868129
2.5,2.0,-53.15521534,-52.53704053,-51.59767523,-59.2149597,-51.67277189,-52.75685996,-51.98458479,-56.5075345
2.5,3.0,-56.96419285,-51.44298465,-50.18576949,-55.88079398,-56.30810308,-47.87028727,-52.24916804,-51.78047913
2.5,3.5,-50.34718909,-49.06299524,-50.56570802,-54.07035991,-50.29924789,-45.61069732,-54.55321916,-51.86938202
2.5,4.0,-57.60783064,-49.93531233,-54.96531174,-58.84563413,-56.34010092,-46.40472469,-54.13486581,-57.37503681
3.0,0.5,-59.51453904,-54.18613986,-53.44323165,-47.74337995,-56.29548825,-53.3735131,-55.2089523,-51.2858232
3.0,1.0,-53.98889638,-54.70035723,-47.52610211,-51.8153477,-52.09129146,-52.15300669,-48.4496596,-51.12297387
3.0,1.5,-52.39364133,-50.0635175,-54.17003396,-57.80200748,-51.40679525,-50.45956482,-51.16500845,-55.52396798
3.0,2.0,-55.94520111,-50.9352419,-52.67197392,-50.9447622,-51.82938685,-49.77242254,-48.56430404,-50.99133754
3.0,2.5,-55.56011188,-48.04998062,-52.59376288,-53.4954307,-51.68353117,-47.50701928,-49.84535767,-52.09718158
3.0,3.0,-47.74397158,-49.24156108,-49.96912395,-54.80269526,-50.80399082,-46.9510373,-51.30567108,-55.68460159
3.0,3.5,-57.17608199,-48.94310123,-53.54433484,-56.48051408,-52.62878302,-48.30161355,-51.45363235,-55.56116949
3.0,4.0,-57.46058552,-48.13385235,-53.20648842,-54.04285777,-52.09388954,-48.33999919,-51.16917702,-53.61367791
3.0,4.5,-51.37040969,-46.79184162,-55.50545582,-55.67287022,-49.66362219,-49.35546969,-53.61651973,-52.26891166
3.5,0.5,-51.46126384,-56.05279123,-52.60283338,-47.1493559,-55.47092786,-52.73961782,-48.6484,-47.60529956
3.5,1.0,-54.35103557,-56.06942577,-59.12136916,-49.63639778,-51.66803035,-54.7138944,-51.3511079,-48.96026752
3.5,1.5,-50.35988484,-48.82768649,-50.56095179,-54.51503496,-50.30925552,-51.4290206,-54.03908845,-51.46102976
3.5,2.0,-59.91303925,-55.50347855,-49.48138533,-50.53505652,-53.88063833,-50.01507735,-48.53721701,-50.29185923
3.5,2.5,-54.18720195,-43.86816749,-53.73362424,-58.55031994,-51.31165097,-43.01188964,-49.52392322,-53.39613168
3.5,3.0,-51.12901364,-48.07074895,-54.35552289,-66.4058646,-56.02080543,-47.89604407,-53.6614025,-57.00896192
3.5,3.5,-54.10434031,-46.69611277,-51.74573832,-56.39251023,-53.71278181,-44.3969899,-52.97657367,-55.32330179
3.5,4.0,-56.03124068,-42.26529381,-52.80999803,-55.29410558,-54.69035775,-43.36022373,-55.76569197,-56.1493513
3.5,4.5,-52.60123454,-44.57215171,-52.30064806,-57.35845295,-55.44611903,-48.21134897,-52.92859189,-56.08357549
4.0,0.5,-59.60120463,-51.40481811,-48.4328664,-45.3751169,-57.19041762,-54.04785943,-53.50196292,-45.80860845
4.0,1.0,-61.12983782,-50.53506286,-56.27684082,-49.43588952,-53.03177625,-47.81103964,-53.7453194,-52.92878468
4.0,1.5,-63.28878279,-51.92568371,-50.46999351,-47.82951188,-57.9478486,-48.52901043,-48.48518964,-47.14017828
4.0,2.0,-57.42449578,-45.94146849,-56.18392993,-47.13789768,-52.77956094,-45.74189591,-51.13722868,-47.77604384
4.0,2.5,-48.67208453,-53.7070181,-50.58185367,-54.64636576,-53.92389373,-46.17365129,-51.79925668,-54.37076158
4.0,3.0,-52.50532275,-47.20241367,-56.95348516,-51.05871271,-53.47383985,-45.94918355,-56.77668295,-53.33525282
4.0,3.5,-56.72550549,-42.85199354,-50.94931558,-49.17995483,-53.44367078,-44.94245255,-53.23803399,-50.72453109
4.0,4.0,-52.71531352,-46.00787624,-57.29466692,-50.63360112,-51.22486022,-46.56166055,-53.48015193,-51.21383265
4.0,4.5,-50.88286625,-43.14766081,-57.93750161,-51.8906609,-53.21571235,-44.80616599,-53.32599432,-53.85501286
4.5,1.0,-57.64311421,-46.92670294,-57.88971233,-42.52821712,-60.00179682,-47.29684248,-51.98516274,-48.37709521
4.5,1.5,-52.03157443,-48.9630377,-52.83057365,-46.45470755,-53.64095671,-48.44801442,-54.98980152,-47.65206785
4.5,2.0,-60.15728263,-48.17082615,-57.41567725,-47.76253423,-63.93468857,-45.62754321,-53.86020782,-47.57629638
4.5,3.0,-50.84809819,-46.76545716,-54.76455369,-49.65896592,-51.06592596,-47.82407829,-54.43145366,-46.36624424
4.5,3.5,-54.13734737,-44.16678406,-54.13412543,-52.38323292,-54.12962943,-43.82990062,-51.32216944,-51.75062451
4.5,4.0,-55.20087352,-41.38023883,-52.18702231,-54.50043166,-52.1547086,-44.84984475,-53.13904061,-48.97020573
