x,y,wifi_rssi1,wifi_rssi2,wifi_rssi3,wifi_rssi4,sle_rssi1,sle_rssi2,sle_rssi3,sle_rssi4,ble_rssi1,ble_rssi2,ble_rssi3,ble_rssi4
0.5,1.0,-53.18425313,-56.7457716,-48.80256524,-58.86717793,-50.73425959,-54.80312044,-43.37711468,-48.44154735,-50.97885614,-51.72903759,-42.1553635,-47.57759647
0.5,1.5,-53.76305205,-54.89273181,-51.85069579,-64.23302562,-51.75027361,-52.70209499,-42.50772175,-52.09606095,-51.23184388,-48.56540895,-43.70420645,-55.91110878
0.5,2.0,-57.13094591,-59.09497209,-47.77713278,-65.77062612,-53.6150321,-52.69198593,-45.60036438,-57.72885809,-49.11651619,-51.17349891,-45.92754718,-59.87652694
0.5,3.0,-57.03178636,-58.17484938,-54.54510897,-66.20146144,-49.73627398,-55.8118425,-51.41032164,-57.84624467,-56.13413974,-51.49188315,-56.85519565,-60.17661342
0.5,3.5,-52.93840517,-58.54670162,-57.90761658,-63.12529588,-52.60033337,-52.20650209,-49.79880562,-59.79653701,-49.06702644,-59.18472123,-48.49114058,-57.19928043
0.5,4.0,-46.6115437,-54.84843277,-54.76314982,-60.98074917,-50.53236276,-58.10786902,-50.78771667,-57.19426744,-51.40580196,-56.05286014,-47.26427784,-58.67969795
1.0,0.5,-61.12914326,-52.9960613,-44.08670519,-50.62382334,-57.60610259,-51.56963547,-41.72088181,-49.81404976,-54.07460861,-54.28157483,-47.14559508,-53.24339392
1.0,1.0,-66.34011194,-56.50208381,-47.23115568,-64.14090801,-56.23092551,-55.59282533,-41.73279878,-52.6003139,-56.29776775,-60.11196917,-43.40761057,-56.49655197
1.0,1.5,-49.33192774,-54.20733607,-57.31528656,-58.78682345,-50.27183323,-54.62885516,-43.51721205,-53.12367165,-50.22859592,-53.20763563,-44.89143025,-54.41053537
1.0,2.0,-62.34420745,-49.31446051,-56.11403708,-55.37072261,-52.34992472,-55.07904131,-50.24126758,-53.45009543,-51.16378821,-63.92481922,-50.19417465,-54.17870402
1.0,2.5,-57.71481817,-54.89397512,-49.45904123,-58.53972873,-53.74822974,-50.90925899,-45.60701105,-56.09884281,-57.92789309,-51.58998129,-47.21984156,-53.57250566
1.0,3.0,-54.98487092,-63.31049829,-58.41776904,-56.83363575,-51.90369181,-52.87188748,-50.41380273,-55.46904534,-50.69214101,-54.97257798,-48.37528349,-57.98968381
1.0,3.5,-57.30662678,-58.97500993,-57.13294034,-61.90596303,-49.16720786,-55.92997663,-52.1899296,-56.44298326,-52.40810195,-49.26110231,-54.36583609,-58.43810104
1.0,4.0,-59.77246469,-60.94081757,-56.24406418,-60.34134611,-50.56563259,-51.01753097,-50.17332572,-58.43674964,-49.08458231,-53.00417425,-52.78997079,-59.66520659
1.0,4.5,-40.89334432,-61.11091025,-50.16342947,-59.14853523,-40.15194418,-51.78195689,-52.9470056,-59.81155124,-41.95172331,-53.6277126,-52.54481198,-59.3228432
1.5,0.5,-61.63199961,-46.73905454,-49.09784789,-62.83447372,-54.95459122,-53.42269849,-42.31575246,-54.20244321,-55.76879781,-53.56871412,-43.41818841,-50.81216818
1.5,1.0,-54.82319185,-53.94052232,-47.22568269,-62.44133313,-53.63986587,-57.30955235,-43.39801026,-50.89255278,-53.65292475,-53.32617158,-46.50844632,-47.47946001
1.5,1.5,-57.73637493,-57.98558179,-51.9510713,-52.88912644,-56.87669647,-57.04289418,-45.76087089,-56.11769193,-53.1161138,-53.31273161,-45.17020912,-55.95517691
1.5,2.0,-57.0218299,-57.07108019,-50.01494626,-51.10429851,-53.48839248,-51.1597516,-49.45395879,-52.77233506,-52.53419338,-51.99755157,-46.43227188,-59.00870729
1.5,2.5,-64.32650922,-60.19796687,-54.48247626,-53.91194647,-49.37074164,-53.95884882,-49.00360358,-57.16914602,-48.73779892,-54.77160577,-47.52081079,-62.96592146
1.5,3.0,-62.28208538,-50.17953742,-46.64887063,-61.18981957,-50.38211701,-52.57374711,-51.24066396,-56.39372475,-52.69996288,-53.51492759,-52.81464357,-56.05646245
1.5,3.5,-52.61068506,-51.3303462,-54.66495558,-59.17947518,-52.00620823,-53.13100501,-54.42911716,-56.22505008,-52.93310689,-51.84891143,-50.29166102,-58.81321645
1.5,4.0,-54.43356292,-54.49526909,-61.71271008,-54.42171522,-50.66280685,-51.53470285,-53.79605287,-57.99511569,-50.44604912,-52.3306114,-54.8217092,-56.07010791
1.5,4.5,-44.63570351,-58.0704493,-58.83470034,-51.48122713,-45.64937083,-51.40957463,-55.05472325,-53.90344638,-43.59376574,-50.14894952,-54.79108075,-53.62425898
2.0,0.5,-65.14218708,-53.59801149,-49.23416684,-61.9320424,-51.75829129,-51.08013205,-47.94812433,-54.11044791,-55.40552526,-52.23522585,-51.19403212,-57.4686701
2.0,1.0,-57.04001516,-58.6532717,-49.98769094,-57.08097336,-52.80983433,-50.94126938,-48.02677376,-50.39957978,-51.52062759,-54.41023244,-46.60758366,-51.74781629
2.0,1.5,-58.94387168,-56.03733944,-52.19702098,-56.9558821,-55.46461973,-52.08893414,-48.16130396,-48.08606979,-55.85255408,-52.75664946,-54.70134795,-53.85820933
2.0,2.0,-48.23772156,-56.51182645,-53.27088242,-54.79394546,-52.33479603,-54.78743653,-50.82122446,-57.71430978,-53.14389664,-50.21742723,-52.29988804,-55.18746979
2.0,2.5,-59.14546137,-53.31047208,-48.17164998,-58.27582816,-55.10768999,-52.8319006,-49.32454645,-55.84979953,-52.0687079,-49.88390609,-45.49802446,-59.11601545
2.0,3.0,-53.23986888,-47.41427385,-53.50609641,-60.12590067,-53.47271221,-52.97544241,-48.78743742,-51.90158551,-56.09018489,-51.60262924,-53.20956256,-53.74819949
2.0,3.5,-62.1525903,-56.37391295,-53.16138278,-57.06010204,-55.23402037,-52.02558563,-50.71205168,-59.14825053,-54.07708459,-49.67890748,-54.99877904,-57.0728579
2.0,4.0,-58.48872175,-54.72216883,-54.49429852,-51.1609435,-52.65600053,-49.45410215,-56.41280308,-51.36088186,-53.17689824,-52.59038331,-53.43149211,-53.22044588
2.0,4.5,-47.72792866,-53.88084218,-56.9054949,-59.23523223,-49.84830242,-51.13624955,-53.70781622,-54.81521977,-48.1851516,-49.93014941,-51.81793114,-52.54958232
2.5,1.0,-57.18314748,-49.40473999,-47.22281055,-53.60060776,-54.64336659,-50.27447268,-48.48857324,-50.93312558,-52.74590319,-48.68881225,-47.13402139,-54.15700181
2.5,1.5,-57.51712002,-51.32217991,-56.52436167,-66.67608742,-52.19950379,-52.31365848,-49.97284528,-53.7868129,-54.94437533,-54.60108409,-54.26044618,-60.37308789
2.5,2.0,-51.33688832,-50.0151597,-60.88732402,-53.48200319,-51.67277189,-52.75685996,-51.98458479,-56.5075345,-53.15521534,-52.53704053,-51.59767523,-59.2149597
2.5,3.0,-65.25612987,-49.60312843,-52.49744285,-53.47592905,-56.30810308,-47.87028727,-52.24916804,-51.78047913,-56.96419285,-51.44298465,-50.18576949,-55.88079398
2.5,3.5,-57.63036175,-47.35378939,-57.31682176,-52.04763127,-50.29924789,-45.61069732,-54.55321916,-51.86938202,-50.34718909,-49.06299524,-50.56570802,-54.07035991
2.5,4.0,-60.5961244,-49.42935323,-62.32666387,-54.81159863,-56.34010092,-46.40472469,-54.13486581,-57.37503681,-57.60783064,-49.93531233,-54.96531174,-58.84563413
3.0,0.5,-57.22760842,-54.83370018,-60.71742772,-58.37042075,-56.29548825,-53.3735131,-55.2089523,-51.2858232,-59.51453904,-54.18613986,-53.44323165,-47.74337995
3.0,1.0,-65.97322984,-51.16655831,-54.15854412,-53.25404866,-52.09129146,-52.15300669,-48.4496596,-51.12297387,-53.98889638,-54.70035723,-47.52610211,-51.8153477
3.0,1.5,-62.58557188,-46.39768119,-51.73698839,-65.10807492,-51.40679525,-50.45956482,-51.16500845,-55.52396798,-52.39364133,-50.0635175,-54.17003396,-57.80200748
3.0,2.0,-55.30497402,-49.59278104,-55.40452302,-53.10966474,-51.82938685,-49.77242254,-48.56430404,-50.99133754,-55.94520111,-50.9352419,-52.67197392,-50.9447622
3.0,2.5,-65.10221866,-47.66278056,-53.94110359,-50.30180919,-51.68353117,-47.50701928,-49.84535767,-52.09718158,-55.56011188,-48.04998062,-52.59376288,-53.4954307
3.0,3.0,-60.59840966,-58.68685299,-52.16388948,-55.69704329,-50.80399082,-46.9510373,-51.30567108,-55.68460159,-47.74397158,-49.24156108,-49.96912395,-54.80269526
3.0,3.5,-57.2007872,-51.51016051,-50.61604255,-51.93364136,-52.62878302,-48.30161355,-51.45363235,-55.56116949,-57.17608199,-48.94310123,-53.54433484,-56.48051408
3.0,4.0,-51.43920035,-55.20221906,-55.10614255,-53.43763665,-52.09388954,-48.33999919,-51.16917702,-53.61367791,-57.46058552,-48.13385235,-53.20648842,-54.04285777
3.0,4.5,-52.59134984,-47.27857838,-65.43390394,-60.19375628,-49.66362219,-49.35546969,-53.61651973,-52.26891166,-51.37040969,-46.79184162,-55.50545582,-55.67287022
3.5,0.5,-57.37671231,-56.22214475,-52.03102446,-53.88444027,-55.47092786,-52.73961782,-48.6484,-47.60529956,-51.46126384,-56.05279123,-52.60283338,-47.1493559
3.5,1.0,-57.79173159,-58.98434331,-59.33954242,-49.44374829,-51.66803035,-54.7138944,-51.3511079,-48.96026752,-54.35103557,-56.06942577,-59.12136916,-49.63639778
3.5,1.5,-58.47765744,-49.31196328,-56.01086091,-45.22224712,-50.30925552,-51.4290206,-54.03908845,-51.46102976,-50.35988484,-48.82768649,-50.56095179,-54.51503496
3.5,2.0,-55.38063669,-48.04642583,-58.73461655,-61.45512551,-53.88063833,-50.01507735,-48.53721701,-50.29185923,-59.91303925,-55.50347855,-49.48138533,-50.53505652
3.5,2.5,-54.98812928,-46.41154904,-56.25962584,-55.47413199,-51.31165097,-43.01188964,-49.52392322,-53.39613168,-54.18720195,-43.86816749,-53.73362424,-58.55031994
3.5,3.0,-58.1018556,-55.04577341,-53.01936814,-58.56994325,-56.02080543,-47.89604407,-53.6614025,-57.00896192,-51.12901364,-48.07074895,-54.35552289,-66.4058646
3.5,3.5,-61.59007679,-44.01792455,-56.80016658,-54.74828041,-53.71278181,-44.3969899,-52.97657367,-55.32330179,-54.10434031,-46.69611277,-51.74573832,-56.39251023
3.5,4.0,-49.84477972,-48.22921074,-52.84971921,-58.82292731,-54.69035775,-43.36022373,-55.76569197,-56.1493513,-56.03124068,-42.26529381,-52.80999803,-55.29410558
3.5,4.5,-65.64697498,-46.78387883,-67.58216641,-60.15817948,-55.44611903,-48.21134897,-52.92859189,-56.08357549,-52.60123454,-44.57215171,-52.30064806,-57.35845295
4.0,0.5,-53.97767414,-59.44092245,-62.50971198,-53.09238922,-57.19041762,-54.04785943,-53.50196292,-45.80860845,-59.60120463,-51.40481811,-48.4328664,-45.3751169
4.0,1.0,-55.17880181,-50.61959082,-62.13740178,-44.57113985,-53.03177625,-47.81103964,-53.7453194,-52.92878468,-61.12983782,-50.53506286,-56.27684082,-49.43588952
4.0,1.5,-63.1624683,-54.66220653,-56.52294359,-49.53959049,-57.9478486,-48.52901043,-48.48518964,-47.14017828,-63.28878279,-51.92568371,-50.46999351,-47.82951188
4.0,2.0,-53.97528174,-49.50807672,-57.70111373,-67.22357137,-52.77956094,-45.74189591,-51.13722868,-47.77604384,-57.42449578,-45.94146849,-56.18392993,-47.13789768
4.0,2.5,-56.03444713,-58.43596466,-56.40173345,-56.26161879,-53.92389373,-46.17365129,-51.79925668,-54.37076158,-48.67208453,-53.7070181,-50.58185367,-54.64636576
4.0,3.0,-57.83171959,-44.69788343,-56.89714647,-56.73882435,-53.47383985,-45.94918355,-56.77668295,-53.33525282,-52.50532275,-47.20241367,-56.95348516,-51.05871271
4.0,3.5,-60.29595143,-52.92329313,-55.24312137,-51.75234917,-53.44367078,-44.94245255,-53.23803399,-50.72453109,-56.72550549,-42.85199354,-50.94931558,-49.17995483
4.0,4.0,-59.81331095,-48.11662179,-54.03706464,-50.94555756,-51.22486022,-46.56166055,-53.48015193,-51.21383265,-52.71531352,-46.00787624,-57.29466692,-50.63360112
4.0,4.5,-56.45837314,-44.85631291,-58.55303273,-53.97708759,-53.21571235,-44.80616599,-53.32599432,-53.85501286,-50.88286625,-43.14766081,-57.93750161,-51.8906609
4.5,1.0,-57.145069,-48.38011374,-53.75680476,-55.80009923,-60.00179682,-47.29684248,-51.98516274,-48.37709521,-57.64311421,-46.92670294,-57.88971233,-42.52821712
4.5,1.5,-51.75980821,-51.763041,-53.34845123,-46.43327247,-53.64095671,-48.44801442,-54.98980152,-47.65206785,-52.03157443,-48.9630377,-52.83057365,-46.45470755
4.5,2.0,-61.29041607,-46.82238468,-53.58043863,-56.02374083,-63.93468857,-45.62754321,-53.86020782,-47.57629638,-60.15728263,-48.17082615,-57.41567725,-47.76253423
4.5,3.0,-55.821963,-44.43090505,-62.09258067,-52.58282901,-51.06592596,-47.82407829,-54.43145366,-46.36624424,-50.84809819,-46.76545716,-54.76455369,-49.65896592
4.5,3.5,-56.37334679,-49.4408151,-55.06960871,-52.01839579,-54.12962943,-43.82990062,-51.32216944,-51.75062451,-54.13734737,-44.16678406,-54.13412543,-52.38323292
4.5,4.0,-63.78355759,-42.76564619,-58.90344029,-53.77626023,-52.1547086,-44.84984475,-53.13904061,-48.97020573,-55.20087352,-41.38023883,-52.18702231,-54.50043166
